record_type,series_name,season_number,episode_number,runtime,created_at
rewatch,Most Dangerous Game,1,1,600,2025-06-25 15:46:34
rewatch,Most Dangerous Game,1,1,600,2025-06-25 15:46:46
rewatch,Most Dangerous Game,1,15,600,2025-06-25 15:46:34
rewatch,Most Dangerous Game,1,15,600,2025-06-25 15:46:46
rewatch,Most Dangerous Game,1,5,600,2025-06-25 15:46:34
rewatch,Most Dangerous Game,1,5,600,2025-06-25 15:46:46
rewatch,Most Dangerous Game,1,13,600,2025-06-25 15:46:34
rewatch,Most Dangerous Game,1,13,600,2025-06-25 15:46:46
rewatch,Most Dangerous Game,1,4,600,2025-06-25 15:46:34
rewatch,Most Dangerous Game,1,4,600,2025-06-25 15:46:46
rewatch,Most Dangerous Game,1,12,600,2025-06-25 15:46:34
rewatch,Most Dangerous Game,1,12,600,2025-06-25 15:46:46
rewatch,Most Dangerous Game,1,3,600,2025-06-25 15:46:34
rewatch,Most Dangerous Game,1,3,600,2025-06-25 15:46:46
rewatch,Most Dangerous Game,1,10,600,2025-06-25 15:46:34
rewatch,Most Dangerous Game,1,10,600,2025-06-25 15:46:46
rewatch,Most Dangerous Game,1,6,600,2025-06-25 15:46:34
rewatch,Most Dangerous Game,1,6,600,2025-06-25 15:46:46
rewatch,Most Dangerous Game,1,2,600,2025-06-25 15:46:34
rewatch,Most Dangerous Game,1,2,600,2025-06-25 15:46:46
rewatch,Most Dangerous Game,1,11,600,2025-06-25 15:46:34
rewatch,Most Dangerous Game,1,11,600,2025-06-25 15:46:46
rewatch,Most Dangerous Game,1,8,600,2025-06-25 15:46:34
rewatch,Most Dangerous Game,1,8,600,2025-06-25 15:46:46
rewatch,Most Dangerous Game,1,7,600,2025-06-25 15:46:34
rewatch,Most Dangerous Game,1,7,600,2025-06-25 15:46:46
rewatch,Most Dangerous Game,1,9,600,2025-06-25 15:46:34
rewatch,Most Dangerous Game,1,9,600,2025-06-25 15:46:46
rewatch,Most Dangerous Game,1,14,600,2025-06-25 15:46:34
rewatch,Most Dangerous Game,1,14,600,2025-06-25 15:46:46
watch,Ben 10: Omniverse,3,4,1380,2022-06-10 15:25:53
watch,Ben 10: Omniverse,4,13,1380,2022-06-10 15:25:53
watch,Ben 10: Omniverse,3,14,1380,2022-06-10 15:25:53
watch,Ben 10: Omniverse,4,5,1380,2022-06-10 15:25:53
watch,Ben 10: Omniverse,2,6,1380,2022-06-10 15:25:53
watch,Ben 10: Omniverse,1,10,1380,2022-06-10 15:25:53
watch,Ben 10: Omniverse,1,5,1380,2022-06-10 15:25:53
watch,Ben 10: Omniverse,2,15,1380,2022-06-10 15:25:53
watch,Ben 10: Omniverse,4,15,1380,2022-06-10 15:25:53
watch,Ben 10: Omniverse,1,6,1380,2022-06-10 15:25:53
watch,Ben 10: Omniverse,1,7,1380,2022-06-10 15:25:53
watch,Ben 10: Omniverse,3,19,1380,2022-06-10 15:25:53
watch,Ben 10: Omniverse,3,5,1380,2022-06-10 15:25:53
watch,Ben 10: Omniverse,2,7,1380,2022-06-10 15:25:53
watch,Ben 10: Omniverse,4,1,1380,2022-06-10 15:25:53
watch,Ben 10: Omniverse,2,16,1380,2022-06-10 15:25:53
watch,Ben 10: Omniverse,4,17,1380,2022-06-10 15:25:53
watch,Ben 10: Omniverse,2,10,1380,2022-06-10 15:25:53
watch,Ben 10: Omniverse,3,6,1380,2022-06-10 15:25:53
watch,Ben 10: Omniverse,4,7,1380,2022-06-10 15:25:53
watch,Ben 10: Omniverse,4,8,1380,2022-06-10 15:25:53
watch,Ben 10: Omniverse,2,2,1380,2022-06-10 15:25:53
watch,Ben 10: Omniverse,1,12,1380,2022-06-10 15:25:53
watch,Ben 10: Omniverse,4,3,1380,2022-06-10 15:25:53
watch,Ben 10: Omniverse,2,1,1380,2022-06-10 15:25:53
watch,Ben 10: Omniverse,3,2,1380,2022-06-10 15:25:53
watch,Ben 10: Omniverse,4,2,1380,2022-06-10 15:25:53
watch,Ben 10: Omniverse,4,12,1380,2022-06-10 15:25:53
watch,Ben 10: Omniverse,1,14,1380,2022-06-10 15:25:53
watch,Ben 10: Omniverse,1,4,1380,2022-06-10 15:25:53
watch,Ben 10: Omniverse,3,8,1380,2022-06-10 15:25:53
watch,Ben 10: Omniverse,4,18,1380,2022-06-10 15:25:53
watch,Ben 10: Omniverse,4,6,1380,2022-06-10 15:25:53
watch,Ben 10: Omniverse,1,8,1380,2022-06-10 15:25:53
watch,Ben 10: Omniverse,3,18,1380,2022-06-10 15:25:53
watch,Ben 10: Omniverse,4,11,1380,2022-06-10 15:25:53
watch,Ben 10: Omniverse,4,16,1380,2022-06-10 15:25:53
watch,Ben 10: Omniverse,3,7,1380,2022-06-10 15:25:53
watch,Ben 10: Omniverse,3,17,1380,2022-06-10 15:25:53
watch,Ben 10: Omniverse,1,2,1380,2022-06-10 15:25:53
watch,Ben 10: Omniverse,2,20,1380,2022-06-10 15:25:53
watch,Ben 10: Omniverse,1,16,1380,2022-06-10 15:25:53
watch,Ben 10: Omniverse,1,19,1380,2022-06-10 15:25:53
watch,Ben 10: Omniverse,3,15,1380,2022-06-10 15:25:53
watch,Ben 10: Omniverse,1,1,1380,2022-06-10 15:25:53
watch,Ben 10: Omniverse,1,11,1380,2022-06-10 15:25:53
watch,Ben 10: Omniverse,3,13,1380,2022-06-10 15:25:53
watch,Ben 10: Omniverse,2,4,1380,2022-06-10 15:25:53
watch,Ben 10: Omniverse,3,3,1380,2022-06-10 15:25:53
watch,Ben 10: Omniverse,2,11,1380,2022-06-10 15:25:53
watch,Ben 10: Omniverse,1,18,1380,2022-06-10 15:25:53
watch,Ben 10: Omniverse,2,12,1380,2022-06-10 15:25:53
watch,Ben 10: Omniverse,4,20,1380,2022-06-10 15:25:53
watch,Ben 10: Omniverse,2,17,1380,2022-06-10 15:25:53
watch,Ben 10: Omniverse,1,3,1380,2022-06-10 15:25:53
watch,Ben 10: Omniverse,2,19,1380,2022-06-10 15:25:53
watch,Ben 10: Omniverse,2,5,1380,2022-06-10 15:25:53
watch,Ben 10: Omniverse,4,10,1380,2022-06-10 15:25:53
watch,Ben 10: Omniverse,3,1,1380,2022-06-10 15:25:53
watch,Ben 10: Omniverse,3,12,1380,2022-06-10 15:25:53
watch,Ben 10: Omniverse,4,19,1380,2022-06-10 15:25:53
watch,Ben 10: Omniverse,3,10,1380,2022-06-10 15:25:53
watch,Ben 10: Omniverse,4,9,1380,2022-06-10 15:25:53
watch,Ben 10: Omniverse,2,8,1380,2022-06-10 15:25:53
watch,Ben 10: Omniverse,1,13,1380,2022-06-10 15:25:53
watch,Ben 10: Omniverse,2,18,1380,2022-06-10 15:25:53
watch,Ben 10: Omniverse,2,3,1380,2022-06-10 15:25:53
watch,Ben 10: Omniverse,2,13,1380,2022-06-10 15:25:53
watch,Ben 10: Omniverse,2,14,1380,2022-06-10 15:25:53
watch,Ben 10: Omniverse,3,11,1380,2022-06-10 15:25:53
watch,Ben 10: Omniverse,3,9,1380,2022-06-10 15:25:53
watch,Ben 10: Omniverse,4,4,1380,2022-06-10 15:25:53
watch,Ben 10: Omniverse,2,9,1380,2022-06-10 15:25:53
watch,Ben 10: Omniverse,1,9,1380,2022-06-10 15:25:53
watch,Ben 10: Omniverse,1,15,1380,2022-06-10 15:25:53
watch,Ben 10: Omniverse,1,17,1380,2022-06-10 15:25:53
watch,Ben 10: Omniverse,3,20,1380,2022-06-10 15:25:53
watch,Ben 10: Omniverse,3,16,1380,2022-06-10 15:25:53
watch,Ben 10: Omniverse,1,20,1380,2022-06-10 15:25:53
watch,Ben 10: Omniverse,4,14,1380,2022-06-10 15:25:53
watch,Marvel's Luke Cage,2,13,3360,2026-06-30 16:04:03
watch,Marvel's Luke Cage,1,10,3360,2026-04-30 14:27:40
watch,Marvel's Luke Cage,1,13,3360,2026-05-02 23:24:02
watch,Marvel's Luke Cage,1,2,3360,2026-04-26 09:12:33
watch,Marvel's Luke Cage,1,11,3360,2026-04-30 14:27:23
watch,Marvel's Luke Cage,2,8,3360,2026-06-21 21:42:56
watch,Marvel's Luke Cage,2,4,3360,2026-06-30 16:35:09
watch,Marvel's Luke Cage,2,5,3360,2026-06-30 16:35:10
watch,Marvel's Luke Cage,1,6,3360,2026-04-30 14:27:40
watch,Marvel's Luke Cage,2,6,3360,2026-06-08 16:54:30
watch,Marvel's Luke Cage,1,1,3360,2026-04-22 12:06:25
watch,Marvel's Luke Cage,2,9,3360,2026-06-30 16:03:54
watch,Marvel's Luke Cage,1,5,3360,2026-04-26 09:12:33
watch,Marvel's Luke Cage,2,1,3360,2026-06-08 09:36:36
watch,Marvel's Luke Cage,2,11,3360,2026-06-30 16:03:58
watch,Marvel's Luke Cage,1,9,3360,2026-04-30 14:27:40
watch,Marvel's Luke Cage,2,10,3360,2026-06-30 16:03:57
watch,Marvel's Luke Cage,2,3,3360,2026-06-08 16:54:21
watch,Marvel's Luke Cage,1,3,3360,2026-04-26 09:12:33
watch,Marvel's Luke Cage,1,7,3360,2026-04-30 14:27:40
watch,Marvel's Luke Cage,2,12,3360,2026-06-30 16:04:00
watch,Marvel's Luke Cage,1,12,3360,2026-05-02 21:54:34
watch,Marvel's Luke Cage,1,8,3360,2026-04-30 14:27:40
watch,Marvel's Luke Cage,1,4,3360,2026-04-26 09:12:33
watch,Marvel's Luke Cage,2,2,3360,2026-06-08 09:36:50
watch,Marvel's Luke Cage,2,7,3360,2026-06-21 21:42:58
watch,When They See Us,1,2,3840,2022-03-05 09:31:50
watch,When They See Us,1,4,3840,2022-03-05 09:31:50
watch,When They See Us,1,1,3840,2022-03-05 09:31:50
watch,When They See Us,1,3,3840,2022-03-05 09:31:50
watch,Timon & Pumbaa,3,9,720,2022-03-13 08:00:15
watch,Timon & Pumbaa,5,62,720,2022-03-13 08:00:24
watch,Timon & Pumbaa,1,25,720,2022-03-13 08:00:03
watch,Timon & Pumbaa,3,13,720,2022-03-13 08:00:15
watch,Timon & Pumbaa,2,6,720,2022-03-13 08:00:09
watch,Timon & Pumbaa,5,22,720,2022-03-13 08:00:24
watch,Timon & Pumbaa,4,11,720,2022-03-13 08:00:19
watch,Timon & Pumbaa,1,11,720,2022-03-13 08:00:03
watch,Timon & Pumbaa,5,72,720,2022-03-13 08:00:24
watch,Timon & Pumbaa,1,16,720,2022-03-13 08:00:03
watch,Timon & Pumbaa,3,24,720,2022-03-13 08:00:15
watch,Timon & Pumbaa,1,9,720,2022-03-13 08:00:03
watch,Timon & Pumbaa,5,68,720,2022-03-13 08:00:24
watch,Timon & Pumbaa,3,18,720,2022-03-13 08:00:15
watch,Timon & Pumbaa,3,6,720,2022-03-13 08:00:15
watch,Timon & Pumbaa,5,48,720,2022-03-13 08:00:24
watch,Timon & Pumbaa,2,12,720,2022-03-13 08:00:09
watch,Timon & Pumbaa,5,77,720,2022-03-13 08:00:24
watch,Timon & Pumbaa,3,5,720,2022-03-13 08:00:15
watch,Timon & Pumbaa,1,21,720,2022-03-13 08:00:03
watch,Timon & Pumbaa,1,19,720,2022-03-13 08:00:03
watch,Timon & Pumbaa,1,7,720,2022-03-13 08:00:03
watch,Timon & Pumbaa,5,45,720,2022-03-13 08:00:24
watch,Timon & Pumbaa,3,2,720,2022-03-13 08:00:15
watch,Timon & Pumbaa,3,1,720,2022-03-13 08:00:15
watch,Timon & Pumbaa,2,7,720,2022-03-13 08:00:09
watch,Timon & Pumbaa,3,4,720,2022-03-13 08:00:15
watch,Timon & Pumbaa,5,12,720,2022-03-13 08:00:24
watch,Timon & Pumbaa,5,15,720,2022-03-13 08:00:24
watch,Timon & Pumbaa,5,40,720,2022-03-13 08:00:24
watch,Timon & Pumbaa,5,69,720,2022-03-13 08:00:24
watch,Timon & Pumbaa,5,44,720,2022-03-13 08:00:24
watch,Timon & Pumbaa,5,23,720,2022-03-13 08:00:24
watch,Timon & Pumbaa,5,36,720,2022-03-13 08:00:24
watch,Timon & Pumbaa,2,11,720,2022-03-13 08:00:09
watch,Timon & Pumbaa,1,3,720,2022-03-13 08:00:03
watch,Timon & Pumbaa,3,23,720,2022-03-13 08:00:15
watch,Timon & Pumbaa,5,26,720,2022-03-13 08:00:24
watch,Timon & Pumbaa,5,31,720,2022-03-13 08:00:24
watch,Timon & Pumbaa,3,15,720,2022-03-13 08:00:15
watch,Timon & Pumbaa,2,16,720,2022-03-13 08:00:09
watch,Timon & Pumbaa,4,1,720,2022-03-13 08:00:19
watch,Timon & Pumbaa,4,6,720,2022-03-13 08:00:19
watch,Timon & Pumbaa,3,14,720,2022-03-13 08:00:15
watch,Timon & Pumbaa,1,5,720,2022-03-13 08:00:03
watch,Timon & Pumbaa,5,21,720,2022-03-13 08:00:24
watch,Timon & Pumbaa,5,19,720,2022-03-13 08:00:24
watch,Timon & Pumbaa,3,19,720,2022-03-13 08:00:15
watch,Timon & Pumbaa,1,23,720,2022-03-13 08:00:03
watch,Timon & Pumbaa,5,41,720,2022-03-13 08:00:24
watch,Timon & Pumbaa,4,2,720,2022-03-13 08:00:19
watch,Timon & Pumbaa,4,13,720,2022-03-13 08:00:19
watch,Timon & Pumbaa,3,11,720,2022-03-13 08:00:15
watch,Timon & Pumbaa,5,73,720,2022-03-13 08:00:24
watch,Timon & Pumbaa,5,51,720,2022-03-13 08:00:24
watch,Timon & Pumbaa,4,4,720,2022-03-13 08:00:19
watch,Timon & Pumbaa,5,9,720,2022-03-13 08:00:24
watch,Timon & Pumbaa,5,4,720,2022-03-13 08:00:24
watch,Timon & Pumbaa,3,16,720,2022-03-13 08:00:15
watch,Timon & Pumbaa,2,19,720,2022-03-13 08:00:09
watch,Timon & Pumbaa,3,8,720,2022-03-13 08:00:15
watch,Timon & Pumbaa,3,3,720,2022-03-13 08:00:15
watch,Timon & Pumbaa,5,61,720,2022-03-13 08:00:24
watch,Timon & Pumbaa,2,3,720,2022-03-13 08:00:09
watch,Timon & Pumbaa,5,1,720,2022-03-13 08:00:24
watch,Timon & Pumbaa,5,18,720,2022-03-13 08:00:24
watch,Timon & Pumbaa,1,10,720,2022-03-13 08:00:03
watch,Timon & Pumbaa,1,8,720,2022-03-13 08:00:03
watch,Timon & Pumbaa,5,14,720,2022-03-13 08:00:24
watch,Timon & Pumbaa,5,42,720,2022-03-13 08:00:24
watch,Timon & Pumbaa,5,24,720,2022-03-13 08:00:24
watch,Timon & Pumbaa,5,25,720,2022-03-13 08:00:24
watch,Timon & Pumbaa,5,8,720,2022-03-13 08:00:24
watch,Timon & Pumbaa,4,15,720,2022-03-13 08:00:19
watch,Timon & Pumbaa,5,53,720,2022-03-13 08:00:24
watch,Timon & Pumbaa,4,5,720,2022-03-13 08:00:19
watch,Timon & Pumbaa,3,10,720,2022-03-13 08:00:15
watch,Timon & Pumbaa,4,7,720,2022-03-13 08:00:19
watch,Timon & Pumbaa,2,14,720,2022-03-13 08:00:09
watch,Timon & Pumbaa,2,21,720,2022-03-13 08:00:09
watch,Timon & Pumbaa,5,71,720,2022-03-13 08:00:24
watch,Timon & Pumbaa,5,5,720,2022-03-13 08:00:24
watch,Timon & Pumbaa,2,5,720,2022-03-13 08:00:09
watch,Timon & Pumbaa,5,10,720,2022-03-13 08:00:24
watch,Timon & Pumbaa,5,3,720,2022-03-13 08:00:24
watch,Timon & Pumbaa,5,55,720,2022-03-13 08:00:24
watch,Timon & Pumbaa,5,39,720,2022-03-13 08:00:24
watch,Timon & Pumbaa,5,2,720,2022-03-13 08:00:24
watch,Timon & Pumbaa,2,17,720,2022-03-13 08:00:09
watch,Timon & Pumbaa,5,38,720,2022-03-13 08:00:24
watch,Timon & Pumbaa,2,8,720,2022-03-13 08:00:09
watch,Timon & Pumbaa,1,13,720,2022-03-13 08:00:03
watch,Timon & Pumbaa,5,74,720,2022-03-13 08:00:24
watch,Timon & Pumbaa,5,27,720,2022-03-13 08:00:24
watch,Timon & Pumbaa,5,17,720,2022-03-13 08:00:24
watch,Timon & Pumbaa,4,3,720,2022-03-13 08:00:19
watch,Timon & Pumbaa,5,20,720,2022-03-13 08:00:24
watch,Timon & Pumbaa,5,66,720,2022-03-13 08:00:24
watch,Timon & Pumbaa,2,15,720,2022-03-13 08:00:09
watch,Timon & Pumbaa,1,2,720,2022-03-13 08:00:03
watch,Timon & Pumbaa,1,17,720,2022-03-13 08:00:03
watch,Timon & Pumbaa,1,14,720,2022-03-13 08:00:03
watch,Timon & Pumbaa,1,4,720,2022-03-13 08:00:03
watch,Timon & Pumbaa,5,52,720,2022-03-13 08:00:24
watch,Timon & Pumbaa,5,78,720,2022-03-13 08:00:24
watch,Timon & Pumbaa,1,1,720,2022-03-13 08:00:03
watch,Timon & Pumbaa,5,29,720,2022-03-13 08:00:24
watch,Timon & Pumbaa,5,65,720,2022-03-13 08:00:24
watch,Timon & Pumbaa,2,20,720,2022-03-13 08:00:09
watch,Timon & Pumbaa,2,13,720,2022-03-13 08:00:09
watch,Timon & Pumbaa,5,75,720,2022-03-13 08:00:24
watch,Timon & Pumbaa,1,12,720,2022-03-13 08:00:03
watch,Timon & Pumbaa,5,57,720,2022-03-13 08:00:24
watch,Timon & Pumbaa,5,54,720,2022-03-13 08:00:24
watch,Timon & Pumbaa,2,10,720,2022-03-13 08:00:09
watch,Timon & Pumbaa,5,34,720,2022-03-13 08:00:24
watch,Timon & Pumbaa,5,67,720,2022-03-13 08:00:24
watch,Timon & Pumbaa,3,17,720,2022-03-13 08:00:15
watch,Timon & Pumbaa,4,8,720,2022-03-13 08:00:19
watch,Timon & Pumbaa,2,1,720,2022-03-13 08:00:09
watch,Timon & Pumbaa,3,25,720,2022-03-13 08:00:15
watch,Timon & Pumbaa,5,7,720,2022-03-13 08:00:24
watch,Timon & Pumbaa,5,58,720,2022-03-13 08:00:24
watch,Timon & Pumbaa,2,22,720,2022-03-13 08:00:09
watch,Timon & Pumbaa,5,70,720,2022-03-13 08:00:24
watch,Timon & Pumbaa,5,6,720,2022-03-13 08:00:24
watch,Timon & Pumbaa,5,46,720,2022-03-13 08:00:24
watch,Timon & Pumbaa,2,4,720,2022-03-13 08:00:09
watch,Timon & Pumbaa,5,13,720,2022-03-13 08:00:24
watch,Timon & Pumbaa,4,12,720,2022-03-13 08:00:19
watch,Timon & Pumbaa,3,7,720,2022-03-13 08:00:15
watch,Timon & Pumbaa,4,14,720,2022-03-13 08:00:19
watch,Timon & Pumbaa,5,32,720,2022-03-13 08:00:24
watch,Timon & Pumbaa,3,21,720,2022-03-13 08:00:15
watch,Timon & Pumbaa,4,10,720,2022-03-13 08:00:19
watch,Timon & Pumbaa,1,15,720,2022-03-13 08:00:03
watch,Timon & Pumbaa,1,24,720,2022-03-13 08:00:03
watch,Timon & Pumbaa,1,26,720,2022-03-13 08:00:03
watch,Timon & Pumbaa,5,60,720,2022-03-13 08:00:24
watch,Timon & Pumbaa,5,16,720,2022-03-13 08:00:24
watch,Timon & Pumbaa,5,33,720,2022-03-13 08:00:24
watch,Timon & Pumbaa,1,18,720,2022-03-13 08:00:03
watch,Timon & Pumbaa,5,63,720,2022-03-13 08:00:24
watch,Timon & Pumbaa,2,23,720,2022-03-13 08:00:09
watch,Timon & Pumbaa,1,6,720,2022-03-13 08:00:03
watch,Timon & Pumbaa,1,22,720,2022-03-13 08:00:03
watch,Timon & Pumbaa,5,37,720,2022-03-13 08:00:24
watch,Timon & Pumbaa,5,47,720,2022-03-13 08:00:24
watch,Timon & Pumbaa,3,22,720,2022-03-13 08:00:15
watch,Timon & Pumbaa,5,35,720,2022-03-13 08:00:24
watch,Timon & Pumbaa,5,50,720,2022-03-13 08:00:24
watch,Timon & Pumbaa,4,9,720,2022-03-13 08:00:19
watch,Timon & Pumbaa,2,2,720,2022-03-13 08:00:09
watch,Timon & Pumbaa,4,16,720,2022-03-13 08:00:19
watch,Timon & Pumbaa,1,20,720,2022-03-13 08:00:03
watch,Timon & Pumbaa,5,59,720,2022-03-13 08:00:24
watch,Timon & Pumbaa,3,12,720,2022-03-13 08:00:15
watch,Timon & Pumbaa,5,64,720,2022-03-13 08:00:24
watch,Timon & Pumbaa,2,9,720,2022-03-13 08:00:09
watch,Timon & Pumbaa,5,30,720,2022-03-13 08:00:24
watch,Timon & Pumbaa,5,28,720,2022-03-13 08:00:24
watch,Timon & Pumbaa,3,20,720,2022-03-13 08:00:15
watch,Timon & Pumbaa,5,49,720,2022-03-13 08:00:24
watch,Timon & Pumbaa,5,56,720,2022-03-13 08:00:24
watch,Timon & Pumbaa,2,24,720,2022-03-13 08:00:09
watch,Timon & Pumbaa,2,18,720,2022-03-13 08:00:09
watch,Timon & Pumbaa,5,11,720,2022-03-13 08:00:24
watch,Timon & Pumbaa,5,43,720,2022-03-13 08:00:24
watch,Timon & Pumbaa,5,76,720,2022-03-13 08:00:24
watch,Danny Phantom,0,0,1500,2024-08-07 06:59:08
watch,Danny Phantom,3,6,1620,2023-06-06 15:51:25
watch,Danny Phantom,0,0,1500,2024-08-07 06:59:01
watch,Danny Phantom,1,6,1620,2023-06-06 15:51:25
watch,Danny Phantom,1,15,1620,2023-06-06 15:51:25
watch,Danny Phantom,1,2,1620,2023-06-06 15:51:25
watch,Danny Phantom,2,14,1620,2023-06-06 15:51:25
watch,Danny Phantom,2,5,1500,2024-08-07 06:59:01
watch,Danny Phantom,3,9,1620,2023-06-06 15:51:25
watch,Danny Phantom,3,10,1620,2023-06-06 15:51:25
watch,Danny Phantom,1,7,1620,2023-06-06 15:51:25
watch,Danny Phantom,2,3,1620,2023-06-06 15:51:25
watch,Danny Phantom,2,1,1620,2023-06-06 15:51:25
watch,Danny Phantom,1,14,1620,2023-06-06 15:51:25
watch,Danny Phantom,1,17,1620,2023-06-06 15:51:25
watch,Danny Phantom,1,18,1620,2023-06-06 15:51:25
watch,Danny Phantom,3,4,1620,2023-06-06 15:51:25
watch,Danny Phantom,1,1,1620,2023-06-06 15:51:25
watch,Danny Phantom,2,6,1620,2023-06-06 15:51:25
watch,Danny Phantom,1,13,1620,2023-06-06 15:51:25
watch,Danny Phantom,3,11,1620,2023-06-06 15:51:25
watch,Danny Phantom,3,3,1620,2023-06-06 15:51:25
watch,Danny Phantom,1,19,1620,2023-06-06 15:51:25
watch,Danny Phantom,2,7,1620,2023-06-06 15:51:25
watch,Danny Phantom,1,10,1620,2023-06-06 15:51:25
watch,Danny Phantom,3,2,1620,2023-06-06 15:51:25
watch,Danny Phantom,3,1,1620,2023-06-06 15:51:25
watch,Danny Phantom,2,12,1620,2023-06-06 15:51:25
watch,Danny Phantom,2,19,1620,2023-06-06 15:51:25
watch,Danny Phantom,2,16,1620,2023-06-06 15:51:25
watch,Danny Phantom,3,8,1620,2023-06-06 15:51:25
watch,Danny Phantom,1,3,1620,2023-06-06 15:51:25
watch,Danny Phantom,1,20,1620,2023-06-06 15:51:25
watch,Danny Phantom,2,10,1620,2023-06-06 15:51:25
watch,Danny Phantom,2,13,1620,2023-06-06 15:51:25
watch,Danny Phantom,3,5,1620,2023-06-06 15:51:25
watch,Danny Phantom,0,0,1500,2024-08-07 06:59:01
watch,Danny Phantom,3,7,1620,2023-06-06 15:51:25
watch,Danny Phantom,1,12,1620,2023-06-06 15:51:25
watch,Danny Phantom,2,15,1620,2023-06-06 15:51:25
watch,Danny Phantom,1,5,1620,2023-06-06 15:51:25
watch,Danny Phantom,2,2,1620,2023-06-06 15:51:25
watch,Danny Phantom,1,4,1620,2023-06-06 15:51:25
watch,Danny Phantom,1,16,1620,2023-06-06 15:51:25
watch,Danny Phantom,3,12,1620,2023-06-06 15:51:25
watch,Danny Phantom,2,8,1620,2023-06-06 15:51:25
watch,Danny Phantom,1,9,1620,2023-06-06 15:51:25
watch,Danny Phantom,2,18,1620,2023-06-06 15:51:25
watch,Danny Phantom,2,17,1620,2023-06-06 15:51:25
watch,Danny Phantom,2,11,1620,2023-06-06 15:51:25
watch,Danny Phantom,1,11,1620,2023-06-06 15:51:25
watch,Danny Phantom,1,8,1620,2023-06-06 15:51:25
watch,Danny Phantom,2,4,1620,2023-06-06 15:51:25
watch,Multifaceted,1,13,2400,2022-05-10 16:22:19
watch,Multifaceted,1,20,2400,2022-05-10 16:22:19
watch,Multifaceted,1,30,2400,2022-05-10 16:22:19
watch,Multifaceted,1,2,2400,2022-05-10 16:22:19
watch,Multifaceted,1,24,2400,2022-05-10 16:22:19
watch,Multifaceted,1,10,2400,2022-05-10 16:22:19
watch,Multifaceted,1,25,2400,2022-05-10 16:22:19
watch,Multifaceted,1,16,2400,2022-05-10 16:22:19
watch,Multifaceted,1,19,2400,2022-05-10 16:22:19
watch,Multifaceted,1,14,2400,2022-05-10 16:22:19
watch,Multifaceted,1,6,2400,2022-05-10 16:22:19
watch,Multifaceted,1,27,2400,2022-05-10 16:22:19
watch,Multifaceted,1,28,2400,2022-05-10 16:22:19
watch,Multifaceted,1,3,2400,2022-05-10 16:22:19
watch,Multifaceted,1,1,2400,2022-05-10 16:22:19
watch,Multifaceted,1,21,2400,2022-05-10 16:22:19
watch,Multifaceted,1,4,2400,2022-05-10 16:22:19
watch,Multifaceted,1,23,2400,2022-05-10 16:22:19
watch,Multifaceted,1,8,2400,2022-05-10 16:22:19
watch,Multifaceted,1,11,2400,2022-05-10 16:22:19
watch,Multifaceted,1,12,2400,2022-05-10 16:22:19
watch,Multifaceted,1,22,2400,2022-05-10 16:22:19
watch,Multifaceted,1,9,2400,2022-05-10 16:22:19
watch,Multifaceted,1,18,2400,2022-05-10 16:22:19
watch,Multifaceted,1,5,2400,2022-05-10 16:22:19
watch,Multifaceted,1,26,2400,2022-05-10 16:22:19
watch,Multifaceted,1,15,2400,2022-05-10 16:22:19
watch,Multifaceted,1,7,2400,2022-05-10 16:22:19
watch,Multifaceted,1,17,2400,2022-05-10 16:22:19
watch,Multifaceted,1,29,2400,2022-05-10 16:22:19
watch,Unlocking My Heart,1,15,2520,2025-04-03 11:25:40
watch,Unlocking My Heart,1,4,2520,2025-04-03 11:25:40
watch,Unlocking My Heart,1,11,2520,2025-04-03 11:25:40
watch,Unlocking My Heart,1,14,2520,2025-04-03 11:25:40
watch,Unlocking My Heart,1,7,2520,2025-04-03 11:25:40
watch,Unlocking My Heart,1,5,2520,2025-04-03 11:25:40
watch,Unlocking My Heart,1,9,2520,2025-04-03 11:25:40
watch,Unlocking My Heart,1,6,2520,2025-04-03 11:25:40
watch,Unlocking My Heart,1,2,2520,2025-04-03 11:25:40
watch,Unlocking My Heart,1,10,2520,2025-04-03 11:25:40
watch,Unlocking My Heart,1,1,2520,2025-04-03 11:25:40
watch,Unlocking My Heart,1,12,2520,2025-04-03 11:25:40
watch,Unlocking My Heart,1,13,2520,2025-04-03 11:25:40
watch,Unlocking My Heart,1,3,2520,2025-04-03 11:25:40
watch,Unlocking My Heart,1,8,2520,2025-04-03 11:25:40
watch,Dr. STONE,4,10,1440,2025-03-21 22:08:47
watch,Dr. STONE,3,16,1440,2024-02-13 00:04:58
watch,Dr. STONE,4,3,1440,2025-03-21 22:08:47
watch,Dr. STONE,4,1,1440,2025-03-21 22:08:47
watch,Dr. STONE,4,21,1440,2025-09-23 09:51:08
watch,Dr. STONE,1,5,1440,2022-03-05 09:56:44
watch,Dr. STONE,1,9,1440,2022-03-05 09:56:44
watch,Dr. STONE,1,13,1440,2022-03-05 09:56:44
watch,Dr. STONE,2,4,0,2022-05-27 07:10:06
watch,Dr. STONE,3,9,1440,2024-02-12 23:56:01
watch,Dr. STONE,3,20,1440,2024-02-13 06:42:37
watch,Dr. STONE,4,14,1440,2025-07-21 11:48:18
watch,Dr. STONE,1,10,1440,2022-03-05 09:56:44
watch,Dr. STONE,1,7,1440,2022-03-05 09:56:44
watch,Dr. STONE,3,1,1440,2023-05-25 00:17:35
watch,Dr. STONE,4,9,1440,2025-03-21 22:08:47
watch,Dr. STONE,3,17,1440,2024-02-13 00:13:46
watch,Dr. STONE,1,16,1440,2022-03-05 09:56:44
watch,Dr. STONE,1,24,1440,2022-03-05 09:56:44
watch,Dr. STONE,3,19,1440,2024-02-13 06:42:13
watch,Dr. STONE,3,10,1440,2024-02-12 23:57:41
watch,Dr. STONE,1,23,1440,2022-03-05 09:56:44
watch,Dr. STONE,1,21,1440,2022-03-05 09:56:44
watch,Dr. STONE,3,8,1440,2023-06-23 07:28:24
watch,Dr. STONE,4,22,1440,2025-09-20 21:07:15
watch,Dr. STONE,2,10,1440,2022-05-27 07:10:25
watch,Dr. STONE,4,29,1440,2026-05-02 23:22:03
watch,Dr. STONE,1,12,1440,2022-03-05 09:56:44
watch,Dr. STONE,3,5,1440,2023-05-26 18:06:06
watch,Dr. STONE,2,3,0,2022-05-27 07:10:06
watch,Dr. STONE,4,13,1440,2025-07-13 07:02:35
watch,Dr. STONE,4,12,1440,2025-03-28 18:59:40
watch,Dr. STONE,4,26,1440,2026-04-12 20:36:45
watch,Dr. STONE,1,22,1440,2022-03-05 09:56:44
watch,Dr. STONE,1,2,1440,2022-03-05 09:56:44
watch,Dr. STONE,2,9,1440,2022-05-27 07:10:25
watch,Dr. STONE,1,20,1440,2022-03-05 09:56:44
watch,Dr. STONE,4,2,1440,2025-03-21 22:08:47
watch,Dr. STONE,1,4,1440,2022-03-05 09:56:44
watch,Dr. STONE,4,19,1440,2025-09-23 09:51:08
watch,Dr. STONE,4,16,1440,2025-09-23 09:51:05
watch,Dr. STONE,3,13,1440,2024-02-13 00:02:23
watch,Dr. STONE,4,6,1440,2025-03-21 22:08:47
watch,Dr. STONE,1,6,1440,2022-03-05 09:56:44
watch,Dr. STONE,4,4,1440,2025-03-21 22:08:47
watch,Dr. STONE,4,23,1440,2025-09-22 00:16:23
watch,Dr. STONE,1,11,1440,2022-03-05 09:56:44
watch,Dr. STONE,4,28,1440,2026-04-26 09:10:49
watch,Dr. STONE,4,17,1440,2025-09-23 09:51:05
watch,Dr. STONE,3,7,1440,2023-05-27 10:48:06
watch,Dr. STONE,4,5,1440,2025-03-21 22:08:47
watch,Dr. STONE,3,14,1440,2024-02-13 00:03:20
watch,Dr. STONE,2,1,0,2022-05-27 07:10:06
watch,Dr. STONE,4,20,1440,2025-09-23 09:51:08
watch,Dr. STONE,3,2,1440,2023-05-26 18:06:06
watch,Dr. STONE,3,4,1440,2023-05-26 18:06:06
watch,Dr. STONE,2,8,1440,2022-05-27 07:10:24
watch,Dr. STONE,4,7,1440,2025-03-21 22:08:47
watch,Dr. STONE,3,3,1440,2023-05-26 18:06:06
watch,Dr. STONE,3,15,1440,2024-02-13 00:03:43
watch,Dr. STONE,2,7,1440,2022-05-27 07:10:18
watch,Dr. STONE,1,15,1440,2022-03-05 09:56:44
watch,Dr. STONE,2,6,0,2022-05-27 07:10:06
watch,Dr. STONE,3,6,1440,2023-05-26 18:06:06
watch,Dr. STONE,1,3,1440,2022-03-05 09:56:44
watch,Dr. STONE,4,18,1440,2025-09-23 09:51:08
watch,Dr. STONE,4,11,1440,2025-03-21 22:08:52
watch,Dr. STONE,1,19,1440,2022-03-05 09:56:44
watch,Dr. STONE,2,5,0,2022-05-27 07:10:06
watch,Dr. STONE,3,12,1440,2024-02-13 00:01:25
watch,Dr. STONE,1,17,1440,2022-03-05 09:56:44
watch,Dr. STONE,2,2,0,2023-05-26 18:06:06
watch,Dr. STONE,3,18,1440,2024-02-13 06:41:41
watch,Dr. STONE,1,18,1440,2022-03-05 09:56:44
watch,Dr. STONE,1,14,1440,2022-03-05 09:56:44
watch,Dr. STONE,3,21,1440,2024-02-13 06:43:01
watch,Dr. STONE,2,11,1440,2022-05-27 07:10:25
watch,Dr. STONE,4,25,1440,2026-04-05 09:35:34
watch,Dr. STONE,1,8,1440,2022-03-05 09:56:44
watch,Dr. STONE,4,15,1440,2025-07-27 08:06:04
watch,Dr. STONE,3,22,1440,2024-02-13 09:24:35
watch,Dr. STONE,4,24,1440,2025-09-26 01:42:30
watch,Dr. STONE,4,27,1440,2026-04-17 21:32:19
watch,Dr. STONE,3,11,1440,2024-02-12 23:57:53
watch,Dr. STONE,1,1,1440,2022-03-05 09:56:44
watch,Dr. STONE,4,8,1440,2025-03-21 22:08:47
watch,The Legend of Korra,1,5,1380,2025-06-23 09:26:24
watch,The Legend of Korra,2,7,1380,2025-07-01 16:46:57
watch,The Legend of Korra,1,7,1380,2025-07-01 16:46:57
watch,The Legend of Korra,2,10,1380,2025-07-01 16:46:57
watch,The Legend of Korra,4,5,1380,2025-07-07 22:40:29
watch,The Legend of Korra,3,7,1380,2025-07-06 14:58:18
watch,The Legend of Korra,1,9,1380,2025-07-01 16:46:57
watch,The Legend of Korra,1,8,1380,2025-07-01 16:46:57
watch,The Legend of Korra,4,11,1380,2025-07-07 22:40:29
watch,The Legend of Korra,3,9,1380,2025-07-06 14:58:18
watch,The Legend of Korra,3,4,1380,2025-07-06 14:58:18
watch,The Legend of Korra,1,12,1380,2025-07-01 16:46:57
watch,The Legend of Korra,4,6,1380,2025-07-07 22:40:29
watch,The Legend of Korra,4,3,1380,2025-07-07 22:40:29
watch,The Legend of Korra,2,14,1380,2025-07-01 16:46:57
watch,The Legend of Korra,4,1,1380,2025-07-07 22:40:29
watch,The Legend of Korra,3,8,1380,2025-07-06 14:58:18
watch,The Legend of Korra,4,2,1380,2025-07-07 22:40:29
watch,The Legend of Korra,1,1,1380,2025-06-23 09:26:24
watch,The Legend of Korra,2,13,1380,2025-07-01 16:46:57
watch,The Legend of Korra,4,12,1380,2025-07-07 22:40:29
watch,The Legend of Korra,4,10,1380,2025-07-07 22:40:29
watch,The Legend of Korra,4,8,1380,2025-07-07 22:40:29
watch,The Legend of Korra,1,4,1380,2025-06-23 09:26:24
watch,The Legend of Korra,2,1,1380,2025-07-01 16:46:57
watch,The Legend of Korra,3,3,1380,2025-07-06 14:58:18
watch,The Legend of Korra,4,4,1380,2025-07-07 22:40:29
watch,The Legend of Korra,4,7,1380,2025-07-07 22:40:29
watch,The Legend of Korra,3,6,1380,2025-07-06 14:58:18
watch,The Legend of Korra,2,8,1380,2025-07-01 16:46:57
watch,The Legend of Korra,3,10,1380,2025-07-06 14:58:13
watch,The Legend of Korra,1,2,1380,2025-06-23 09:26:24
watch,The Legend of Korra,3,13,1380,2025-07-06 16:00:25
watch,The Legend of Korra,4,9,1380,2025-07-07 22:40:29
watch,The Legend of Korra,3,11,1380,2025-07-06 16:00:25
watch,The Legend of Korra,2,12,1380,2025-07-01 16:46:57
watch,The Legend of Korra,1,6,1380,2025-06-23 09:26:24
watch,The Legend of Korra,2,11,1380,2025-07-01 16:46:57
watch,The Legend of Korra,3,1,1380,2025-07-06 14:58:18
watch,The Legend of Korra,2,4,1380,2025-07-01 16:46:57
watch,The Legend of Korra,2,3,1380,2025-07-01 16:46:57
watch,The Legend of Korra,2,2,1380,2025-07-01 16:46:57
watch,The Legend of Korra,2,5,1380,2025-07-01 16:46:57
watch,The Legend of Korra,1,11,1380,2025-07-01 16:46:57
watch,The Legend of Korra,2,9,1380,2025-07-01 16:46:57
watch,The Legend of Korra,2,6,1380,2025-07-01 16:46:57
watch,The Legend of Korra,4,13,1380,2025-07-07 22:40:29
watch,The Legend of Korra,1,3,1380,2025-06-23 09:26:24
watch,The Legend of Korra,3,12,1380,2025-07-06 16:00:25
watch,The Legend of Korra,3,2,1380,2025-07-06 14:58:18
watch,The Legend of Korra,3,5,1380,2025-07-06 14:58:18
watch,The Legend of Korra,1,10,1380,2025-07-01 16:46:57
watch,The Falcon and The Winter Soldier,1,5,3000,2025-03-18 01:13:53
watch,The Falcon and The Winter Soldier,1,2,3000,2025-03-18 00:16:09
watch,The Falcon and The Winter Soldier,1,3,3000,2025-03-18 00:16:09
watch,The Falcon and The Winter Soldier,1,6,3000,2025-03-19 02:49:35
watch,The Falcon and The Winter Soldier,1,4,3000,2025-03-18 00:16:09
watch,The Falcon and The Winter Soldier,1,1,3000,2025-03-18 00:16:09
watch,Criminal: United Kingdom,1,2,2700,2024-02-12 17:20:17
watch,Criminal: United Kingdom,2,3,2700,2024-02-12 17:20:17
watch,Criminal: United Kingdom,1,3,2700,2024-02-12 17:20:17
watch,Criminal: United Kingdom,2,4,2700,2024-02-12 17:20:17
watch,Criminal: United Kingdom,1,1,2700,2024-02-12 17:20:08
watch,Criminal: United Kingdom,2,1,2700,2024-02-12 17:20:17
watch,Criminal: United Kingdom,2,2,2700,2024-02-12 17:20:17
watch,Echo,1,5,2460,2026-03-23 21:28:34
watch,Echo,1,3,2460,2026-03-23 20:48:15
watch,Echo,1,4,2460,2026-03-23 20:48:15
watch,Echo,1,1,2460,2026-03-23 20:48:15
watch,Echo,1,2,2460,2026-03-23 20:48:15
watch,Zolm El Mastaba,1,14,2280,2025-04-03 11:25:22
watch,Zolm El Mastaba,1,15,2280,2025-04-03 11:25:22
watch,Zolm El Mastaba,1,1,2460,2025-03-25 00:35:07
watch,Zolm El Mastaba,1,2,2460,2025-03-25 00:35:07
watch,Zolm El Mastaba,1,3,2460,2025-03-25 00:35:07
watch,Zolm El Mastaba,1,5,2460,2025-03-25 00:35:07
watch,Zolm El Mastaba,1,8,2460,2025-03-25 00:35:07
watch,Zolm El Mastaba,1,9,2460,2025-03-25 00:35:07
watch,Zolm El Mastaba,1,11,2280,2025-04-03 11:25:22
watch,Zolm El Mastaba,1,13,2280,2025-04-03 11:25:22
watch,Zolm El Mastaba,1,10,2460,2025-03-25 00:35:07
watch,Zolm El Mastaba,1,12,2280,2025-04-03 11:25:22
watch,Zolm El Mastaba,1,7,2460,2025-03-25 00:35:07
watch,Zolm El Mastaba,1,6,2460,2025-03-25 00:35:07
watch,Zolm El Mastaba,1,4,2460,2025-03-25 00:35:07
watch,The Last of The Schmucks,1,10,1500,2022-03-06 08:19:36
watch,The Last of The Schmucks,1,8,1500,2022-03-06 08:19:36
watch,The Last of The Schmucks,1,23,1500,2022-03-06 08:19:36
watch,The Last of The Schmucks,1,17,1500,2022-03-06 08:19:36
watch,The Last of The Schmucks,1,27,1500,2022-03-06 08:19:36
watch,The Last of The Schmucks,1,16,1500,2022-03-06 08:19:36
watch,The Last of The Schmucks,1,7,1500,2022-03-06 08:19:36
watch,The Last of The Schmucks,1,24,1500,2022-03-06 08:19:36
watch,The Last of The Schmucks,1,1,1500,2022-03-06 08:19:36
watch,The Last of The Schmucks,1,30,1500,2022-03-06 08:19:36
watch,The Last of The Schmucks,1,22,1500,2022-03-06 08:19:36
watch,The Last of The Schmucks,1,21,1500,2022-03-06 08:19:36
watch,The Last of The Schmucks,1,2,1500,2022-03-06 08:19:36
watch,The Last of The Schmucks,1,25,1500,2022-03-06 08:19:36
watch,The Last of The Schmucks,1,12,1500,2022-03-06 08:19:36
watch,The Last of The Schmucks,1,29,1500,2022-03-06 08:19:36
watch,The Last of The Schmucks,1,26,1500,2022-03-06 08:19:36
watch,The Last of The Schmucks,1,5,1500,2022-03-06 08:19:36
watch,The Last of The Schmucks,1,20,1500,2022-03-06 08:19:36
watch,The Last of The Schmucks,1,19,1500,2022-03-06 08:19:36
watch,The Last of The Schmucks,1,6,1500,2022-03-06 08:19:36
watch,The Last of The Schmucks,1,9,1500,2022-03-06 08:19:36
watch,The Last of The Schmucks,1,4,1500,2022-03-06 08:19:36
watch,The Last of The Schmucks,1,28,1500,2022-03-06 08:19:36
watch,The Last of The Schmucks,1,11,1500,2022-03-06 08:19:36
watch,The Last of The Schmucks,1,14,1500,2022-03-06 08:19:36
watch,The Last of The Schmucks,1,18,1500,2022-03-06 08:19:36
watch,The Last of The Schmucks,1,3,1500,2022-03-06 08:19:36
watch,The Last of The Schmucks,1,13,1500,2022-03-06 08:19:36
watch,The Last of The Schmucks,1,15,1500,2022-03-06 08:19:36
watch,"Remi, Nobody's Girl",1,6,1500,2023-06-06 15:52:24
watch,"Remi, Nobody's Girl",1,4,1500,2023-06-06 15:52:24
watch,"Remi, Nobody's Girl",1,16,1500,2023-06-06 15:52:24
watch,"Remi, Nobody's Girl",1,12,1500,2023-06-06 15:52:24
watch,"Remi, Nobody's Girl",1,22,0,2023-06-06 15:52:24
watch,"Remi, Nobody's Girl",1,23,0,2023-06-06 15:52:24
watch,"Remi, Nobody's Girl",1,14,1500,2023-06-06 15:52:24
watch,"Remi, Nobody's Girl",1,24,1500,2023-06-06 15:52:24
watch,"Remi, Nobody's Girl",1,26,1500,2023-06-06 15:52:24
watch,"Remi, Nobody's Girl",1,17,1500,2023-06-06 15:52:24
watch,"Remi, Nobody's Girl",1,13,1500,2023-06-06 15:52:24
watch,"Remi, Nobody's Girl",1,5,1500,2023-06-06 15:52:24
watch,"Remi, Nobody's Girl",1,20,1500,2023-06-06 15:52:24
watch,"Remi, Nobody's Girl",1,18,1500,2023-06-06 15:52:24
watch,"Remi, Nobody's Girl",1,11,1500,2023-06-06 15:52:24
watch,"Remi, Nobody's Girl",1,3,1500,2023-06-06 15:52:24
watch,"Remi, Nobody's Girl",1,2,1500,2023-06-06 15:52:24
watch,"Remi, Nobody's Girl",1,7,1500,2023-06-06 15:52:24
watch,"Remi, Nobody's Girl",1,1,1500,2023-06-06 15:52:24
watch,"Remi, Nobody's Girl",1,15,1500,2023-06-06 15:52:24
watch,"Remi, Nobody's Girl",1,10,1500,2023-06-06 15:52:24
watch,"Remi, Nobody's Girl",1,19,1500,2023-06-06 15:52:24
watch,"Remi, Nobody's Girl",1,25,1500,2023-06-06 15:52:24
watch,"Remi, Nobody's Girl",1,8,1500,2023-06-06 15:52:24
watch,"Remi, Nobody's Girl",1,9,1500,2023-06-06 15:52:24
watch,"Remi, Nobody's Girl",1,21,0,2023-06-06 15:52:24
watch,One-Punch Man,1,1,1500,2022-03-05 09:45:59
watch,One-Punch Man,2,9,1500,2022-03-05 09:46:29
watch,One-Punch Man,1,7,1500,2022-03-05 09:45:59
watch,One-Punch Man,2,11,1500,2022-03-05 09:46:29
watch,One-Punch Man,1,9,1500,2022-03-05 09:45:59
watch,One-Punch Man,1,5,1500,2022-03-05 09:45:59
watch,One-Punch Man,0,3,0,2022-03-05 09:45:59
watch,One-Punch Man,2,10,1500,2022-03-05 09:46:29
watch,One-Punch Man,1,3,1500,2022-03-05 09:45:59
watch,One-Punch Man,0,4,0,2022-03-05 09:45:59
watch,One-Punch Man,0,6,0,2022-03-05 09:45:59
watch,One-Punch Man,1,8,1500,2022-03-05 09:45:59
watch,One-Punch Man,2,8,1500,2022-03-05 09:46:29
watch,One-Punch Man,2,3,1500,2022-03-05 09:46:29
watch,One-Punch Man,1,2,1500,2022-03-05 09:45:59
watch,One-Punch Man,1,11,1500,2022-03-05 09:45:59
watch,One-Punch Man,1,6,1500,2022-03-05 09:45:59
watch,One-Punch Man,2,6,1500,2022-03-05 09:46:29
watch,One-Punch Man,2,7,1500,2022-03-05 09:46:29
watch,One-Punch Man,3,1,1440,2025-10-14 23:22:13
watch,One-Punch Man,2,2,1500,2022-03-05 09:46:29
watch,One-Punch Man,2,5,1500,2022-03-05 09:46:29
watch,One-Punch Man,1,12,1500,2022-03-05 09:45:59
watch,One-Punch Man,0,10,1500,2022-08-20 11:23:15
watch,One-Punch Man,0,8,0,2022-03-05 09:46:28
watch,One-Punch Man,2,1,1500,2022-03-05 09:46:29
watch,One-Punch Man,0,2,0,2022-03-05 09:45:59
watch,One-Punch Man,0,7,0,2022-03-05 09:45:59
watch,One-Punch Man,0,5,0,2022-03-05 09:45:59
watch,One-Punch Man,2,4,1500,2022-03-05 09:46:29
watch,One-Punch Man,0,12,1500,2022-08-20 11:23:15
watch,One-Punch Man,1,10,1500,2022-03-05 09:45:59
watch,One-Punch Man,0,9,1500,2022-08-20 11:23:15
watch,One-Punch Man,2,12,1500,2022-03-05 09:46:29
watch,One-Punch Man,0,11,1500,2022-08-20 11:23:15
watch,One-Punch Man,0,13,1500,2022-08-20 11:23:15
watch,One-Punch Man,1,4,1500,2022-03-05 09:45:59
watch,One-Punch Man,0,14,1500,2022-08-20 11:23:15
watch,One-Punch Man,0,1,0,2022-03-05 09:45:59
watch,Game of Thrones,2,2,3420,2022-07-23 08:47:12
watch,Game of Thrones,2,1,3420,2022-06-28 08:49:53
watch,Game of Thrones,5,10,3420,2022-08-11 07:14:34
watch,Game of Thrones,3,4,3420,2022-08-02 18:01:06
watch,Game of Thrones,1,2,3420,2022-06-23 08:26:32
watch,Game of Thrones,6,10,3420,2022-08-16 11:01:59
watch,Game of Thrones,7,1,3420,2022-08-16 14:05:17
watch,Game of Thrones,8,3,3420,2022-08-19 01:15:03
watch,Game of Thrones,4,10,3420,2022-08-08 11:59:56
watch,Game of Thrones,5,9,3420,2022-08-11 07:12:37
watch,Game of Thrones,7,5,3420,2022-08-17 12:39:54
watch,Game of Thrones,5,1,3420,2022-08-08 20:59:43
watch,Game of Thrones,4,7,3420,2022-08-08 10:00:33
watch,Game of Thrones,8,2,3420,2022-08-18 05:00:45
watch,Game of Thrones,6,6,3420,2022-08-15 10:17:15
watch,Game of Thrones,4,8,3420,2022-08-08 10:01:22
watch,Game of Thrones,6,2,3420,2022-08-12 09:04:19
watch,Game of Thrones,3,8,3420,2022-08-02 20:15:31
watch,Game of Thrones,6,7,3420,2022-08-15 10:17:33
watch,Game of Thrones,2,9,3420,2022-07-24 08:01:50
watch,Game of Thrones,1,10,3420,2022-06-28 08:49:10
watch,Game of Thrones,4,9,3420,2022-08-08 10:01:22
watch,Game of Thrones,5,7,3420,2022-08-11 07:10:34
watch,Game of Thrones,2,8,3420,2022-07-24 08:01:48
watch,Game of Thrones,1,8,3420,2022-06-28 08:45:46
watch,Game of Thrones,7,4,3420,2022-08-17 10:55:30
watch,Game of Thrones,3,6,3420,2022-08-02 18:01:06
watch,Game of Thrones,3,2,3420,2022-08-02 18:01:06
watch,Game of Thrones,1,1,3420,2022-06-23 08:26:09
watch,Game of Thrones,4,2,3420,2022-08-07 02:01:04
watch,Game of Thrones,2,4,3420,2022-07-23 08:50:00
watch,Game of Thrones,8,6,3420,2022-08-20 11:15:03
watch,Game of Thrones,2,7,0,2022-07-24 08:01:13
watch,Game of Thrones,1,9,3420,2022-06-28 08:48:31
watch,Game of Thrones,2,3,3420,2022-07-23 08:49:23
watch,Game of Thrones,5,8,3420,2022-08-11 07:11:00
watch,Game of Thrones,7,6,3420,2022-08-18 02:59:21
watch,Game of Thrones,4,3,3420,2022-08-07 02:01:42
watch,Game of Thrones,2,6,3420,2022-07-24 08:00:54
watch,Game of Thrones,1,6,3420,2022-06-23 22:54:58
watch,Game of Thrones,4,4,3420,2022-08-07 02:02:04
watch,Game of Thrones,1,5,3420,2022-06-23 18:00:53
watch,Game of Thrones,8,1,3420,2022-08-18 05:00:01
watch,Game of Thrones,4,5,3420,2022-08-07 02:02:10
watch,Game of Thrones,7,7,3420,2022-08-18 02:59:21
watch,Game of Thrones,5,6,3420,2022-08-10 09:50:17
watch,Game of Thrones,6,9,3420,2022-08-16 11:00:55
watch,Game of Thrones,7,2,3420,2022-08-17 10:55:30
watch,Game of Thrones,6,8,3420,2022-08-15 10:22:42
watch,Game of Thrones,2,10,3420,2022-07-25 07:59:16
watch,Game of Thrones,5,5,3420,2022-08-10 09:49:50
watch,Game of Thrones,6,3,3420,2022-08-12 17:00:44
watch,Game of Thrones,8,4,3420,2022-08-20 08:29:18
watch,Game of Thrones,1,4,3420,2022-06-23 18:00:50
watch,Game of Thrones,3,7,3420,2022-08-02 20:15:30
watch,Game of Thrones,2,5,3420,2022-07-23 08:50:06
watch,Game of Thrones,6,1,3420,2022-08-12 08:17:29
watch,Game of Thrones,5,3,3420,2022-08-09 00:16:52
watch,Game of Thrones,1,7,3420,2022-06-28 08:45:17
watch,Game of Thrones,3,1,3420,2022-08-02 18:01:06
watch,Game of Thrones,7,3,3420,2022-08-17 10:55:30
watch,Game of Thrones,4,6,3420,2022-08-07 02:02:27
watch,Game of Thrones,3,3,3420,2022-08-02 18:01:06
watch,Game of Thrones,6,4,3420,2022-08-13 07:23:36
watch,Game of Thrones,6,5,3420,2022-08-15 10:16:52
watch,Game of Thrones,8,5,3420,2022-08-20 09:42:09
watch,Game of Thrones,3,5,3420,2022-08-02 18:01:06
watch,Game of Thrones,3,10,3420,2022-08-03 16:25:50
watch,Game of Thrones,1,3,3420,2022-06-23 18:00:45
watch,Game of Thrones,4,1,3420,2022-08-06 09:37:29
watch,Game of Thrones,5,4,3420,2022-08-09 21:40:51
watch,Game of Thrones,3,9,3420,2022-08-03 16:25:50
watch,Game of Thrones,5,2,3420,2022-08-08 20:59:43
watch,Game of Thrones,0,55,3420,2022-08-20 11:17:31
watch,I Am Not Okay With This,1,6,1380,2022-03-13 07:56:55
watch,I Am Not Okay With This,1,1,1380,2022-03-13 07:56:55
watch,I Am Not Okay With This,1,2,1380,2022-03-13 07:56:55
watch,I Am Not Okay With This,1,4,1380,2022-03-13 07:56:55
watch,I Am Not Okay With This,1,7,1380,2022-03-13 07:56:55
watch,I Am Not Okay With This,1,5,1380,2022-03-13 07:56:55
watch,I Am Not Okay With This,1,3,1380,2022-03-13 07:56:55
watch,Friends,4,14,1320,2022-05-29 09:24:28
watch,Friends,7,7,1320,2022-05-29 09:24:28
watch,Friends,5,23,1320,2022-05-29 09:24:28
watch,Friends,10,16,1320,2022-05-29 09:24:28
watch,Friends,6,22,1320,2022-05-29 09:24:28
watch,Friends,4,21,1320,2022-05-29 09:24:28
watch,Friends,4,20,1320,2022-05-29 09:24:28
watch,Friends,5,7,1320,2022-05-29 09:24:28
watch,Friends,9,24,1320,2022-05-29 09:24:28
watch,Friends,3,21,1320,2022-05-29 09:24:28
watch,Friends,9,17,1320,2022-05-29 09:24:28
watch,Friends,1,24,1320,2022-05-29 09:24:28
watch,Friends,8,21,1320,2022-05-29 09:24:28
watch,Friends,4,4,1320,2022-05-29 09:24:28
watch,Friends,4,12,1320,2022-05-29 09:24:28
watch,Friends,4,3,1320,2022-05-29 09:24:28
watch,Friends,7,17,1320,2022-05-29 09:24:28
watch,Friends,8,13,1320,2022-05-29 09:24:28
watch,Friends,7,18,1320,2022-05-29 09:24:28
watch,Friends,4,19,1320,2022-05-29 09:24:28
watch,Friends,8,1,1320,2022-05-29 09:24:28
watch,Friends,8,22,1320,2022-05-29 09:24:28
watch,Friends,7,24,1320,2022-05-29 09:24:28
watch,Friends,2,7,1320,2022-05-29 09:24:28
watch,Friends,10,9,1320,2022-05-29 09:24:28
watch,Friends,4,6,1320,2022-05-29 09:24:28
watch,Friends,3,13,1320,2022-05-29 09:24:28
watch,Friends,2,14,1320,2022-05-29 09:24:28
watch,Friends,6,14,1320,2022-05-29 09:24:28
watch,Friends,10,4,1320,2022-05-29 09:24:28
watch,Friends,2,15,1320,2022-05-29 09:24:28
watch,Friends,1,12,1320,2022-05-29 09:24:28
watch,Friends,8,9,1320,2022-05-29 09:24:28
watch,Friends,8,24,1320,2022-05-29 09:24:28
watch,Friends,1,23,1320,2022-05-29 09:24:28
watch,Friends,3,3,1320,2022-05-29 09:24:28
watch,Friends,9,19,1320,2022-05-29 09:24:28
watch,Friends,3,18,1320,2022-05-29 09:24:28
watch,Friends,8,20,1320,2022-05-29 09:24:28
watch,Friends,6,11,1320,2022-05-29 09:24:28
watch,Friends,4,1,1320,2022-05-29 09:24:28
watch,Friends,1,13,1320,2022-05-29 09:24:28
watch,Friends,3,7,1320,2022-05-29 09:24:28
watch,Friends,1,10,1320,2022-05-29 09:24:28
watch,Friends,6,21,1320,2022-05-29 09:24:28
watch,Friends,7,23,1320,2022-05-29 09:24:28
watch,Friends,3,20,1320,2022-05-29 09:24:28
watch,Friends,8,17,1320,2022-05-29 09:24:28
watch,Friends,7,5,1320,2022-05-29 09:24:28
watch,Friends,7,11,1320,2022-05-29 09:24:28
watch,Friends,3,8,1320,2022-05-29 09:24:28
watch,Friends,5,9,1320,2022-05-29 09:24:28
watch,Friends,7,12,1320,2022-05-29 09:24:28
watch,Friends,9,2,1320,2022-05-29 09:24:28
watch,Friends,3,22,1320,2022-05-29 09:24:28
watch,Friends,2,6,1320,2022-05-29 09:24:28
watch,Friends,4,24,1320,2022-05-29 09:24:28
watch,Friends,5,5,1320,2022-05-29 09:24:28
watch,Friends,3,2,1320,2022-05-29 09:24:28
watch,Friends,4,23,1320,2022-05-29 09:24:28
watch,Friends,3,19,1320,2022-05-29 09:24:28
watch,Friends,6,23,1320,2022-05-29 09:24:28
watch,Friends,7,16,1320,2022-05-29 09:24:28
watch,Friends,9,13,1320,2022-05-29 09:24:28
watch,Friends,2,11,1320,2022-05-29 09:24:28
watch,Friends,8,14,1320,2022-05-29 09:24:28
watch,Friends,8,11,1320,2022-05-29 09:24:28
watch,Friends,7,10,1320,2022-05-29 09:24:28
watch,Friends,7,2,1320,2022-05-29 09:24:28
watch,Friends,10,3,1320,2022-05-29 09:24:28
watch,Friends,9,23,1320,2022-05-29 09:24:28
watch,Friends,10,1,1320,2022-05-29 09:24:28
watch,Friends,2,21,1320,2022-05-29 09:24:28
watch,Friends,5,15,1320,2022-05-29 09:24:28
watch,Friends,4,8,1320,2022-05-29 09:24:28
watch,Friends,3,16,1320,2022-05-29 09:24:28
watch,Friends,8,15,1320,2022-05-29 09:24:28
watch,Friends,10,15,1320,2022-05-29 09:24:28
watch,Friends,7,1,1320,2022-05-29 09:24:28
watch,Friends,5,1,1320,2022-05-29 09:24:28
watch,Friends,9,4,1320,2022-05-29 09:24:28
watch,Friends,2,2,1320,2022-05-29 09:24:28
watch,Friends,8,19,1320,2022-05-29 09:24:28
watch,Friends,1,14,1320,2022-05-29 09:24:28
watch,Friends,6,1,1320,2022-05-29 09:24:28
watch,Friends,4,15,1320,2022-05-29 09:24:28
watch,Friends,10,14,1320,2022-05-29 09:24:28
watch,Friends,1,15,1320,2022-05-29 09:24:28
watch,Friends,1,3,1320,2022-05-29 09:24:28
watch,Friends,7,3,1320,2022-05-29 09:24:28
watch,Friends,9,21,1320,2022-05-29 09:24:28
watch,Friends,6,6,1320,2022-05-29 09:24:28
watch,Friends,2,9,1320,2022-05-29 09:24:28
watch,Friends,10,10,1320,2022-05-29 09:24:28
watch,Friends,4,22,1320,2022-05-29 09:24:28
watch,Friends,3,17,1320,2022-05-29 09:24:28
watch,Friends,10,17,1320,2022-05-29 09:24:28
watch,Friends,9,18,1320,2022-05-29 09:24:28
watch,Friends,4,16,1320,2022-05-29 09:24:28
watch,Friends,1,22,1320,2022-05-29 09:24:28
watch,Friends,5,24,1320,2022-05-29 09:24:28
watch,Friends,6,17,1320,2022-05-29 09:24:28
watch,Friends,5,2,1320,2022-05-29 09:24:28
watch,Friends,7,13,1320,2022-05-29 09:24:28
watch,Friends,5,8,1320,2022-05-29 09:24:28
watch,Friends,3,23,1320,2022-05-29 09:24:28
watch,Friends,1,1,1320,2022-05-29 09:24:28
watch,Friends,8,2,1320,2022-05-29 09:24:28
watch,Friends,8,23,1320,2022-05-29 09:24:28
watch,Friends,10,13,1320,2022-05-29 09:24:28
watch,Friends,8,4,1320,2022-05-29 09:24:28
watch,Friends,5,14,1320,2022-05-29 09:24:28
watch,Friends,3,4,1320,2022-05-29 09:24:28
watch,Friends,8,10,1320,2022-05-29 09:24:28
watch,Friends,9,12,1320,2022-05-29 09:24:28
watch,Friends,6,18,1320,2022-05-29 09:24:28
watch,Friends,7,8,1320,2022-05-29 09:24:28
watch,Friends,7,21,1320,2022-05-29 09:24:28
watch,Friends,1,9,1320,2022-05-29 09:24:28
watch,Friends,6,13,1320,2022-05-29 09:24:28
watch,Friends,5,19,1320,2022-05-29 09:24:28
watch,Friends,5,20,1320,2022-05-29 09:24:28
watch,Friends,6,15,1320,2022-05-29 09:24:28
watch,Friends,9,16,1320,2022-05-29 09:24:28
watch,Friends,9,20,1320,2022-05-29 09:24:28
watch,Friends,10,18,1320,2022-05-29 09:24:28
watch,Friends,10,7,1320,2022-05-29 09:24:28
watch,Friends,1,6,1320,2022-05-29 09:24:28
watch,Friends,6,4,1320,2022-05-29 09:24:28
watch,Friends,2,13,1320,2022-05-29 09:24:28
watch,Friends,2,8,1320,2022-05-29 09:24:28
watch,Friends,6,5,1320,2022-05-29 09:24:28
watch,Friends,1,17,1320,2022-05-29 09:24:28
watch,Friends,1,8,1320,2022-05-29 09:24:28
watch,Friends,2,5,1320,2022-05-29 09:24:28
watch,Friends,1,11,1320,2022-05-29 09:24:28
watch,Friends,6,24,1320,2022-05-29 09:24:28
watch,Friends,10,12,1320,2022-05-29 09:24:28
watch,Friends,7,19,1320,2022-05-29 09:24:28
watch,Friends,8,5,1320,2022-05-29 09:24:28
watch,Friends,10,6,1320,2022-05-29 09:24:28
watch,Friends,6,9,1320,2022-05-29 09:24:28
watch,Friends,10,8,1320,2022-05-29 09:24:28
watch,Friends,9,3,1320,2022-05-29 09:24:28
watch,Friends,2,10,1320,2022-05-29 09:24:28
watch,Friends,8,16,1320,2022-05-29 09:24:28
watch,Friends,4,18,1320,2022-05-29 09:24:28
watch,Friends,6,16,1320,2022-05-29 09:24:28
watch,Friends,2,23,1320,2022-05-29 09:24:28
watch,Friends,3,10,1320,2022-05-29 09:24:28
watch,Friends,5,22,1320,2022-05-29 09:24:28
watch,Friends,1,5,1320,2022-05-29 09:24:28
watch,Friends,5,4,1320,2022-05-29 09:24:28
watch,Friends,7,9,1320,2022-05-29 09:24:28
watch,Friends,8,7,1320,2022-05-29 09:24:28
watch,Friends,8,3,1320,2022-05-29 09:24:28
watch,Friends,8,12,1320,2022-05-29 09:24:28
watch,Friends,2,19,1320,2022-05-29 09:24:28
watch,Friends,9,10,1320,2022-05-29 09:24:28
watch,Friends,2,1,1320,2022-05-29 09:24:28
watch,Friends,1,2,1320,2022-05-29 09:24:28
watch,Friends,5,21,1320,2022-05-29 09:24:28
watch,Friends,10,11,1320,2022-05-29 09:24:28
watch,Friends,9,7,1320,2022-05-29 09:24:28
watch,Friends,9,1,1320,2022-05-29 09:24:28
watch,Friends,5,17,1320,2022-05-29 09:24:28
watch,Friends,1,16,1320,2022-05-29 09:24:28
watch,Friends,2,12,1320,2022-05-29 09:24:28
watch,Friends,1,7,1320,2022-05-29 09:24:28
watch,Friends,1,20,1320,2022-05-29 09:24:28
watch,Friends,7,6,1320,2022-05-29 09:24:28
watch,Friends,3,14,1320,2022-05-29 09:24:28
watch,Friends,4,7,1320,2022-05-29 09:24:28
watch,Friends,3,15,1320,2022-05-29 09:24:28
watch,Friends,5,12,1320,2022-05-29 09:24:28
watch,Friends,3,1,1320,2022-05-29 09:24:28
watch,Friends,4,10,1320,2022-05-29 09:24:28
watch,Friends,8,6,1320,2022-05-29 09:24:28
watch,Friends,2,18,1320,2022-05-29 09:24:28
watch,Friends,5,11,1320,2022-05-29 09:24:28
watch,Friends,2,3,1320,2022-05-29 09:24:28
watch,Friends,3,5,1320,2022-05-29 09:24:28
watch,Friends,10,5,1320,2022-05-29 09:24:28
watch,Friends,3,25,1320,2022-05-29 09:24:28
watch,Friends,9,5,1320,2022-05-29 09:24:28
watch,Friends,1,21,1320,2022-05-29 09:24:28
watch,Friends,5,13,1320,2022-05-29 09:24:28
watch,Friends,7,4,1320,2022-05-29 09:24:28
watch,Friends,5,16,1320,2022-05-29 09:24:28
watch,Friends,4,17,1320,2022-05-29 09:24:28
watch,Friends,10,2,1320,2022-05-29 09:24:28
watch,Friends,4,9,1320,2022-05-29 09:24:28
watch,Friends,9,9,1320,2022-05-29 09:24:28
watch,Friends,4,11,1320,2022-05-29 09:24:28
watch,Friends,6,10,1320,2022-05-29 09:24:28
watch,Friends,3,12,1320,2022-05-29 09:24:28
watch,Friends,5,6,1320,2022-05-29 09:24:28
watch,Friends,4,13,1320,2022-05-29 09:24:28
watch,Friends,9,15,1320,2022-05-29 09:24:28
watch,Friends,6,8,1320,2022-05-29 09:24:28
watch,Friends,3,9,1320,2022-05-29 09:24:28
watch,Friends,7,22,1320,2022-05-29 09:24:28
watch,Friends,9,11,1320,2022-05-29 09:24:28
watch,Friends,8,8,1320,2022-05-29 09:24:28
watch,Friends,9,8,1320,2022-05-29 09:24:28
watch,Friends,6,3,1320,2022-05-29 09:24:28
watch,Friends,7,14,1320,2022-05-29 09:24:28
watch,Friends,9,14,1320,2022-05-29 09:24:28
watch,Friends,1,18,1320,2022-05-29 09:24:28
watch,Friends,1,19,1320,2022-05-29 09:24:28
watch,Friends,8,18,1320,2022-05-29 09:24:28
watch,Friends,6,2,1320,2022-05-29 09:24:28
watch,Friends,6,19,1320,2022-05-29 09:24:28
watch,Friends,2,24,1320,2022-05-29 09:24:28
watch,Friends,7,20,1320,2022-05-29 09:24:28
watch,Friends,5,3,1320,2022-05-29 09:24:28
watch,Friends,3,6,1320,2022-05-29 09:24:28
watch,Friends,2,17,1320,2022-05-29 09:24:28
watch,Friends,6,25,1320,2022-05-29 09:24:28
watch,Friends,5,18,1320,2022-05-29 09:24:28
watch,Friends,3,11,1320,2022-05-29 09:24:28
watch,Friends,4,2,1320,2022-05-29 09:24:28
watch,Friends,4,5,1320,2022-05-29 09:24:28
watch,Friends,2,22,1320,2022-05-29 09:24:28
watch,Friends,3,24,1320,2022-05-29 09:24:28
watch,Friends,9,6,1320,2022-05-29 09:24:28
watch,Friends,9,22,1320,2022-05-29 09:24:28
watch,Friends,6,12,1320,2022-05-29 09:24:28
watch,Friends,5,10,1320,2022-05-29 09:24:28
watch,Friends,2,16,1320,2022-05-29 09:24:28
watch,Friends,6,20,1320,2022-05-29 09:24:28
watch,Friends,2,4,1320,2022-05-29 09:24:28
watch,Friends,2,20,1320,2022-05-29 09:24:28
watch,Friends,7,15,1320,2022-05-29 09:24:28
watch,Friends,6,7,1320,2022-05-29 09:24:28
watch,Friends,1,4,1320,2022-05-29 09:24:28
watch,True Detective,1,3,3540,2022-03-05 09:57:37
watch,True Detective,2,1,3660,2022-06-06 09:51:08
watch,True Detective,1,2,3540,2022-03-05 09:57:37
watch,True Detective,1,4,3540,2022-03-05 09:57:37
watch,True Detective,1,1,3540,2022-03-05 09:57:37
watch,True Detective,1,5,3540,2022-03-05 09:57:37
watch,True Detective,1,8,3540,2022-03-05 09:57:37
watch,True Detective,1,7,3540,2022-03-05 09:57:37
watch,True Detective,1,6,3540,2022-03-05 09:57:37
watch,Attack on Titan,1,25,1440,2022-03-05 09:22:22
watch,Attack on Titan,1,13,1440,2022-03-05 09:22:22
watch,Attack on Titan,3,9,1440,2022-03-05 09:24:42
watch,Attack on Titan,4,3,1440,2022-03-05 09:25:11
watch,Attack on Titan,1,9,1440,2022-03-05 09:22:22
watch,Attack on Titan,4,10,1440,2022-03-05 09:25:11
watch,Attack on Titan,4,11,1440,2022-03-05 09:25:11
watch,Attack on Titan,4,8,1440,2022-03-05 09:25:11
watch,Attack on Titan,3,3,1440,2022-03-05 09:24:42
watch,Attack on Titan,4,9,1440,2022-03-05 09:25:11
watch,Attack on Titan,4,24,0,2022-03-05 09:25:11
watch,Attack on Titan,1,12,1440,2022-03-05 09:22:22
watch,Attack on Titan,3,2,1440,2022-03-05 09:24:42
watch,Attack on Titan,3,4,1440,2022-03-05 09:24:42
watch,Attack on Titan,3,1,1440,2022-03-05 09:24:42
watch,Attack on Titan,3,19,1440,2022-03-05 09:24:42
watch,Attack on Titan,3,17,1440,2022-03-05 09:24:42
watch,Attack on Titan,1,15,1440,2022-03-05 09:22:22
watch,Attack on Titan,4,5,1440,2022-03-05 09:25:11
watch,Attack on Titan,4,17,1440,2022-03-05 09:25:11
watch,Attack on Titan,0,18,1500,2026-01-08 11:07:30
watch,Attack on Titan,2,12,1440,2022-03-05 09:24:06
watch,Attack on Titan,4,2,1440,2022-03-05 09:25:11
watch,Attack on Titan,4,22,1440,2022-03-05 09:25:11
watch,Attack on Titan,1,23,1440,2022-03-05 09:22:22
watch,Attack on Titan,1,24,1440,2022-03-05 09:22:22
watch,Attack on Titan,2,8,1440,2022-03-05 09:24:06
watch,Attack on Titan,3,8,1440,2022-03-05 09:24:42
watch,Attack on Titan,3,12,1440,2022-03-05 09:24:42
watch,Attack on Titan,4,7,1440,2022-03-05 09:25:11
watch,Attack on Titan,0,17,1500,2026-01-08 11:07:32
watch,Attack on Titan,3,15,1440,2022-03-05 09:24:42
watch,Attack on Titan,1,4,1440,2022-03-05 09:22:22
watch,Attack on Titan,1,21,1440,2022-03-05 09:22:22
watch,Attack on Titan,1,2,1440,2022-05-27 07:12:34
watch,Attack on Titan,4,29,1440,2023-06-04 12:15:11
watch,Attack on Titan,3,10,1440,2022-03-05 09:24:42
watch,Attack on Titan,4,25,1440,2022-05-10 16:16:14
watch,Attack on Titan,4,13,1440,2022-03-05 09:25:11
watch,Attack on Titan,4,18,1440,2022-03-05 09:25:11
watch,Attack on Titan,2,10,1440,2022-03-05 09:24:06
watch,Attack on Titan,2,5,1440,2022-03-05 09:24:06
watch,Attack on Titan,4,30,1500,2025-01-06 08:06:42
watch,Attack on Titan,3,22,1440,2022-03-05 09:24:42
watch,Attack on Titan,4,12,1440,2022-03-05 09:25:11
watch,Attack on Titan,1,3,1440,2022-05-27 07:12:34
watch,Attack on Titan,3,11,1440,2022-03-05 09:24:42
watch,Attack on Titan,2,11,1440,2022-03-05 09:24:06
watch,Attack on Titan,3,18,1440,2022-03-05 09:24:42
watch,Attack on Titan,1,1,1440,2022-05-27 07:12:34
watch,Attack on Titan,3,14,1440,2022-03-05 09:24:42
watch,Attack on Titan,0,1,1500,2026-01-08 11:07:04
watch,Attack on Titan,3,20,1440,2022-03-05 09:24:42
watch,Attack on Titan,0,22,1500,2026-01-08 11:07:31
watch,Attack on Titan,1,5,1440,2022-03-05 09:22:22
watch,Attack on Titan,0,31,1500,2026-01-08 11:07:39
watch,Attack on Titan,0,15,1500,2026-01-08 11:07:24
watch,Attack on Titan,4,28,1440,2022-05-10 16:16:51
watch,Attack on Titan,2,6,1440,2022-03-05 09:24:06
watch,Attack on Titan,4,21,1440,2022-03-05 09:25:11
watch,Attack on Titan,1,11,1440,2022-03-05 09:22:22
watch,Attack on Titan,1,16,1440,2022-03-05 09:22:22
watch,Attack on Titan,1,14,1440,2022-03-05 09:22:22
watch,Attack on Titan,0,23,1500,2026-01-08 11:07:31
watch,Attack on Titan,2,9,1440,2022-03-05 09:24:06
watch,Attack on Titan,4,16,1440,2022-03-05 09:25:11
watch,Attack on Titan,3,5,1440,2022-03-05 09:24:42
watch,Attack on Titan,3,16,1440,2022-03-05 09:24:42
watch,Attack on Titan,4,23,0,2022-03-05 09:25:11
watch,Attack on Titan,0,50,1500,2026-01-08 11:07:43
watch,Attack on Titan,2,2,1440,2022-03-05 09:24:06
watch,Attack on Titan,2,1,1440,2022-03-05 09:24:06
watch,Attack on Titan,0,13,1500,2026-01-08 11:07:29
watch,Attack on Titan,4,27,1440,2022-05-10 16:16:47
watch,Attack on Titan,1,10,1440,2022-03-05 09:22:22
watch,Attack on Titan,1,8,1440,2022-03-05 09:22:22
watch,Attack on Titan,3,7,1440,2022-03-05 09:24:42
watch,Attack on Titan,2,7,1440,2022-03-05 09:24:06
watch,Attack on Titan,2,4,1440,2022-03-05 09:24:06
watch,Attack on Titan,4,19,1440,2022-03-05 09:25:11
watch,Attack on Titan,1,18,1440,2022-03-05 09:22:22
watch,Attack on Titan,4,6,1440,2022-03-05 09:25:11
watch,Attack on Titan,4,26,1440,2022-05-10 16:16:44
watch,Attack on Titan,4,20,1440,2022-03-05 09:25:11
watch,Attack on Titan,0,12,1500,2026-01-08 11:07:21
watch,Attack on Titan,4,4,1440,2022-03-05 09:25:11
watch,Attack on Titan,3,21,1440,2022-03-05 09:24:42
watch,Attack on Titan,1,22,1440,2022-03-05 09:22:22
watch,Attack on Titan,4,14,1440,2022-03-05 09:25:11
watch,Attack on Titan,4,15,1440,2022-03-05 09:25:11
watch,Attack on Titan,1,6,1440,2022-03-05 09:22:22
watch,Attack on Titan,1,20,1440,2022-03-05 09:22:22
watch,Attack on Titan,1,7,1440,2022-03-05 09:22:22
watch,Attack on Titan,1,17,1440,2022-03-05 09:22:22
watch,Attack on Titan,1,19,1440,2022-03-05 09:22:22
watch,Attack on Titan,0,14,1500,2026-01-08 11:07:22
watch,Attack on Titan,2,3,1440,2022-03-05 09:24:06
watch,Attack on Titan,3,13,1440,2022-03-05 09:24:42
watch,Attack on Titan,0,7,1500,2026-01-08 11:07:07
watch,Attack on Titan,4,1,1440,2022-03-05 09:25:11
watch,Attack on Titan,3,6,1440,2022-03-05 09:24:42
watch,Attack on Titan,0,21,1500,2026-01-08 11:07:29
watch,Attack on Titan,0,20,1500,2026-01-08 11:07:34
watch,Ben 10: Ultimate Alien,1,5,1320,2022-06-10 15:24:09
watch,Ben 10: Ultimate Alien,1,2,1320,2022-06-10 15:24:09
watch,Ben 10: Ultimate Alien,2,3,1320,2022-06-10 15:24:09
watch,Ben 10: Ultimate Alien,2,21,1320,2022-06-10 15:24:09
watch,Ben 10: Ultimate Alien,2,28,1320,2022-06-10 15:24:09
watch,Ben 10: Ultimate Alien,2,7,1320,2022-06-10 15:24:09
watch,Ben 10: Ultimate Alien,1,17,1320,2022-06-10 15:24:09
watch,Ben 10: Ultimate Alien,1,14,1320,2022-06-10 15:24:09
watch,Ben 10: Ultimate Alien,2,30,1320,2022-06-10 15:24:09
watch,Ben 10: Ultimate Alien,1,9,1320,2022-06-10 15:24:09
watch,Ben 10: Ultimate Alien,2,24,1320,2022-06-10 15:24:09
watch,Ben 10: Ultimate Alien,2,26,1320,2022-06-10 15:24:09
watch,Ben 10: Ultimate Alien,2,16,1320,2022-06-10 15:24:09
watch,Ben 10: Ultimate Alien,1,11,1320,2022-06-10 15:24:09
watch,Ben 10: Ultimate Alien,1,7,1320,2022-06-10 15:24:09
watch,Ben 10: Ultimate Alien,2,20,1320,2022-06-10 15:24:09
watch,Ben 10: Ultimate Alien,1,6,1320,2022-06-10 15:24:09
watch,Ben 10: Ultimate Alien,1,18,1320,2022-06-10 15:24:09
watch,Ben 10: Ultimate Alien,1,3,1320,2022-06-10 15:24:09
watch,Ben 10: Ultimate Alien,2,9,1320,2022-06-10 15:24:09
watch,Ben 10: Ultimate Alien,1,8,1320,2022-06-10 15:24:09
watch,Ben 10: Ultimate Alien,2,14,1320,2022-06-10 15:24:09
watch,Ben 10: Ultimate Alien,2,12,1320,2022-06-10 15:24:09
watch,Ben 10: Ultimate Alien,1,13,1320,2022-06-10 15:24:09
watch,Ben 10: Ultimate Alien,1,12,1320,2022-06-10 15:24:09
watch,Ben 10: Ultimate Alien,2,11,1320,2022-06-10 15:24:09
watch,Ben 10: Ultimate Alien,1,20,1320,2022-06-10 15:24:09
watch,Ben 10: Ultimate Alien,1,4,1320,2022-06-10 15:24:09
watch,Ben 10: Ultimate Alien,2,13,1320,2022-06-10 15:24:09
watch,Ben 10: Ultimate Alien,2,22,1320,2022-06-10 15:24:09
watch,Ben 10: Ultimate Alien,2,2,1320,2022-06-10 15:24:09
watch,Ben 10: Ultimate Alien,2,15,1320,2022-06-10 15:24:09
watch,Ben 10: Ultimate Alien,2,10,1320,2022-06-10 15:24:09
watch,Ben 10: Ultimate Alien,2,25,1320,2022-06-10 15:24:09
watch,Ben 10: Ultimate Alien,2,31,1320,2022-06-10 15:24:09
watch,Ben 10: Ultimate Alien,1,16,1320,2022-06-10 15:24:09
watch,Ben 10: Ultimate Alien,2,19,1320,2022-06-10 15:24:09
watch,Ben 10: Ultimate Alien,2,8,1320,2022-06-10 15:24:09
watch,Ben 10: Ultimate Alien,2,29,1320,2022-06-10 15:24:09
watch,Ben 10: Ultimate Alien,1,1,1320,2022-06-10 15:24:09
watch,Ben 10: Ultimate Alien,1,15,1320,2022-06-10 15:24:09
watch,Ben 10: Ultimate Alien,2,32,1320,2022-06-10 15:24:09
watch,Ben 10: Ultimate Alien,2,18,1320,2022-06-10 15:24:09
watch,Ben 10: Ultimate Alien,2,5,1320,2022-06-10 15:24:09
watch,Ben 10: Ultimate Alien,2,1,1320,2022-06-10 15:24:09
watch,Ben 10: Ultimate Alien,2,6,1320,2022-06-10 15:24:09
watch,Ben 10: Ultimate Alien,2,27,1320,2022-06-10 15:24:09
watch,Ben 10: Ultimate Alien,2,23,1320,2022-06-10 15:24:09
watch,Ben 10: Ultimate Alien,2,17,1320,2022-06-10 15:24:09
watch,Ben 10: Ultimate Alien,1,19,1320,2022-06-10 15:24:09
watch,Ben 10: Ultimate Alien,1,10,1320,2022-06-10 15:24:09
watch,Ben 10: Ultimate Alien,2,4,1320,2022-06-10 15:24:09
watch,Over the Garden Wall,1,9,660,2022-05-29 09:28:35
watch,Over the Garden Wall,1,2,660,2022-05-29 09:28:35
watch,Over the Garden Wall,1,10,660,2022-05-29 09:28:35
watch,Over the Garden Wall,1,8,660,2022-05-29 09:28:35
watch,Over the Garden Wall,1,7,660,2022-05-29 09:28:35
watch,Over the Garden Wall,1,3,660,2022-05-29 09:28:35
watch,Over the Garden Wall,1,1,660,2022-05-29 09:28:35
watch,Over the Garden Wall,1,4,660,2022-05-29 09:28:35
watch,Over the Garden Wall,1,6,660,2022-05-29 09:28:35
watch,Over the Garden Wall,1,5,660,2022-05-29 09:28:35
watch,Marvel's Jessica Jones,2,10,3060,2026-06-04 12:50:23
watch,Marvel's Jessica Jones,1,2,3060,2026-04-12 20:47:36
watch,Marvel's Jessica Jones,2,11,3060,2026-06-04 12:50:25
watch,Marvel's Jessica Jones,2,12,3060,2026-06-04 12:50:25
watch,Marvel's Jessica Jones,2,2,3060,2026-05-19 22:32:05
watch,Marvel's Jessica Jones,1,8,3060,2026-04-21 12:57:12
watch,Marvel's Jessica Jones,2,6,3060,2026-06-04 12:50:05
watch,Marvel's Jessica Jones,1,5,3060,2026-04-21 12:57:12
watch,Marvel's Jessica Jones,2,4,3060,2026-05-20 00:28:34
watch,Marvel's Jessica Jones,2,13,3060,2026-06-04 12:50:28
watch,Marvel's Jessica Jones,2,9,3060,2026-06-04 12:50:21
watch,Marvel's Jessica Jones,1,11,3060,2026-04-21 12:57:06
watch,Marvel's Jessica Jones,2,5,3060,2026-06-04 12:50:02
watch,Marvel's Jessica Jones,1,13,3060,2026-04-21 12:54:04
watch,Marvel's Jessica Jones,2,3,3060,2026-05-20 00:27:18
watch,Marvel's Jessica Jones,1,7,3060,2026-04-21 12:57:12
watch,Marvel's Jessica Jones,1,4,3060,2026-04-17 21:32:41
watch,Marvel's Jessica Jones,2,7,3060,2026-06-04 12:50:08
watch,Marvel's Jessica Jones,1,3,3060,2026-04-12 20:50:16
watch,Marvel's Jessica Jones,1,12,3060,2026-04-21 12:57:03
watch,Marvel's Jessica Jones,1,6,3060,2026-04-21 12:57:12
watch,Marvel's Jessica Jones,1,10,3060,2026-04-21 12:57:05
watch,Marvel's Jessica Jones,2,8,3060,2026-06-04 12:50:11
watch,Marvel's Jessica Jones,1,9,3060,2026-04-21 12:57:07
watch,Marvel's Jessica Jones,2,1,3060,2026-05-19 22:32:01
watch,Marvel's Jessica Jones,1,1,3060,2026-04-08 16:58:36
watch,El Kebeer,5,26,1500,2022-03-06 08:06:43
watch,El Kebeer,4,11,1500,2022-03-06 08:06:43
watch,El Kebeer,8,27,1860,2025-12-17 02:35:20
watch,El Kebeer,4,29,1500,2022-03-06 08:06:43
watch,El Kebeer,3,22,1500,2022-03-06 08:06:43
watch,El Kebeer,5,14,1500,2022-03-06 08:06:43
watch,El Kebeer,6,16,1500,2022-05-10 16:14:15
watch,El Kebeer,6,6,1500,2022-05-10 16:13:46
watch,El Kebeer,5,17,1500,2022-03-06 08:06:43
watch,El Kebeer,7,20,1740,2023-06-04 12:14:30
watch,El Kebeer,7,7,1740,2023-06-04 12:14:30
watch,El Kebeer,7,1,1740,2023-06-04 12:14:30
watch,El Kebeer,8,12,1860,2025-12-17 02:35:20
watch,El Kebeer,6,4,1500,2022-05-10 16:13:42
watch,El Kebeer,2,3,1500,2022-03-06 08:06:43
watch,El Kebeer,6,13,1500,2022-05-10 16:14:06
watch,El Kebeer,7,2,1740,2023-06-04 12:14:30
watch,El Kebeer,6,3,1500,2022-05-10 16:12:24
watch,El Kebeer,5,30,1500,2022-03-06 08:06:43
watch,El Kebeer,8,5,1860,2025-12-17 02:35:20
watch,El Kebeer,7,15,1740,2023-06-04 12:14:30
watch,El Kebeer,3,30,1500,2022-03-06 08:06:43
watch,El Kebeer,6,11,1500,2022-05-10 16:14:03
watch,El Kebeer,4,9,1500,2022-03-06 08:06:43
watch,El Kebeer,4,18,1500,2022-03-06 08:06:43
watch,El Kebeer,7,24,1740,2023-06-04 12:14:30
watch,El Kebeer,7,22,1740,2023-06-04 12:14:30
watch,El Kebeer,7,14,1740,2023-06-04 12:14:30
watch,El Kebeer,5,15,1500,2022-03-06 08:06:43
watch,El Kebeer,1,10,1500,2022-03-06 08:06:43
watch,El Kebeer,2,15,1500,2022-03-06 08:06:43
watch,El Kebeer,1,7,1500,2022-03-06 08:06:43
watch,El Kebeer,6,18,1500,2022-05-10 16:14:36
watch,El Kebeer,8,28,1860,2025-12-17 02:35:20
watch,El Kebeer,4,19,1500,2022-03-06 08:06:43
watch,El Kebeer,6,26,1500,2022-05-10 16:15:03
watch,El Kebeer,8,10,1860,2025-12-17 02:35:20
watch,El Kebeer,7,11,1740,2023-06-04 12:14:30
watch,El Kebeer,3,27,1500,2022-03-06 08:06:43
watch,El Kebeer,8,2,1860,2025-12-17 02:35:20
watch,El Kebeer,5,27,1500,2022-03-06 08:06:43
watch,El Kebeer,3,9,1500,2022-03-06 08:06:43
watch,El Kebeer,5,6,1500,2022-03-06 08:06:43
watch,El Kebeer,7,13,1740,2023-06-04 12:14:30
watch,El Kebeer,4,13,1500,2022-03-06 08:06:43
watch,El Kebeer,3,10,1500,2022-03-06 08:06:43
watch,El Kebeer,8,16,1860,2025-12-17 02:35:20
watch,El Kebeer,7,21,1740,2023-06-04 12:14:30
watch,El Kebeer,8,3,1860,2025-12-17 02:35:20
watch,El Kebeer,3,21,1500,2022-03-06 08:06:43
watch,El Kebeer,7,28,1740,2023-06-04 12:14:30
watch,El Kebeer,2,1,1500,2022-03-06 08:06:43
watch,El Kebeer,8,22,1860,2025-12-17 02:35:20
watch,El Kebeer,7,30,1740,2023-06-04 12:14:30
watch,El Kebeer,4,23,1500,2022-03-06 08:06:43
watch,El Kebeer,3,18,1500,2022-03-06 08:06:43
watch,El Kebeer,8,9,1860,2025-12-17 02:35:20
watch,El Kebeer,7,26,1740,2023-06-04 12:14:30
watch,El Kebeer,8,8,1860,2025-12-17 02:35:20
watch,El Kebeer,5,9,1500,2022-03-06 08:06:43
watch,El Kebeer,6,22,1500,2022-05-10 16:14:55
watch,El Kebeer,6,24,1500,2022-05-10 16:14:59
watch,El Kebeer,4,30,1500,2022-03-06 08:06:43
watch,El Kebeer,6,10,1500,2022-05-10 16:13:56
watch,El Kebeer,5,28,1500,2022-03-06 08:06:43
watch,El Kebeer,5,8,1500,2022-03-06 08:06:43
watch,El Kebeer,6,29,1500,2022-05-10 16:15:58
watch,El Kebeer,5,19,1500,2022-03-06 08:06:43
watch,El Kebeer,2,12,1500,2022-03-06 08:06:43
watch,El Kebeer,8,25,1860,2025-12-17 02:35:20
watch,El Kebeer,8,30,1860,2025-12-17 02:35:20
watch,El Kebeer,3,8,1500,2022-03-06 08:06:43
watch,El Kebeer,4,4,1500,2022-03-06 08:06:43
watch,El Kebeer,7,3,1740,2023-06-04 12:14:30
watch,El Kebeer,1,15,1500,2022-03-06 08:06:43
watch,El Kebeer,8,23,1860,2025-12-17 02:35:20
watch,El Kebeer,5,3,1500,2022-03-06 08:06:43
watch,El Kebeer,6,30,1500,2022-05-10 16:16:02
watch,El Kebeer,8,19,1860,2025-12-17 02:35:20
watch,El Kebeer,5,16,1500,2022-03-06 08:06:43
watch,El Kebeer,2,11,1500,2022-03-06 08:06:43
watch,El Kebeer,3,3,1500,2022-03-06 08:06:43
watch,El Kebeer,1,12,1500,2022-03-06 08:06:43
watch,El Kebeer,2,14,1500,2022-03-06 08:06:43
watch,El Kebeer,5,29,1500,2022-03-06 08:06:43
watch,El Kebeer,6,25,1500,2022-05-10 16:15:01
watch,El Kebeer,6,23,1500,2022-05-10 16:14:57
watch,El Kebeer,3,29,1500,2022-03-06 08:06:43
watch,El Kebeer,8,14,1860,2025-12-17 02:35:20
watch,El Kebeer,5,1,1500,2022-03-06 08:06:43
watch,El Kebeer,5,22,1500,2022-03-06 08:06:43
watch,El Kebeer,2,2,1500,2022-03-06 08:06:43
watch,El Kebeer,6,14,1500,2022-05-10 16:14:10
watch,El Kebeer,7,6,1740,2023-06-04 12:14:30
watch,El Kebeer,4,2,1500,2022-03-06 08:06:43
watch,El Kebeer,7,29,1740,2023-06-04 12:14:30
watch,El Kebeer,2,7,1500,2022-03-06 08:06:43
watch,El Kebeer,8,26,1860,2025-12-17 02:35:20
watch,El Kebeer,2,8,1500,2022-03-06 08:06:43
watch,El Kebeer,4,3,1500,2022-03-06 08:06:43
watch,El Kebeer,8,11,1860,2025-12-17 02:35:20
watch,El Kebeer,7,18,1740,2023-06-04 12:14:30
watch,El Kebeer,4,15,1500,2022-03-06 08:06:43
watch,El Kebeer,5,25,1500,2022-03-06 08:06:43
watch,El Kebeer,1,4,1500,2022-03-06 08:06:43
watch,El Kebeer,8,13,1860,2025-12-17 02:35:20
watch,El Kebeer,3,14,1500,2022-03-06 08:06:43
watch,El Kebeer,8,24,1860,2025-12-17 02:35:20
watch,El Kebeer,4,20,1500,2022-03-06 08:06:43
watch,El Kebeer,5,20,1500,2022-03-06 08:06:43
watch,El Kebeer,7,9,1740,2023-06-04 12:14:30
watch,El Kebeer,2,9,1500,2022-03-06 08:06:43
watch,El Kebeer,3,11,1500,2022-03-06 08:06:43
watch,El Kebeer,5,10,1500,2022-03-06 08:06:43
watch,El Kebeer,4,27,1500,2022-03-06 08:06:43
watch,El Kebeer,5,5,1500,2022-03-06 08:06:43
watch,El Kebeer,4,26,1500,2022-03-06 08:06:43
watch,El Kebeer,7,5,1740,2023-06-04 12:14:30
watch,El Kebeer,7,4,1740,2023-06-04 12:14:30
watch,El Kebeer,1,3,1500,2022-03-06 08:06:43
watch,El Kebeer,3,13,1500,2022-03-06 08:06:43
watch,El Kebeer,4,12,1500,2022-03-06 08:06:43
watch,El Kebeer,4,14,1500,2022-03-06 08:06:43
watch,El Kebeer,3,1,1500,2022-03-06 08:06:43
watch,El Kebeer,5,24,1500,2022-03-06 08:06:43
watch,El Kebeer,6,12,1500,2022-05-10 16:14:05
watch,El Kebeer,8,17,1860,2025-12-17 02:35:20
watch,El Kebeer,6,15,1500,2022-05-10 16:14:12
watch,El Kebeer,3,16,1500,2022-03-06 08:06:43
watch,El Kebeer,7,27,1740,2023-06-04 12:14:30
watch,El Kebeer,3,19,1500,2022-03-06 08:06:43
watch,El Kebeer,7,10,1740,2023-06-04 12:14:30
watch,El Kebeer,4,16,1500,2022-03-06 08:06:43
watch,El Kebeer,6,2,1500,2022-05-10 16:12:20
watch,El Kebeer,3,12,1500,2022-03-06 08:06:43
watch,El Kebeer,3,7,1500,2022-03-06 08:06:43
watch,El Kebeer,5,13,1500,2022-03-06 08:06:43
watch,El Kebeer,4,5,1500,2022-03-06 08:06:43
watch,El Kebeer,5,18,1500,2022-03-06 08:06:43
watch,El Kebeer,3,28,1500,2022-03-06 08:06:43
watch,El Kebeer,7,17,1740,2023-06-04 12:14:30
watch,El Kebeer,8,15,1860,2025-12-17 02:35:20
watch,El Kebeer,8,29,1860,2025-12-17 02:35:20
watch,El Kebeer,6,8,1500,2022-05-10 16:13:51
watch,El Kebeer,5,2,1500,2022-03-06 08:06:43
watch,El Kebeer,6,19,1500,2022-05-10 16:14:43
watch,El Kebeer,6,7,1500,2022-05-10 16:13:49
watch,El Kebeer,1,6,1500,2022-03-06 08:06:43
watch,El Kebeer,6,17,1500,2022-05-10 16:14:33
watch,El Kebeer,3,4,1500,2022-03-06 08:06:43
watch,El Kebeer,3,26,1500,2022-03-06 08:06:43
watch,El Kebeer,4,1,1500,2022-03-06 08:06:43
watch,El Kebeer,2,10,1500,2022-03-06 08:06:43
watch,El Kebeer,8,1,1860,2025-12-17 02:35:20
watch,El Kebeer,6,9,1500,2022-05-10 16:13:53
watch,El Kebeer,7,16,1740,2023-06-04 12:14:30
watch,El Kebeer,4,22,1500,2022-03-06 08:06:43
watch,El Kebeer,4,24,1500,2022-03-06 08:06:43
watch,El Kebeer,1,9,1500,2022-03-06 08:06:43
watch,El Kebeer,6,21,1500,2022-05-10 16:14:51
watch,El Kebeer,8,7,1860,2025-12-17 02:35:20
watch,El Kebeer,4,7,1500,2022-03-06 08:06:43
watch,El Kebeer,8,21,1860,2025-12-17 02:35:20
watch,El Kebeer,4,8,1500,2022-03-06 08:06:43
watch,El Kebeer,6,27,1500,2022-05-10 16:15:05
watch,El Kebeer,3,15,1500,2022-03-06 08:06:43
watch,El Kebeer,8,6,1860,2025-12-17 02:35:20
watch,El Kebeer,7,25,1740,2023-06-04 12:14:30
watch,El Kebeer,8,4,1860,2025-12-17 02:35:20
watch,El Kebeer,1,2,1500,2022-03-06 08:06:43
watch,El Kebeer,5,11,1500,2022-03-06 08:06:43
watch,El Kebeer,5,7,1500,2022-03-06 08:06:43
watch,El Kebeer,3,17,1500,2022-03-06 08:06:43
watch,El Kebeer,5,21,1500,2022-03-06 08:06:43
watch,El Kebeer,6,1,1500,2022-05-10 16:11:59
watch,El Kebeer,8,20,1860,2025-12-17 02:35:20
watch,El Kebeer,7,23,1740,2023-06-04 12:14:30
watch,El Kebeer,4,10,1500,2022-03-06 08:06:43
watch,El Kebeer,4,21,1500,2022-03-06 08:06:43
watch,El Kebeer,2,4,1500,2022-03-06 08:06:43
watch,El Kebeer,5,4,1500,2022-03-06 08:06:43
watch,El Kebeer,6,20,1500,2022-05-10 16:14:46
watch,El Kebeer,1,14,1500,2022-03-06 08:06:43
watch,El Kebeer,4,6,1500,2022-03-06 08:06:43
watch,El Kebeer,4,25,1500,2022-03-06 08:06:43
watch,El Kebeer,6,28,1500,2022-05-10 16:15:07
watch,El Kebeer,4,28,1500,2022-03-06 08:06:43
watch,El Kebeer,4,17,1500,2022-03-06 08:06:43
watch,El Kebeer,1,5,1500,2022-03-06 08:06:43
watch,El Kebeer,8,18,1860,2025-12-17 02:35:20
watch,El Kebeer,3,6,1500,2022-03-06 08:06:43
watch,El Kebeer,6,5,1500,2022-05-10 16:13:45
watch,El Kebeer,2,5,1500,2022-03-06 08:06:43
watch,El Kebeer,7,12,1740,2023-06-04 12:14:30
watch,El Kebeer,1,11,1500,2022-03-06 08:06:43
watch,El Kebeer,3,25,1500,2022-03-06 08:06:43
watch,El Kebeer,5,23,1500,2022-03-06 08:06:43
watch,El Kebeer,3,2,1500,2022-03-06 08:06:43
watch,El Kebeer,3,23,1500,2022-03-06 08:06:43
watch,El Kebeer,1,8,1500,2022-03-06 08:06:43
watch,El Kebeer,2,6,1500,2022-03-06 08:06:43
watch,El Kebeer,1,1,1500,2022-03-06 08:06:43
watch,El Kebeer,5,12,1500,2022-03-06 08:06:43
watch,El Kebeer,7,19,1740,2023-06-04 12:14:30
watch,El Kebeer,1,13,1500,2022-03-06 08:06:43
watch,El Kebeer,3,24,1500,2022-03-06 08:06:43
watch,El Kebeer,7,8,1740,2023-06-04 12:14:30
watch,El Kebeer,3,5,1500,2022-03-06 08:06:43
watch,El Kebeer,2,13,1500,2022-03-06 08:06:43
watch,El Kebeer,3,20,1500,2022-03-06 08:06:43
watch,Ward Ala Foll Wa Yasmeen,1,12,2580,2026-06-16 17:07:30
watch,Ward Ala Foll Wa Yasmeen,1,13,2580,2026-06-16 17:07:30
watch,Ward Ala Foll Wa Yasmeen,1,5,2580,2026-06-12 19:28:12
watch,Ward Ala Foll Wa Yasmeen,1,3,2580,2026-06-12 19:28:12
watch,Ward Ala Foll Wa Yasmeen,1,8,2580,2026-06-16 17:07:30
watch,Ward Ala Foll Wa Yasmeen,1,9,2580,2026-06-16 17:07:30
watch,Ward Ala Foll Wa Yasmeen,1,11,2580,2026-06-16 17:07:30
watch,Ward Ala Foll Wa Yasmeen,1,10,2580,2026-06-16 17:07:30
watch,Ward Ala Foll Wa Yasmeen,1,7,2580,2026-06-16 17:07:30
watch,Ward Ala Foll Wa Yasmeen,1,4,2580,2026-06-12 19:28:12
watch,Ward Ala Foll Wa Yasmeen,1,1,2580,2026-06-12 19:28:12
watch,Ward Ala Foll Wa Yasmeen,1,2,2580,2026-06-12 19:28:12
watch,Ward Ala Foll Wa Yasmeen,1,6,2580,2026-06-16 17:07:30
watch,Ward Ala Foll Wa Yasmeen,1,14,2580,2026-06-16 17:07:30
watch,Ward Ala Foll Wa Yasmeen,1,15,2580,2026-06-21 15:09:24
watch,Fleabag,2,1,1500,2023-06-01 15:44:11
watch,Fleabag,2,5,1500,2023-06-01 15:44:17
watch,Fleabag,2,4,1500,2023-06-01 15:44:17
watch,Fleabag,1,2,1500,2023-05-31 10:51:55
watch,Fleabag,2,6,1500,2023-06-01 15:44:22
watch,Fleabag,1,6,1500,2023-05-31 10:55:53
watch,Fleabag,2,2,1500,2023-06-01 15:44:13
watch,Fleabag,1,1,1500,2023-05-31 10:51:00
watch,Fleabag,1,5,1500,2023-05-31 10:54:56
watch,Fleabag,2,3,1500,2023-06-01 15:44:14
watch,Fleabag,1,3,1500,2023-05-31 10:52:53
watch,Fleabag,1,4,1500,2023-05-31 10:53:13
watch,Most Dangerous Game,2,8,600,2023-03-24 15:50:37
watch,Most Dangerous Game,1,1,480,2022-09-02 18:53:54
watch,Most Dangerous Game,1,15,480,2022-09-02 18:53:54
watch,Most Dangerous Game,2,4,600,2023-03-24 13:59:53
watch,Most Dangerous Game,1,5,480,2022-09-02 18:53:54
watch,Most Dangerous Game,1,13,480,2022-09-02 18:53:54
watch,Most Dangerous Game,1,4,480,2022-09-02 18:53:54
watch,Most Dangerous Game,2,12,600,2023-03-24 15:50:37
watch,Most Dangerous Game,1,12,480,2022-09-02 18:53:54
watch,Most Dangerous Game,2,5,600,2023-03-24 13:59:53
watch,Most Dangerous Game,2,1,600,2023-03-23 12:20:30
watch,Most Dangerous Game,1,3,480,2022-09-02 18:53:54
watch,Most Dangerous Game,1,10,480,2022-09-02 18:53:54
watch,Most Dangerous Game,1,6,480,2022-09-02 18:53:54
watch,Most Dangerous Game,1,2,480,2022-09-02 18:53:54
watch,Most Dangerous Game,2,7,600,2023-03-24 13:59:53
watch,Most Dangerous Game,2,10,600,2023-03-24 15:50:37
watch,Most Dangerous Game,1,11,480,2022-09-02 18:53:54
watch,Most Dangerous Game,1,8,480,2022-09-02 18:53:54
watch,Most Dangerous Game,2,9,600,2023-03-24 15:50:37
watch,Most Dangerous Game,1,7,480,2022-09-02 18:53:54
watch,Most Dangerous Game,1,9,480,2022-09-02 18:53:54
watch,Most Dangerous Game,2,2,600,2023-03-24 13:59:31
watch,Most Dangerous Game,2,3,600,2023-03-24 13:59:53
watch,Most Dangerous Game,1,14,480,2022-09-02 18:53:54
watch,Most Dangerous Game,2,11,600,2023-03-24 15:50:37
watch,Most Dangerous Game,2,6,600,2023-03-24 13:59:53
watch,Apartment Tasks,2,5,2580,2025-03-10 13:43:54
watch,Apartment Tasks,1,7,2520,2025-03-03 11:52:02
watch,Apartment Tasks,2,6,2580,2025-03-14 03:24:22
watch,Apartment Tasks,2,10,2580,2025-05-11 01:00:56
watch,Apartment Tasks,1,14,2520,2025-03-03 11:52:02
watch,Apartment Tasks,1,9,2520,2025-03-03 11:52:02
watch,Apartment Tasks,2,11,2580,2025-05-11 01:00:56
watch,Apartment Tasks,2,9,2580,2025-05-11 01:00:56
watch,Apartment Tasks,1,3,2520,2025-03-03 11:52:02
watch,Apartment Tasks,2,14,2580,2025-05-11 01:00:56
watch,Apartment Tasks,1,1,2520,2025-03-03 11:52:02
watch,Apartment Tasks,2,3,2580,2025-03-10 13:43:16
watch,Apartment Tasks,2,13,2580,2025-05-11 01:00:56
watch,Apartment Tasks,2,12,2580,2025-05-11 01:00:56
watch,Apartment Tasks,1,11,2520,2025-03-03 11:52:02
watch,Apartment Tasks,1,6,2520,2025-03-03 11:52:02
watch,Apartment Tasks,1,8,2520,2025-03-03 11:52:02
watch,Apartment Tasks,1,10,2520,2025-03-03 11:52:02
watch,Apartment Tasks,2,15,2580,2025-05-03 12:47:20
watch,Apartment Tasks,2,2,2520,2025-03-03 11:52:38
watch,Apartment Tasks,2,8,2580,2025-05-11 01:00:56
watch,Apartment Tasks,1,5,2520,2025-03-03 11:52:02
watch,Apartment Tasks,1,12,2520,2025-03-03 11:52:02
watch,Apartment Tasks,2,4,2580,2025-03-10 13:43:26
watch,Apartment Tasks,1,15,2520,2025-03-03 11:52:02
watch,Apartment Tasks,1,13,2520,2025-03-03 11:52:02
watch,Apartment Tasks,2,1,2520,2025-03-03 11:52:05
watch,Apartment Tasks,1,4,2520,2025-03-03 11:52:02
watch,Apartment Tasks,1,2,2520,2025-03-03 11:52:02
watch,Apartment Tasks,2,7,2580,2025-03-25 00:35:44
watch,JoJo's Bizarre Adventure (2012),5,14,1500,2025-03-03 11:45:58
watch,JoJo's Bizarre Adventure (2012),1,1,1500,2022-08-30 08:58:10
watch,JoJo's Bizarre Adventure (2012),3,14,1500,2025-01-25 15:32:07
watch,JoJo's Bizarre Adventure (2012),1,24,1500,2022-09-06 00:35:56
watch,JoJo's Bizarre Adventure (2012),2,39,1500,2025-01-23 20:34:29
watch,JoJo's Bizarre Adventure (2012),4,22,1500,2025-02-09 23:36:56
watch,JoJo's Bizarre Adventure (2012),1,15,1500,2022-09-04 09:25:39
watch,JoJo's Bizarre Adventure (2012),2,29,1500,2025-01-20 15:39:27
watch,JoJo's Bizarre Adventure (2012),3,34,1500,2025-01-28 12:24:30
watch,JoJo's Bizarre Adventure (2012),1,20,1500,2022-09-04 09:25:39
watch,JoJo's Bizarre Adventure (2012),4,13,1500,2025-02-09 23:36:56
watch,JoJo's Bizarre Adventure (2012),3,26,1500,2025-01-28 12:24:49
watch,JoJo's Bizarre Adventure (2012),2,9,1500,2022-09-18 07:55:08
watch,JoJo's Bizarre Adventure (2012),2,33,1500,2025-01-20 15:39:33
watch,JoJo's Bizarre Adventure (2012),5,2,1500,2025-02-09 23:37:11
watch,JoJo's Bizarre Adventure (2012),5,12,1500,2025-02-18 15:26:58
watch,JoJo's Bizarre Adventure (2012),2,10,1500,2022-09-18 07:55:08
watch,JoJo's Bizarre Adventure (2012),2,18,1500,2022-09-26 21:40:56
watch,JoJo's Bizarre Adventure (2012),4,25,1500,2025-02-09 23:36:56
watch,JoJo's Bizarre Adventure (2012),2,1,1500,2022-09-06 00:35:56
watch,JoJo's Bizarre Adventure (2012),1,4,1500,2022-08-30 08:58:00
watch,JoJo's Bizarre Adventure (2012),3,28,1500,2025-01-28 12:24:49
watch,JoJo's Bizarre Adventure (2012),1,9,1500,2022-08-30 08:57:37
watch,JoJo's Bizarre Adventure (2012),1,25,1500,2022-09-06 00:35:56
watch,JoJo's Bizarre Adventure (2012),1,17,1500,2022-09-04 09:25:39
watch,JoJo's Bizarre Adventure (2012),3,2,1500,2025-01-23 20:34:29
watch,JoJo's Bizarre Adventure (2012),2,26,1500,2025-01-17 14:51:00
watch,JoJo's Bizarre Adventure (2012),2,41,1500,2025-01-23 20:34:29
watch,JoJo's Bizarre Adventure (2012),1,22,1500,2022-09-06 00:35:56
watch,JoJo's Bizarre Adventure (2012),2,32,1500,2025-01-20 15:39:30
watch,JoJo's Bizarre Adventure (2012),4,4,1500,2025-01-30 20:40:03
watch,JoJo's Bizarre Adventure (2012),1,3,1500,2022-08-30 08:58:05
watch,JoJo's Bizarre Adventure (2012),4,18,1500,2025-02-09 23:36:56
watch,JoJo's Bizarre Adventure (2012),2,34,1500,2025-01-20 15:39:39
watch,JoJo's Bizarre Adventure (2012),2,22,1500,2022-10-13 15:19:39
watch,JoJo's Bizarre Adventure (2012),3,12,1500,2025-01-25 14:13:15
watch,JoJo's Bizarre Adventure (2012),1,13,1500,2022-08-31 08:57:17
watch,JoJo's Bizarre Adventure (2012),3,36,1500,2025-01-28 12:24:02
watch,JoJo's Bizarre Adventure (2012),2,5,1500,2022-09-06 09:54:17
watch,JoJo's Bizarre Adventure (2012),2,21,1500,2022-10-10 08:06:57
watch,JoJo's Bizarre Adventure (2012),2,20,1500,2022-09-26 21:40:56
watch,JoJo's Bizarre Adventure (2012),5,6,1500,2025-02-11 14:16:47
watch,JoJo's Bizarre Adventure (2012),4,37,1500,2025-02-09 23:36:56
watch,JoJo's Bizarre Adventure (2012),2,4,1500,2022-09-06 09:54:17
watch,JoJo's Bizarre Adventure (2012),2,14,1500,2022-09-18 07:55:08
watch,JoJo's Bizarre Adventure (2012),4,9,1500,2025-01-30 20:40:17
watch,JoJo's Bizarre Adventure (2012),2,25,1500,2025-01-17 14:50:49
watch,JoJo's Bizarre Adventure (2012),3,33,1500,2025-01-28 12:24:49
watch,JoJo's Bizarre Adventure (2012),2,2,1500,2022-09-06 09:54:17
watch,JoJo's Bizarre Adventure (2012),2,11,1500,2022-09-18 07:55:08
watch,JoJo's Bizarre Adventure (2012),2,15,1500,2022-09-18 07:55:08
watch,JoJo's Bizarre Adventure (2012),4,35,1500,2025-02-09 23:36:56
watch,JoJo's Bizarre Adventure (2012),1,14,1500,2022-09-04 09:25:39
watch,JoJo's Bizarre Adventure (2012),1,11,1500,2022-08-30 09:15:10
watch,JoJo's Bizarre Adventure (2012),3,22,1500,2025-01-26 09:05:34
watch,JoJo's Bizarre Adventure (2012),5,8,1500,2025-02-11 14:16:54
watch,JoJo's Bizarre Adventure (2012),3,11,1500,2025-01-25 14:13:15
watch,JoJo's Bizarre Adventure (2012),4,15,1500,2025-02-09 23:36:56
watch,JoJo's Bizarre Adventure (2012),2,19,1500,2022-09-26 21:40:56
watch,JoJo's Bizarre Adventure (2012),4,21,1500,2025-02-09 23:36:56
watch,JoJo's Bizarre Adventure (2012),3,17,1500,2025-01-26 09:04:11
watch,JoJo's Bizarre Adventure (2012),3,31,1500,2025-01-28 12:24:49
watch,JoJo's Bizarre Adventure (2012),4,30,1500,2025-02-09 23:36:56
watch,JoJo's Bizarre Adventure (2012),2,38,1500,2025-01-23 20:34:29
watch,JoJo's Bizarre Adventure (2012),2,42,1500,2025-01-23 20:34:29
watch,JoJo's Bizarre Adventure (2012),4,33,1500,2025-02-09 23:36:56
watch,JoJo's Bizarre Adventure (2012),4,23,1500,2025-02-09 23:36:56
watch,JoJo's Bizarre Adventure (2012),3,4,1500,2025-01-23 20:34:29
watch,JoJo's Bizarre Adventure (2012),3,30,1500,2025-01-28 12:24:49
watch,JoJo's Bizarre Adventure (2012),4,38,1500,2025-02-09 23:36:56
watch,JoJo's Bizarre Adventure (2012),2,12,1500,2022-09-18 07:55:08
watch,JoJo's Bizarre Adventure (2012),2,36,1500,2025-01-20 16:17:10
watch,JoJo's Bizarre Adventure (2012),4,12,1500,2025-02-09 23:36:56
watch,JoJo's Bizarre Adventure (2012),3,25,1500,2025-01-28 12:24:49
watch,JoJo's Bizarre Adventure (2012),3,35,1500,2025-01-28 12:24:26
watch,JoJo's Bizarre Adventure (2012),3,16,1500,2025-01-26 09:03:49
watch,JoJo's Bizarre Adventure (2012),5,11,1500,2025-02-18 15:26:45
watch,JoJo's Bizarre Adventure (2012),1,16,1500,2022-09-04 09:25:39
watch,JoJo's Bizarre Adventure (2012),3,37,1500,2025-01-28 21:33:05
watch,JoJo's Bizarre Adventure (2012),2,17,1500,2022-09-26 21:40:56
watch,JoJo's Bizarre Adventure (2012),4,1,1500,2025-01-30 20:40:03
watch,JoJo's Bizarre Adventure (2012),2,37,1500,2025-01-20 16:17:13
watch,JoJo's Bizarre Adventure (2012),2,46,1500,2025-01-23 20:34:29
watch,JoJo's Bizarre Adventure (2012),3,9,1500,2025-01-25 14:13:15
watch,JoJo's Bizarre Adventure (2012),3,6,1500,2025-01-25 14:13:15
watch,JoJo's Bizarre Adventure (2012),3,29,1500,2025-01-28 12:24:49
watch,JoJo's Bizarre Adventure (2012),4,29,1500,2025-02-09 23:36:56
watch,JoJo's Bizarre Adventure (2012),3,15,1500,2025-01-25 15:32:34
watch,JoJo's Bizarre Adventure (2012),1,5,1500,2022-08-30 08:57:58
watch,JoJo's Bizarre Adventure (2012),2,27,1500,2025-01-20 15:39:26
watch,JoJo's Bizarre Adventure (2012),2,40,1500,2025-01-23 20:34:29
watch,JoJo's Bizarre Adventure (2012),5,13,1500,2025-02-18 15:27:04
watch,JoJo's Bizarre Adventure (2012),4,34,1500,2025-02-09 23:36:56
watch,JoJo's Bizarre Adventure (2012),2,47,1500,2025-01-23 20:34:29
watch,JoJo's Bizarre Adventure (2012),2,48,1500,2025-01-23 20:34:29
watch,JoJo's Bizarre Adventure (2012),4,10,1500,2025-02-09 23:36:56
watch,JoJo's Bizarre Adventure (2012),4,28,1500,2025-02-09 23:36:56
watch,JoJo's Bizarre Adventure (2012),4,11,1500,2025-02-09 23:36:56
watch,JoJo's Bizarre Adventure (2012),3,18,1500,2025-01-26 09:04:29
watch,JoJo's Bizarre Adventure (2012),3,3,1500,2025-01-23 20:34:29
watch,JoJo's Bizarre Adventure (2012),3,24,1500,2025-01-28 12:24:49
watch,JoJo's Bizarre Adventure (2012),2,24,1500,2025-01-17 14:50:47
watch,JoJo's Bizarre Adventure (2012),3,39,1500,2025-01-28 21:33:05
watch,JoJo's Bizarre Adventure (2012),4,6,1500,2025-01-30 20:40:03
watch,JoJo's Bizarre Adventure (2012),2,45,1500,2025-01-23 20:34:29
watch,JoJo's Bizarre Adventure (2012),1,10,1500,2022-08-30 08:57:35
watch,JoJo's Bizarre Adventure (2012),4,27,1500,2025-02-09 23:36:56
watch,JoJo's Bizarre Adventure (2012),5,7,1500,2025-02-11 14:16:50
watch,JoJo's Bizarre Adventure (2012),2,23,1500,2022-10-13 15:19:42
watch,JoJo's Bizarre Adventure (2012),2,35,1500,2025-01-20 15:39:41
watch,JoJo's Bizarre Adventure (2012),3,8,1500,2025-01-25 14:13:15
watch,JoJo's Bizarre Adventure (2012),3,5,1500,2025-01-23 20:34:29
watch,JoJo's Bizarre Adventure (2012),4,26,1500,2025-02-09 23:36:56
watch,JoJo's Bizarre Adventure (2012),2,30,1500,2025-01-20 15:39:29
watch,JoJo's Bizarre Adventure (2012),2,7,1500,2022-09-18 07:55:08
watch,JoJo's Bizarre Adventure (2012),3,1,1500,2025-01-23 20:34:29
watch,JoJo's Bizarre Adventure (2012),4,39,1500,2025-02-09 23:36:56
watch,JoJo's Bizarre Adventure (2012),5,5,1500,2025-02-09 23:37:11
watch,JoJo's Bizarre Adventure (2012),4,17,1500,2025-02-09 23:36:56
watch,JoJo's Bizarre Adventure (2012),4,2,1500,2025-01-30 20:40:03
watch,JoJo's Bizarre Adventure (2012),2,13,1500,2022-09-18 07:55:08
watch,JoJo's Bizarre Adventure (2012),2,43,1500,2025-01-23 20:34:29
watch,JoJo's Bizarre Adventure (2012),4,7,1500,2025-01-30 20:40:03
watch,JoJo's Bizarre Adventure (2012),3,7,1500,2025-01-25 14:13:15
watch,JoJo's Bizarre Adventure (2012),2,31,1500,2025-01-20 15:39:29
watch,JoJo's Bizarre Adventure (2012),3,27,1500,2025-01-28 12:24:49
watch,JoJo's Bizarre Adventure (2012),5,1,1500,2025-02-09 23:37:11
watch,JoJo's Bizarre Adventure (2012),3,13,1500,2025-01-25 14:13:15
watch,JoJo's Bizarre Adventure (2012),3,19,1500,2025-01-26 09:04:44
watch,JoJo's Bizarre Adventure (2012),1,12,1500,2022-08-31 08:57:17
watch,JoJo's Bizarre Adventure (2012),5,3,1500,2025-02-09 23:37:11
watch,JoJo's Bizarre Adventure (2012),3,38,1500,2025-01-28 21:33:05
watch,JoJo's Bizarre Adventure (2012),1,6,1500,2022-08-30 08:57:56
watch,JoJo's Bizarre Adventure (2012),2,6,1500,2022-09-18 07:55:08
watch,JoJo's Bizarre Adventure (2012),1,23,1500,2022-09-06 00:35:56
watch,JoJo's Bizarre Adventure (2012),4,5,1500,2025-01-30 20:40:03
watch,JoJo's Bizarre Adventure (2012),2,28,1500,2025-01-20 15:39:27
watch,JoJo's Bizarre Adventure (2012),2,3,1500,2022-09-06 09:54:17
watch,JoJo's Bizarre Adventure (2012),3,20,1500,2025-01-26 09:04:58
watch,JoJo's Bizarre Adventure (2012),1,2,1500,2022-08-30 08:58:05
watch,JoJo's Bizarre Adventure (2012),4,32,1500,2025-02-09 23:36:56
watch,JoJo's Bizarre Adventure (2012),4,3,1500,2025-01-30 20:40:03
watch,JoJo's Bizarre Adventure (2012),1,19,1500,2022-09-04 09:25:39
watch,JoJo's Bizarre Adventure (2012),2,44,1500,2025-01-23 20:34:29
watch,JoJo's Bizarre Adventure (2012),4,20,1500,2025-02-09 23:36:56
watch,JoJo's Bizarre Adventure (2012),1,21,1500,2022-09-06 00:35:56
watch,JoJo's Bizarre Adventure (2012),4,31,1500,2025-02-09 23:36:56
watch,JoJo's Bizarre Adventure (2012),1,8,1500,2022-08-30 08:57:49
watch,JoJo's Bizarre Adventure (2012),5,9,1500,2025-02-18 15:25:53
watch,JoJo's Bizarre Adventure (2012),3,21,1500,2025-01-26 09:05:12
watch,JoJo's Bizarre Adventure (2012),3,32,1500,2025-01-28 12:24:49
watch,JoJo's Bizarre Adventure (2012),5,10,1500,2025-02-18 15:25:57
watch,JoJo's Bizarre Adventure (2012),1,18,1500,2022-09-04 09:25:39
watch,JoJo's Bizarre Adventure (2012),3,10,1500,2025-01-25 14:13:15
watch,JoJo's Bizarre Adventure (2012),4,19,1500,2025-02-09 23:36:56
watch,JoJo's Bizarre Adventure (2012),4,14,1500,2025-02-09 23:36:56
watch,JoJo's Bizarre Adventure (2012),4,24,1500,2025-02-09 23:36:56
watch,JoJo's Bizarre Adventure (2012),1,26,1500,2022-09-06 00:35:56
watch,JoJo's Bizarre Adventure (2012),3,23,1500,2025-01-28 12:24:49
watch,JoJo's Bizarre Adventure (2012),4,8,1500,2025-01-30 20:40:03
watch,JoJo's Bizarre Adventure (2012),2,8,1500,2022-09-18 07:55:08
watch,JoJo's Bizarre Adventure (2012),4,16,1500,2025-02-09 23:36:56
watch,JoJo's Bizarre Adventure (2012),2,16,1500,2022-09-26 21:40:56
watch,JoJo's Bizarre Adventure (2012),4,36,1500,2025-02-09 23:36:56
watch,JoJo's Bizarre Adventure (2012),5,4,1500,2025-02-09 23:37:11
watch,JoJo's Bizarre Adventure (2012),1,7,1500,2022-08-30 08:57:54
watch,Stranger Things,1,6,3060,2022-03-05 09:38:47
watch,Stranger Things,3,5,3060,2022-03-05 09:44:13
watch,Stranger Things,5,8,3900,2026-01-01 20:06:54
watch,Stranger Things,2,3,0,2022-03-05 09:43:55
watch,Stranger Things,2,4,3060,2022-03-05 09:43:55
watch,Stranger Things,4,1,3720,2022-06-08 21:49:15
watch,Stranger Things,3,7,3060,2022-03-05 09:44:13
watch,Stranger Things,1,8,3060,2022-03-05 09:38:47
watch,Stranger Things,2,9,3060,2022-03-05 09:43:55
watch,Stranger Things,2,5,3060,2022-03-05 09:43:55
watch,Stranger Things,3,6,3060,2022-03-05 09:44:13
watch,Stranger Things,3,1,3060,2022-03-05 09:44:13
watch,Stranger Things,2,2,3060,2022-03-05 09:43:55
watch,Stranger Things,1,1,3060,2022-03-05 09:38:47
watch,Stranger Things,4,8,3720,2022-07-06 09:47:36
watch,Stranger Things,2,7,3060,2022-03-05 09:43:55
watch,Stranger Things,3,8,3060,2022-03-05 09:44:13
watch,Stranger Things,4,5,3720,2022-06-12 10:41:41
watch,Stranger Things,4,7,3720,2022-06-20 08:49:27
watch,Stranger Things,5,2,3900,2025-12-01 16:29:38
watch,Stranger Things,5,1,3900,2025-11-30 03:17:43
watch,Stranger Things,1,7,3060,2022-03-05 09:38:47
watch,Stranger Things,5,4,3900,2025-12-01 16:34:40
watch,Stranger Things,4,6,0,2022-06-12 10:41:58
watch,Stranger Things,2,6,3060,2022-03-05 09:43:55
watch,Stranger Things,4,4,3720,2022-06-11 01:38:17
watch,Stranger Things,3,3,3060,2022-03-05 09:44:13
watch,Stranger Things,2,8,3060,2022-03-05 09:43:55
watch,Stranger Things,2,1,3060,2022-03-05 09:43:55
watch,Stranger Things,1,5,3060,2022-03-05 09:38:47
watch,Stranger Things,5,3,3900,2025-12-01 16:33:26
watch,Stranger Things,4,9,3720,2022-07-06 10:00:44
watch,Stranger Things,5,6,3900,2025-12-26 15:27:05
watch,Stranger Things,4,3,3720,2022-06-08 21:57:00
watch,Stranger Things,1,3,3060,2022-03-05 09:38:47
watch,Stranger Things,3,4,3060,2022-03-05 09:44:13
watch,Stranger Things,5,7,3900,2025-12-26 15:28:44
watch,Stranger Things,1,2,3060,2022-03-05 09:38:47
watch,Stranger Things,3,2,3060,2022-03-05 09:44:13
watch,Stranger Things,4,2,3720,2022-06-08 21:49:15
watch,Stranger Things,5,5,3900,2025-12-26 15:25:17
watch,Stranger Things,1,4,3060,2022-03-05 09:38:47
watch,The Flintstones,5,5,1500,2023-06-06 15:49:32
watch,The Flintstones,3,8,1500,2023-06-06 15:49:32
watch,The Flintstones,4,13,1500,2023-06-06 15:49:32
watch,The Flintstones,1,26,1500,2023-06-06 15:49:32
watch,The Flintstones,1,5,1500,2023-06-06 15:49:32
watch,The Flintstones,1,14,1500,2023-06-06 15:49:32
watch,The Flintstones,4,7,1500,2023-06-06 15:49:32
watch,The Flintstones,5,6,1500,2023-06-06 15:49:32
watch,The Flintstones,2,21,1500,2023-06-06 15:49:32
watch,The Flintstones,5,12,1500,2023-06-06 15:49:32
watch,The Flintstones,6,6,1500,2023-06-06 15:49:32
watch,The Flintstones,3,4,1500,2023-06-06 15:49:32
watch,The Flintstones,5,2,1500,2023-06-06 15:49:32
watch,The Flintstones,3,1,1500,2023-06-06 15:49:32
watch,The Flintstones,3,6,1500,2023-06-06 15:49:32
watch,The Flintstones,2,10,1500,2023-06-06 15:49:32
watch,The Flintstones,5,11,1500,2023-06-06 15:49:32
watch,The Flintstones,3,2,1500,2023-06-06 15:49:32
watch,The Flintstones,1,17,1500,2023-06-06 15:49:32
watch,The Flintstones,1,16,1500,2023-06-06 15:49:32
watch,The Flintstones,2,18,1500,2023-06-06 15:49:32
watch,The Flintstones,3,5,1500,2023-06-06 15:49:32
watch,The Flintstones,5,25,1500,2023-06-06 15:49:32
watch,The Flintstones,6,2,1500,2023-06-06 15:49:32
watch,The Flintstones,2,20,1500,2023-06-06 15:49:32
watch,The Flintstones,2,6,1500,2023-06-06 15:49:32
watch,The Flintstones,1,10,1500,2023-06-06 15:49:32
watch,The Flintstones,6,1,1500,2023-06-06 15:49:32
watch,The Flintstones,4,10,1500,2023-06-06 15:49:32
watch,The Flintstones,3,11,1500,2023-06-06 15:49:32
watch,The Flintstones,2,7,1500,2023-06-06 15:49:32
watch,The Flintstones,2,25,1500,2023-06-06 15:49:32
watch,The Flintstones,6,11,1500,2023-06-06 15:49:32
watch,The Flintstones,2,26,1500,2023-06-06 15:49:32
watch,The Flintstones,5,4,1500,2023-06-06 15:49:32
watch,The Flintstones,5,7,1500,2023-06-06 15:49:32
watch,The Flintstones,3,3,1500,2023-06-06 15:49:32
watch,The Flintstones,5,16,1500,2023-06-06 15:49:32
watch,The Flintstones,1,11,1500,2023-06-06 15:49:32
watch,The Flintstones,4,14,1500,2023-06-06 15:49:32
watch,The Flintstones,5,26,1500,2023-06-06 15:49:32
watch,The Flintstones,4,11,1500,2023-06-06 15:49:32
watch,The Flintstones,3,27,1500,2023-06-06 15:49:32
watch,The Flintstones,4,16,1500,2023-06-06 15:49:32
watch,The Flintstones,3,20,1500,2023-06-06 15:49:32
watch,The Flintstones,2,19,1500,2023-06-06 15:49:32
watch,The Flintstones,3,15,1500,2023-06-06 15:49:32
watch,The Flintstones,5,13,1500,2023-06-06 15:49:32
watch,The Flintstones,5,23,1500,2023-06-06 15:49:32
watch,The Flintstones,2,8,1500,2023-06-06 15:49:32
watch,The Flintstones,3,26,1500,2023-06-06 15:49:32
watch,The Flintstones,2,4,1500,2023-06-06 15:49:32
watch,The Flintstones,1,15,1500,2023-06-06 15:49:32
watch,The Flintstones,4,22,1500,2023-06-06 15:49:32
watch,The Flintstones,6,17,1500,2023-06-06 15:49:32
watch,The Flintstones,1,28,1500,2023-06-06 15:49:32
watch,The Flintstones,6,5,1500,2023-06-06 15:49:32
watch,The Flintstones,2,3,1500,2023-06-06 15:49:32
watch,The Flintstones,2,23,1500,2023-06-06 15:49:32
watch,The Flintstones,4,21,1500,2023-06-06 15:49:32
watch,The Flintstones,4,17,1500,2023-06-06 15:49:32
watch,The Flintstones,2,15,1500,2023-06-06 15:49:32
watch,The Flintstones,1,23,1500,2023-06-06 15:49:32
watch,The Flintstones,3,23,1500,2023-06-06 15:49:32
watch,The Flintstones,6,13,1500,2023-06-06 15:49:32
watch,The Flintstones,2,22,1500,2023-06-06 15:49:32
watch,The Flintstones,1,7,1500,2023-06-06 15:49:32
watch,The Flintstones,6,10,1500,2023-06-06 15:49:32
watch,The Flintstones,1,18,1500,2023-06-06 15:49:32
watch,The Flintstones,5,20,1500,2023-06-06 15:49:32
watch,The Flintstones,6,14,1500,2023-06-06 15:49:32
watch,The Flintstones,2,2,1500,2023-06-06 15:49:32
watch,The Flintstones,6,15,1500,2023-06-06 15:49:32
watch,The Flintstones,1,6,1500,2023-06-06 15:49:32
watch,The Flintstones,1,21,1500,2023-06-06 15:49:32
watch,The Flintstones,4,24,1500,2023-06-06 15:49:32
watch,The Flintstones,5,8,1500,2023-06-06 15:49:32
watch,The Flintstones,4,15,1500,2023-06-06 15:49:32
watch,The Flintstones,4,8,1500,2023-06-06 15:49:32
watch,The Flintstones,1,24,1500,2023-06-06 15:49:32
watch,The Flintstones,6,22,1500,2023-06-06 15:49:32
watch,The Flintstones,6,18,1500,2023-06-06 15:49:32
watch,The Flintstones,4,4,1500,2023-06-06 15:49:32
watch,The Flintstones,5,14,1500,2023-06-06 15:49:32
watch,The Flintstones,2,30,1500,2023-06-06 15:49:32
watch,The Flintstones,2,31,1500,2023-06-06 15:49:32
watch,The Flintstones,5,17,1500,2023-06-06 15:49:32
watch,The Flintstones,1,3,1500,2023-06-06 15:49:32
watch,The Flintstones,3,9,1500,2023-06-06 15:49:32
watch,The Flintstones,3,13,1500,2023-06-06 15:49:32
watch,The Flintstones,5,22,1500,2023-06-06 15:49:32
watch,The Flintstones,4,18,1500,2023-06-06 15:49:32
watch,The Flintstones,1,22,1500,2023-06-06 15:49:32
watch,The Flintstones,3,10,1500,2023-06-06 15:49:32
watch,The Flintstones,4,1,1500,2023-06-06 15:49:32
watch,The Flintstones,6,7,1500,2023-06-06 15:49:32
watch,The Flintstones,2,29,1500,2023-06-06 15:49:32
watch,The Flintstones,5,19,1500,2023-06-06 15:49:32
watch,The Flintstones,6,19,1500,2023-06-06 15:49:32
watch,The Flintstones,1,19,1500,2023-06-06 15:49:32
watch,The Flintstones,3,25,1500,2023-06-06 15:49:32
watch,The Flintstones,2,27,1500,2023-06-06 15:49:32
watch,The Flintstones,4,5,1500,2023-06-06 15:49:32
watch,The Flintstones,2,5,1500,2023-06-06 15:49:32
watch,The Flintstones,5,3,1500,2023-06-06 15:49:32
watch,The Flintstones,2,16,1500,2023-06-06 15:49:32
watch,The Flintstones,6,8,1500,2023-06-06 15:49:32
watch,The Flintstones,6,24,1500,2023-06-06 15:49:32
watch,The Flintstones,2,17,1500,2023-06-06 15:49:32
watch,The Flintstones,1,9,1500,2023-06-06 15:49:32
watch,The Flintstones,6,23,1500,2023-06-06 15:49:32
watch,The Flintstones,3,22,1500,2023-06-06 15:49:32
watch,The Flintstones,1,4,1500,2023-06-06 15:49:32
watch,The Flintstones,1,13,1500,2023-06-06 15:49:32
watch,The Flintstones,6,3,1500,2023-06-06 15:49:32
watch,The Flintstones,6,4,1500,2023-06-06 15:49:32
watch,The Flintstones,4,6,1500,2023-06-06 15:49:32
watch,The Flintstones,1,2,1500,2023-06-06 15:49:32
watch,The Flintstones,5,10,1500,2023-06-06 15:49:32
watch,The Flintstones,3,14,1500,2023-06-06 15:49:32
watch,The Flintstones,3,12,1500,2023-06-06 15:49:32
watch,The Flintstones,1,1,1500,2023-06-06 15:49:32
watch,The Flintstones,4,25,1500,2023-06-06 15:49:32
watch,The Flintstones,6,12,1500,2023-06-06 15:49:32
watch,The Flintstones,4,2,1500,2023-06-06 15:49:32
watch,The Flintstones,2,24,1500,2023-06-06 15:49:32
watch,The Flintstones,3,28,1500,2023-06-06 15:49:32
watch,The Flintstones,3,7,1500,2023-06-06 15:49:32
watch,The Flintstones,3,17,1500,2023-06-06 15:49:32
watch,The Flintstones,6,26,1500,2023-06-06 15:49:32
watch,The Flintstones,5,15,1500,2023-06-06 15:49:32
watch,The Flintstones,3,21,1500,2023-06-06 15:49:32
watch,The Flintstones,4,23,1500,2023-06-06 15:49:32
watch,The Flintstones,5,9,1500,2023-06-06 15:49:32
watch,The Flintstones,4,12,1500,2023-06-06 15:49:32
watch,The Flintstones,4,20,1500,2023-06-06 15:49:32
watch,The Flintstones,4,9,1500,2023-06-06 15:49:32
watch,The Flintstones,2,13,1500,2023-06-06 15:49:32
watch,The Flintstones,5,18,1500,2023-06-06 15:49:32
watch,The Flintstones,6,9,1500,2023-06-06 15:49:32
watch,The Flintstones,1,27,1500,2023-06-06 15:49:32
watch,The Flintstones,1,20,1500,2023-06-06 15:49:32
watch,The Flintstones,2,14,1500,2023-06-06 15:49:32
watch,The Flintstones,6,20,1500,2023-06-06 15:49:32
watch,The Flintstones,6,25,1500,2023-06-06 15:49:32
watch,The Flintstones,6,21,1500,2023-06-06 15:49:32
watch,The Flintstones,5,24,1500,2023-06-06 15:49:32
watch,The Flintstones,2,1,1500,2023-06-06 15:49:32
watch,The Flintstones,5,21,1500,2023-06-06 15:49:32
watch,The Flintstones,2,12,1500,2023-06-06 15:49:32
watch,The Flintstones,2,11,1500,2023-06-06 15:49:32
watch,The Flintstones,3,24,1500,2023-06-06 15:49:32
watch,The Flintstones,4,19,1500,2023-06-06 15:49:32
watch,The Flintstones,3,19,1500,2023-06-06 15:49:32
watch,The Flintstones,4,26,1500,2023-06-06 15:49:32
watch,The Flintstones,1,8,1500,2023-06-06 15:49:32
watch,The Flintstones,3,16,1500,2023-06-06 15:49:32
watch,The Flintstones,3,18,1500,2023-06-06 15:49:32
watch,The Flintstones,1,12,1500,2023-06-06 15:49:32
watch,The Flintstones,6,16,1500,2023-06-06 15:49:32
watch,The Flintstones,2,28,1500,2023-06-06 15:49:32
watch,The Flintstones,2,32,1500,2023-06-06 15:49:32
watch,The Flintstones,2,9,1500,2023-06-06 15:49:32
watch,The Flintstones,4,3,1500,2023-06-06 15:49:32
watch,The Flintstones,1,25,1500,2023-06-06 15:49:32
watch,The Flintstones,5,1,1500,2023-06-06 15:49:32
watch,Tom and Jerry,0,3,420,2026-01-27 12:42:31
watch,Tom and Jerry,1960,40,420,2023-06-04 12:22:45
watch,Tom and Jerry,1950,58,420,2023-06-04 12:22:44
watch,Tom and Jerry,1960,15,420,2023-06-04 12:22:45
watch,Tom and Jerry,0,6,420,2026-01-27 12:42:34
watch,Tom and Jerry,1940,14,420,2023-06-04 12:22:42
watch,Tom and Jerry,1960,21,420,2023-06-04 12:22:45
watch,Tom and Jerry,1960,22,420,2023-06-04 12:22:45
watch,Tom and Jerry,1960,27,420,2023-06-04 12:22:45
watch,Tom and Jerry,1950,54,420,2023-06-04 12:22:44
watch,Tom and Jerry,1950,15,420,2023-06-04 12:22:44
watch,Tom and Jerry,0,7,420,2026-01-27 12:42:35
watch,Tom and Jerry,1960,47,420,2023-06-04 12:22:45
watch,Tom and Jerry,1940,3,420,2023-06-04 12:22:42
watch,Tom and Jerry,1950,42,420,2023-06-04 12:22:44
watch,Tom and Jerry,0,16,420,2026-01-27 12:42:50
watch,Tom and Jerry,1950,50,420,2023-06-04 12:22:44
watch,Tom and Jerry,1950,32,420,2023-06-04 12:22:44
watch,Tom and Jerry,1960,5,420,2023-06-04 12:22:45
watch,Tom and Jerry,1950,67,420,2023-06-04 12:22:44
watch,Tom and Jerry,1960,44,420,2023-06-04 12:22:45
watch,Tom and Jerry,1940,11,420,2023-06-04 12:22:42
watch,Tom and Jerry,1950,19,420,2023-06-04 12:22:44
watch,Tom and Jerry,1940,46,420,2023-06-04 12:22:42
watch,Tom and Jerry,1940,34,420,2023-06-04 12:22:42
watch,Tom and Jerry,1950,56,420,2023-06-04 12:22:44
watch,Tom and Jerry,1940,2,420,2023-06-04 12:22:42
watch,Tom and Jerry,1960,18,420,2023-06-04 12:22:45
watch,Tom and Jerry,1960,34,420,2023-06-04 12:22:45
watch,Tom and Jerry,1950,65,420,2023-06-04 12:22:44
watch,Tom and Jerry,1950,25,420,2023-06-04 12:22:44
watch,Tom and Jerry,1950,27,420,2023-06-04 12:22:44
watch,Tom and Jerry,1950,7,420,2023-06-04 12:22:44
watch,Tom and Jerry,1950,4,420,2023-06-04 12:22:44
watch,Tom and Jerry,1940,38,420,2023-06-04 12:22:42
watch,Tom and Jerry,0,14,420,2026-01-27 12:42:42
watch,Tom and Jerry,1950,2,420,2023-06-04 12:22:44
watch,Tom and Jerry,1960,33,420,2023-06-04 12:22:45
watch,Tom and Jerry,1960,29,420,2023-06-04 12:22:45
watch,Tom and Jerry,1960,17,420,2023-06-04 12:22:45
watch,Tom and Jerry,1960,12,420,2023-06-04 12:22:45
watch,Tom and Jerry,1940,8,420,2023-06-04 12:22:42
watch,Tom and Jerry,1950,37,420,2023-06-04 12:22:44
watch,Tom and Jerry,1960,31,420,2023-06-04 12:22:45
watch,Tom and Jerry,1950,9,420,2023-06-04 12:22:44
watch,Tom and Jerry,1950,57,420,2023-06-04 12:22:44
watch,Tom and Jerry,0,4,420,2026-01-27 12:42:33
watch,Tom and Jerry,1940,45,420,2023-06-04 12:22:42
watch,Tom and Jerry,1950,24,420,2023-06-04 12:22:44
watch,Tom and Jerry,1960,3,420,2023-06-04 12:22:45
watch,Tom and Jerry,1940,40,420,2023-06-04 12:22:42
watch,Tom and Jerry,1960,37,420,2023-06-04 12:22:45
watch,Tom and Jerry,1960,2,420,2023-06-04 12:22:45
watch,Tom and Jerry,1950,18,420,2023-06-04 12:22:44
watch,Tom and Jerry,1940,17,420,2023-06-04 12:22:42
watch,Tom and Jerry,1960,30,420,2023-06-04 12:22:45
watch,Tom and Jerry,1950,28,420,2023-06-04 12:22:44
watch,Tom and Jerry,1950,41,420,2023-06-04 12:22:44
watch,Tom and Jerry,1960,23,420,2023-06-04 12:22:45
watch,Tom and Jerry,1940,18,420,2023-06-04 12:22:42
watch,Tom and Jerry,1950,8,420,2023-06-04 12:22:44
watch,Tom and Jerry,1940,42,420,2023-06-04 12:22:42
watch,Tom and Jerry,0,13,420,2026-01-27 12:42:44
watch,Tom and Jerry,1960,16,420,2023-06-04 12:22:45
watch,Tom and Jerry,1940,21,420,2023-06-04 12:22:42
watch,Tom and Jerry,1960,24,420,2023-06-04 12:22:45
watch,Tom and Jerry,0,12,420,2026-01-27 12:42:40
watch,Tom and Jerry,1940,5,420,2023-06-04 12:22:42
watch,Tom and Jerry,1960,13,420,2023-06-04 12:22:45
watch,Tom and Jerry,1950,29,420,2023-06-04 12:22:44
watch,Tom and Jerry,1950,11,420,2023-06-04 12:22:44
watch,Tom and Jerry,0,5,420,2026-01-27 12:42:33
watch,Tom and Jerry,1960,26,420,2023-06-04 12:22:45
watch,Tom and Jerry,1940,25,420,2023-06-04 12:22:42
watch,Tom and Jerry,1940,35,420,2023-06-04 12:22:42
watch,Tom and Jerry,1950,53,420,2023-06-04 12:22:44
watch,Tom and Jerry,1940,30,420,2023-06-04 12:22:42
watch,Tom and Jerry,1940,28,420,2023-06-04 12:22:42
watch,Tom and Jerry,1940,24,420,2023-06-04 12:22:42
watch,Tom and Jerry,1950,52,420,2023-06-04 12:22:44
watch,Tom and Jerry,1940,7,420,2023-06-04 12:22:42
watch,Tom and Jerry,1950,43,420,2023-06-04 12:22:44
watch,Tom and Jerry,1960,46,420,2023-06-04 12:22:45
watch,Tom and Jerry,1940,16,420,2023-06-04 12:22:42
watch,Tom and Jerry,1950,60,420,2023-06-04 12:22:44
watch,Tom and Jerry,1950,6,420,2023-06-04 12:22:44
watch,Tom and Jerry,1960,36,420,2023-06-04 12:22:45
watch,Tom and Jerry,1940,13,420,2023-06-04 12:22:42
watch,Tom and Jerry,0,2,420,2026-01-27 12:42:31
watch,Tom and Jerry,1940,27,420,2023-06-04 12:22:42
watch,Tom and Jerry,1950,49,420,2023-06-04 12:22:44
watch,Tom and Jerry,1950,34,420,2023-06-04 12:22:44
watch,Tom and Jerry,1940,23,420,2023-06-04 12:22:42
watch,Tom and Jerry,0,8,420,2026-01-27 12:42:36
watch,Tom and Jerry,1960,6,420,2023-06-04 12:22:45
watch,Tom and Jerry,0,11,420,2026-01-27 12:42:39
watch,Tom and Jerry,1950,45,420,2023-06-04 12:22:44
watch,Tom and Jerry,1950,1,420,2023-06-04 12:22:44
watch,Tom and Jerry,1940,39,420,2023-06-04 12:22:42
watch,Tom and Jerry,0,10,420,2026-01-27 12:42:38
watch,Tom and Jerry,1960,45,420,2023-06-04 12:22:45
watch,Tom and Jerry,1950,68,420,2023-06-04 12:22:44
watch,Tom and Jerry,1950,26,420,2023-06-04 12:22:44
watch,Tom and Jerry,1940,29,420,2023-06-04 12:22:42
watch,Tom and Jerry,1940,44,420,2023-06-04 12:22:42
watch,Tom and Jerry,1940,26,420,2023-06-04 12:22:42
watch,Tom and Jerry,1960,42,420,2023-06-04 12:22:45
watch,Tom and Jerry,1940,41,420,2023-06-04 12:22:42
watch,Tom and Jerry,0,15,420,2026-01-27 12:42:43
watch,Tom and Jerry,1960,11,420,2023-06-04 12:22:45
watch,Tom and Jerry,1960,4,420,2023-06-04 12:22:45
watch,Tom and Jerry,1950,66,420,2023-06-04 12:22:44
watch,Tom and Jerry,1960,38,420,2023-06-04 12:22:45
watch,Tom and Jerry,1940,36,420,2023-06-04 12:22:42
watch,Tom and Jerry,1950,35,420,2023-06-04 12:22:44
watch,Tom and Jerry,1950,47,420,2023-06-04 12:22:44
watch,Tom and Jerry,1950,51,420,2023-06-04 12:22:44
watch,Tom and Jerry,1940,4,420,2023-06-04 12:22:42
watch,Tom and Jerry,1950,23,420,2023-06-04 12:22:44
watch,Tom and Jerry,1960,9,420,2023-06-04 12:22:45
watch,Tom and Jerry,1940,43,420,2023-06-04 12:22:42
watch,Tom and Jerry,1960,19,420,2023-06-04 12:22:45
watch,Tom and Jerry,1950,40,420,2023-06-04 12:22:44
watch,Tom and Jerry,1960,41,420,2023-06-04 12:22:45
watch,Tom and Jerry,1950,31,420,2023-06-04 12:22:44
watch,Tom and Jerry,1950,55,420,2023-06-04 12:22:44
watch,Tom and Jerry,1940,9,420,2023-06-04 12:22:42
watch,Tom and Jerry,1950,30,420,2023-06-04 12:22:44
watch,Tom and Jerry,1950,3,420,2023-06-04 12:22:44
watch,Tom and Jerry,1950,12,420,2023-06-04 12:22:44
watch,Tom and Jerry,1950,39,420,2023-06-04 12:22:44
watch,Tom and Jerry,1940,1,420,2023-06-04 12:22:42
watch,Tom and Jerry,1950,21,420,2023-06-04 12:22:44
watch,Tom and Jerry,1950,59,420,2023-06-04 12:22:44
watch,Tom and Jerry,1950,44,420,2023-06-04 12:22:44
watch,Tom and Jerry,0,9,420,2026-01-27 12:42:38
watch,Tom and Jerry,1940,31,420,2023-06-04 12:22:42
watch,Tom and Jerry,1950,48,420,2023-06-04 12:22:44
watch,Tom and Jerry,1940,37,420,2023-06-04 12:22:42
watch,Tom and Jerry,1950,10,420,2023-06-04 12:22:44
watch,Tom and Jerry,1940,33,420,2023-06-04 12:22:42
watch,Tom and Jerry,1960,32,420,2023-06-04 12:22:45
watch,Tom and Jerry,1950,61,420,2023-06-04 12:22:44
watch,Tom and Jerry,1940,10,420,2023-06-04 12:22:42
watch,Tom and Jerry,1960,43,420,2023-06-04 12:22:45
watch,Tom and Jerry,1960,28,420,2023-06-04 12:22:45
watch,Tom and Jerry,1960,14,420,2023-06-04 12:22:45
watch,Tom and Jerry,1960,35,420,2023-06-04 12:22:45
watch,Tom and Jerry,1960,25,420,2023-06-04 12:22:45
watch,Tom and Jerry,1950,38,420,2023-06-04 12:22:44
watch,Tom and Jerry,1940,15,420,2023-06-04 12:22:42
watch,Tom and Jerry,1940,22,420,2023-06-04 12:22:42
watch,Tom and Jerry,1940,19,420,2023-06-04 12:22:42
watch,Tom and Jerry,1940,32,420,2023-06-04 12:22:42
watch,Tom and Jerry,1960,20,420,2023-06-04 12:22:45
watch,Tom and Jerry,1950,16,420,2023-06-04 12:22:44
watch,Tom and Jerry,1950,14,420,2023-06-04 12:22:44
watch,Tom and Jerry,1950,5,420,2023-06-04 12:22:44
watch,Tom and Jerry,1950,22,420,2023-06-04 12:22:44
watch,Tom and Jerry,1960,1,420,2023-06-04 12:22:45
watch,Tom and Jerry,1950,62,420,2023-06-04 12:22:44
watch,Tom and Jerry,1950,36,420,2023-06-04 12:22:44
watch,Tom and Jerry,1960,10,420,2023-06-04 12:22:45
watch,Tom and Jerry,1940,6,420,2023-06-04 12:22:42
watch,Tom and Jerry,1950,46,420,2023-06-04 12:22:44
watch,Tom and Jerry,1960,7,420,2023-06-04 12:22:45
watch,Tom and Jerry,1950,13,420,2023-06-04 12:22:44
watch,Tom and Jerry,1940,20,420,2023-06-04 12:22:42
watch,Tom and Jerry,1960,39,420,2023-06-04 12:22:45
watch,Tom and Jerry,1950,64,420,2023-06-04 12:22:44
watch,Tom and Jerry,1950,17,420,2023-06-04 12:22:44
watch,Tom and Jerry,1950,33,420,2023-06-04 12:22:44
watch,Tom and Jerry,1960,8,420,2023-06-04 12:22:45
watch,Tom and Jerry,1950,63,420,2023-06-04 12:22:44
watch,Tom and Jerry,1950,20,420,2023-06-04 12:22:44
watch,Tom and Jerry,1940,12,420,2023-06-04 12:22:42
watch,What If…?,2,1,1800,2026-03-12 20:59:14
watch,What If…?,1,8,1800,2026-03-10 03:59:29
watch,What If…?,2,7,1800,2026-03-12 22:43:50
watch,What If…?,2,5,1800,2026-03-12 20:59:32
watch,What If…?,3,7,1800,2026-03-16 22:11:20
watch,What If…?,2,8,1800,2026-03-12 22:44:02
watch,What If…?,3,4,1800,2026-03-16 01:41:17
watch,What If…?,2,6,1800,2026-03-12 20:59:33
watch,What If…?,3,5,1800,2026-03-16 02:49:30
watch,What If…?,1,6,1800,2026-03-10 03:59:23
watch,What If…?,2,3,1800,2026-03-12 20:59:29
watch,What If…?,3,2,1800,2026-03-16 01:13:29
watch,What If…?,2,9,1800,2026-03-12 22:43:59
watch,What If…?,2,2,1800,2026-03-12 20:59:18
watch,What If…?,3,6,1800,2026-03-16 22:11:20
watch,What If…?,1,9,1800,2026-03-10 04:00:38
watch,What If…?,2,4,1800,2026-03-12 20:59:30
watch,What If…?,3,1,1800,2026-03-16 01:13:25
watch,What If…?,1,7,1800,2026-03-10 03:59:26
watch,What If…?,1,5,1800,2026-03-07 02:50:20
watch,What If…?,1,2,1800,2026-03-06 19:58:21
watch,What If…?,1,1,1800,2026-03-03 21:35:57
watch,What If…?,3,3,1800,2026-03-16 01:13:36
watch,What If…?,1,3,1800,2026-03-07 02:19:58
watch,What If…?,1,4,1800,2026-03-07 02:20:02
watch,What If…?,3,8,1800,2026-03-16 22:11:20
watch,House of the Dragon,2,5,3780,2026-01-23 00:18:06
watch,House of the Dragon,2,3,3780,2026-01-23 00:13:03
watch,House of the Dragon,2,4,3780,2026-01-23 00:16:29
watch,House of the Dragon,1,4,3720,2022-09-20 12:57:08
watch,House of the Dragon,2,1,3780,2026-01-23 00:08:14
watch,House of the Dragon,2,7,3780,2026-01-23 00:18:37
watch,House of the Dragon,1,7,3720,2023-05-27 10:49:48
watch,House of the Dragon,1,10,3780,2026-01-23 00:05:23
watch,House of the Dragon,3,2,3780,2026-06-29 03:51:06
watch,House of the Dragon,2,6,3780,2026-01-23 00:18:20
watch,House of the Dragon,1,3,3720,2022-09-17 17:41:45
watch,House of the Dragon,3,1,3780,2026-06-22 20:52:57
watch,House of the Dragon,1,1,3720,2022-08-23 09:42:06
watch,House of the Dragon,1,5,3720,2022-09-21 13:29:37
watch,House of the Dragon,2,8,3780,2026-01-23 00:18:55
watch,House of the Dragon,1,8,3720,2023-05-27 10:59:23
watch,House of the Dragon,2,2,3780,2026-01-23 00:11:30
watch,House of the Dragon,1,6,3720,2022-09-29 21:38:41
watch,House of the Dragon,1,2,3720,2022-08-30 10:25:17
watch,House of the Dragon,1,9,3780,2026-01-23 00:00:10
watch,Eyes of Wakanda,1,4,1740,2026-04-06 20:06:39
watch,Eyes of Wakanda,1,3,1740,2026-04-06 20:04:48
watch,Eyes of Wakanda,1,2,1740,2026-04-06 20:01:11
watch,Eyes of Wakanda,1,1,1740,2026-04-06 19:59:27
watch,Attack on Titan: Lost Girls,1,3,1500,2022-03-13 07:51:04
watch,Attack on Titan: Lost Girls,1,2,1500,2022-03-13 07:51:04
watch,Attack on Titan: Lost Girls,1,1,1500,2022-03-13 07:51:04
watch,Hannibal,1,3,2700,2022-05-27 06:59:20
watch,Hannibal,3,2,2700,2022-06-10 15:19:14
watch,Hannibal,3,3,2700,2022-06-26 19:44:33
watch,Hannibal,2,1,2700,2022-06-02 21:21:05
watch,Hannibal,1,12,2700,2022-05-27 06:59:28
watch,Hannibal,2,6,2700,2022-06-04 20:56:53
watch,Hannibal,1,7,2700,2022-05-27 06:59:23
watch,Hannibal,3,5,2700,2022-07-06 09:50:27
watch,Hannibal,2,10,2700,2022-06-05 22:52:51
watch,Hannibal,2,13,2700,2022-06-06 12:18:56
watch,Hannibal,1,9,2700,2022-05-27 06:59:26
watch,Hannibal,3,6,2700,2022-07-06 09:52:05
watch,Hannibal,2,3,2700,2022-06-04 18:34:43
watch,Hannibal,1,5,2700,2022-05-27 06:59:21
watch,Hannibal,2,5,2700,2022-06-04 20:01:33
watch,Hannibal,1,4,2700,2022-05-27 06:59:20
watch,Hannibal,1,13,2700,2022-05-27 06:59:41
watch,Hannibal,2,11,2700,2022-06-06 09:36:10
watch,Hannibal,1,11,2700,2022-05-27 06:59:28
watch,Hannibal,1,1,2700,2022-03-05 09:52:19
watch,Hannibal,3,4,2700,2022-07-06 09:49:57
watch,Hannibal,2,4,2700,2022-06-04 18:34:59
watch,Hannibal,2,12,2700,2022-06-06 09:37:09
watch,Hannibal,2,2,2700,2022-06-04 18:34:14
watch,Hannibal,1,10,2700,2022-05-27 06:59:27
watch,Hannibal,2,8,2700,2022-06-05 22:50:15
watch,Hannibal,2,7,2700,2022-06-04 21:48:03
watch,Hannibal,2,9,2700,2022-06-05 22:51:43
watch,Hannibal,1,2,2700,2022-03-05 09:52:20
watch,Hannibal,3,1,2700,2022-06-10 15:18:29
watch,Hannibal,1,8,2700,2022-05-27 06:59:24
watch,Hannibal,1,6,2700,2022-05-27 06:59:22
watch,Lam Shamsiyya,1,10,2760,2025-03-31 19:32:49
watch,Lam Shamsiyya,1,7,2700,2025-03-25 00:30:28
watch,Lam Shamsiyya,1,11,2760,2025-04-03 11:07:22
watch,Lam Shamsiyya,1,13,2760,2025-04-03 11:07:47
watch,Lam Shamsiyya,1,5,2700,2025-03-25 00:30:28
watch,Lam Shamsiyya,1,9,2700,2025-03-25 00:30:28
watch,Lam Shamsiyya,1,1,2700,2025-03-25 00:30:28
watch,Lam Shamsiyya,1,4,2700,2025-03-25 00:30:28
watch,Lam Shamsiyya,1,6,2700,2025-03-25 00:30:28
watch,Lam Shamsiyya,1,8,2700,2025-03-25 00:30:28
watch,Lam Shamsiyya,1,15,2760,2025-04-03 11:18:27
watch,Lam Shamsiyya,1,2,2700,2025-03-25 00:30:28
watch,Lam Shamsiyya,1,14,2760,2025-04-03 11:10:59
watch,Lam Shamsiyya,1,12,2760,2025-04-03 11:07:35
watch,Lam Shamsiyya,1,3,2700,2025-03-25 00:30:28
watch,Natural Disaster,1,6,2220,2025-12-19 12:01:49
watch,Natural Disaster,1,10,2220,2025-12-19 12:01:49
watch,Natural Disaster,1,2,2220,2025-12-19 12:00:56
watch,Natural Disaster,1,1,2220,2025-12-19 12:00:56
watch,Natural Disaster,1,3,2220,2025-12-19 12:01:49
watch,Natural Disaster,1,4,2220,2025-12-19 12:01:49
watch,Natural Disaster,1,5,2220,2025-12-19 12:01:49
watch,Natural Disaster,1,9,2220,2025-12-19 12:01:49
watch,Natural Disaster,1,8,2220,2025-12-19 12:01:49
watch,Natural Disaster,1,7,2220,2025-12-19 12:01:49
watch,Sawa Sawa,1,1,2760,2026-02-20 00:11:54
watch,Sawa Sawa,1,11,2520,2026-03-03 21:31:42
watch,Sawa Sawa,1,13,2520,2026-03-03 21:31:42
watch,Sawa Sawa,1,4,2700,2026-02-23 20:32:42
watch,Sawa Sawa,1,8,2640,2026-02-25 03:31:06
watch,Sawa Sawa,1,5,2700,2026-02-23 20:32:46
watch,Sawa Sawa,1,2,2760,2026-02-20 00:11:54
watch,Sawa Sawa,1,6,2700,2026-02-23 20:32:48
watch,Sawa Sawa,1,12,2520,2026-03-03 21:31:42
watch,Sawa Sawa,1,3,2760,2026-02-20 00:11:54
watch,Sawa Sawa,1,15,2520,2026-03-03 21:31:42
watch,Sawa Sawa,1,9,2520,2026-03-03 21:31:42
watch,Sawa Sawa,1,7,2640,2026-02-24 19:41:55
watch,Sawa Sawa,1,14,2520,2026-03-03 21:31:42
watch,Sawa Sawa,1,10,2520,2026-03-03 21:31:42
watch,Sherlock,1,2,5400,2022-03-05 09:32:11
watch,Sherlock,4,3,5400,2022-03-05 09:32:51
watch,Sherlock,2,3,5400,2022-03-05 09:32:16
watch,Sherlock,0,9,0,2022-03-05 09:32:47
watch,Sherlock,3,3,5400,2022-03-05 09:32:47
watch,Sherlock,0,0,0,2022-03-05 09:32:47
watch,Sherlock,2,1,5400,2022-03-05 09:32:16
watch,Sherlock,1,3,5400,2022-03-05 09:32:11
watch,Sherlock,3,1,5400,2022-03-05 09:32:47
watch,Sherlock,4,1,5400,2022-03-05 09:32:51
watch,Sherlock,4,2,5400,2022-03-05 09:32:51
watch,Sherlock,2,2,5400,2022-03-05 09:32:16
watch,Sherlock,3,2,5400,2022-03-05 09:32:47
watch,Sherlock,1,1,5400,2022-03-05 09:32:11
watch,The Choice (2020) (EG),1,4,2460,2025-03-25 00:16:30
watch,The Choice (2020) (EG),2,2,2460,2025-04-04 00:17:20
watch,The Choice (2020) (EG),2,8,2460,2025-04-04 00:17:20
watch,The Choice (2020) (EG),3,3,2460,2025-04-04 00:17:23
watch,The Choice (2020) (EG),1,26,2460,2025-03-25 00:16:30
watch,The Choice (2020) (EG),1,10,2460,2025-03-25 00:16:30
watch,The Choice (2020) (EG),2,27,2460,2025-04-04 00:17:20
watch,The Choice (2020) (EG),3,24,2460,2025-04-04 00:17:23
watch,The Choice (2020) (EG),2,23,2460,2025-04-04 00:17:20
watch,The Choice (2020) (EG),3,23,2460,2025-04-04 00:17:23
watch,The Choice (2020) (EG),2,4,2460,2025-04-04 00:17:20
watch,The Choice (2020) (EG),1,19,2460,2025-03-25 00:16:30
watch,The Choice (2020) (EG),2,29,2460,2025-04-04 00:17:20
watch,The Choice (2020) (EG),1,28,2460,2025-03-25 00:16:30
watch,The Choice (2020) (EG),1,21,2460,2025-03-25 00:16:30
watch,The Choice (2020) (EG),3,10,2460,2025-04-04 00:17:23
watch,The Choice (2020) (EG),3,11,2460,2025-04-04 00:17:23
watch,The Choice (2020) (EG),1,29,2460,2025-03-25 00:16:30
watch,The Choice (2020) (EG),2,17,2460,2025-04-04 00:17:20
watch,The Choice (2020) (EG),1,9,2460,2025-03-25 00:16:30
watch,The Choice (2020) (EG),1,17,2460,2025-03-25 00:16:30
watch,The Choice (2020) (EG),3,5,2460,2025-04-04 00:17:23
watch,The Choice (2020) (EG),2,28,2460,2025-04-04 00:17:20
watch,The Choice (2020) (EG),3,2,2460,2025-04-04 00:17:23
watch,The Choice (2020) (EG),1,6,2460,2025-03-25 00:16:30
watch,The Choice (2020) (EG),1,2,2460,2025-03-25 00:16:30
watch,The Choice (2020) (EG),2,18,2460,2025-04-04 00:17:20
watch,The Choice (2020) (EG),3,1,2460,2025-04-04 00:17:23
watch,The Choice (2020) (EG),3,6,2460,2025-04-04 00:17:23
watch,The Choice (2020) (EG),3,16,2460,2025-04-04 00:17:23
watch,The Choice (2020) (EG),2,19,2460,2025-04-04 00:17:20
watch,The Choice (2020) (EG),3,18,2460,2025-04-04 00:17:23
watch,The Choice (2020) (EG),2,14,2460,2025-04-04 00:17:20
watch,The Choice (2020) (EG),2,26,2460,2025-04-04 00:17:20
watch,The Choice (2020) (EG),1,23,2460,2025-03-25 00:16:30
watch,The Choice (2020) (EG),1,3,2460,2025-03-25 00:16:30
watch,The Choice (2020) (EG),1,18,2460,2025-03-25 00:16:30
watch,The Choice (2020) (EG),2,12,2460,2025-04-04 00:17:20
watch,The Choice (2020) (EG),1,12,2460,2025-03-25 00:16:30
watch,The Choice (2020) (EG),1,24,2460,2025-03-25 00:16:30
watch,The Choice (2020) (EG),1,22,2460,2025-03-25 00:16:30
watch,The Choice (2020) (EG),3,29,2460,2025-04-04 00:17:23
watch,The Choice (2020) (EG),2,6,2460,2025-04-04 00:17:20
watch,The Choice (2020) (EG),1,27,2460,2025-03-25 00:16:30
watch,The Choice (2020) (EG),2,15,2460,2025-04-04 00:17:20
watch,The Choice (2020) (EG),3,19,2460,2025-04-04 00:17:23
watch,The Choice (2020) (EG),3,21,2460,2025-04-04 00:17:23
watch,The Choice (2020) (EG),1,25,2460,2025-03-25 00:16:30
watch,The Choice (2020) (EG),3,4,2460,2025-04-04 00:17:23
watch,The Choice (2020) (EG),1,7,2460,2025-03-25 00:16:30
watch,The Choice (2020) (EG),2,21,2460,2025-04-04 00:17:20
watch,The Choice (2020) (EG),1,15,2460,2025-03-25 00:16:30
watch,The Choice (2020) (EG),3,30,2460,2025-04-04 00:17:23
watch,The Choice (2020) (EG),3,28,2460,2025-04-04 00:17:23
watch,The Choice (2020) (EG),2,30,2460,2025-04-04 00:17:20
watch,The Choice (2020) (EG),3,7,2460,2025-04-04 00:17:23
watch,The Choice (2020) (EG),2,24,2460,2025-04-04 00:17:20
watch,The Choice (2020) (EG),2,1,2460,2025-04-04 00:17:20
watch,The Choice (2020) (EG),2,10,2460,2025-04-04 00:17:20
watch,The Choice (2020) (EG),1,5,2460,2025-03-25 00:16:30
watch,The Choice (2020) (EG),2,22,2460,2025-04-04 00:17:20
watch,The Choice (2020) (EG),1,14,2460,2025-03-25 00:16:30
watch,The Choice (2020) (EG),2,3,2460,2025-04-04 00:17:20
watch,The Choice (2020) (EG),2,11,2460,2025-04-04 00:17:20
watch,The Choice (2020) (EG),2,25,2460,2025-04-04 00:17:20
watch,The Choice (2020) (EG),1,20,2460,2025-03-25 00:16:30
watch,The Choice (2020) (EG),2,9,2460,2025-04-04 00:17:20
watch,The Choice (2020) (EG),2,20,2460,2025-04-04 00:17:20
watch,The Choice (2020) (EG),3,14,2460,2025-04-04 00:17:23
watch,The Choice (2020) (EG),3,25,2460,2025-04-04 00:17:23
watch,The Choice (2020) (EG),3,17,2460,2025-04-04 00:17:23
watch,The Choice (2020) (EG),3,8,2460,2025-04-04 00:17:23
watch,The Choice (2020) (EG),3,15,2460,2025-04-04 00:17:23
watch,The Choice (2020) (EG),2,13,2460,2025-04-04 00:17:20
watch,The Choice (2020) (EG),1,13,2460,2025-03-25 00:16:30
watch,The Choice (2020) (EG),1,11,2460,2025-03-25 00:16:30
watch,The Choice (2020) (EG),1,8,2460,2025-03-25 00:16:30
watch,The Choice (2020) (EG),2,16,2460,2025-04-04 00:17:20
watch,The Choice (2020) (EG),3,12,2460,2025-04-04 00:17:23
watch,The Choice (2020) (EG),3,20,2460,2025-04-04 00:17:23
watch,The Choice (2020) (EG),3,26,2460,2025-04-04 00:17:23
watch,The Choice (2020) (EG),3,9,2460,2025-04-04 00:17:23
watch,The Choice (2020) (EG),2,7,2460,2025-04-04 00:17:20
watch,The Choice (2020) (EG),2,5,2460,2025-04-04 00:17:20
watch,The Choice (2020) (EG),3,13,2460,2025-04-04 00:17:23
watch,The Choice (2020) (EG),1,16,2460,2025-03-25 00:16:30
watch,The Choice (2020) (EG),1,30,2460,2025-03-25 00:16:30
watch,The Choice (2020) (EG),3,27,2460,2025-04-04 00:17:23
watch,The Choice (2020) (EG),1,1,2460,2025-03-25 00:16:30
watch,The Choice (2020) (EG),3,22,2460,2025-04-04 00:17:23
watch,Omar Affendi,1,14,2220,2024-09-12 17:00:57
watch,Omar Affendi,1,12,2220,2024-09-12 17:00:57
watch,Omar Affendi,1,7,2220,2024-09-12 17:00:57
watch,Omar Affendi,1,5,2220,2024-09-12 17:00:57
watch,Omar Affendi,1,3,2220,2024-09-12 17:00:57
watch,Omar Affendi,1,13,2220,2024-09-09 14:18:59
watch,Omar Affendi,1,4,2220,2024-09-12 17:00:57
watch,Omar Affendi,1,9,2220,2024-09-12 17:00:57
watch,Omar Affendi,1,8,2220,2024-09-12 17:00:57
watch,Omar Affendi,1,2,2220,2024-09-12 17:00:57
watch,Omar Affendi,1,6,2220,2024-09-12 17:00:57
watch,Omar Affendi,1,15,2220,2024-09-12 17:00:57
watch,Omar Affendi,1,10,2220,2024-09-12 17:00:57
watch,Omar Affendi,1,11,2220,2024-09-12 17:00:57
watch,Omar Affendi,1,1,2220,2024-09-09 14:18:26
watch,My Life as a Teenage Robot,3,21,1020,2023-06-06 15:51:58
watch,My Life as a Teenage Robot,1,24,1020,2023-06-06 15:51:58
watch,My Life as a Teenage Robot,3,25,1020,2023-06-06 15:51:58
watch,My Life as a Teenage Robot,3,14,1020,2023-06-06 15:51:58
watch,My Life as a Teenage Robot,1,1,1020,2023-06-06 15:51:58
watch,My Life as a Teenage Robot,2,11,1020,2023-06-06 15:51:58
watch,My Life as a Teenage Robot,1,15,1020,2023-06-06 15:51:58
watch,My Life as a Teenage Robot,3,11,1020,2023-06-06 15:51:58
watch,My Life as a Teenage Robot,3,19,1020,2023-06-06 15:51:58
watch,My Life as a Teenage Robot,2,12,1020,2023-06-06 15:51:58
watch,My Life as a Teenage Robot,3,24,1020,2023-06-06 15:51:58
watch,My Life as a Teenage Robot,2,14,1020,2023-06-06 15:51:58
watch,My Life as a Teenage Robot,2,21,1020,2023-06-06 15:51:58
watch,My Life as a Teenage Robot,2,16,1020,2023-06-06 15:51:58
watch,My Life as a Teenage Robot,1,13,1020,2023-06-06 15:51:58
watch,My Life as a Teenage Robot,3,9,1020,2023-06-06 15:51:58
watch,My Life as a Teenage Robot,3,8,1020,2023-06-06 15:51:58
watch,My Life as a Teenage Robot,3,22,1020,2023-06-06 15:51:58
watch,My Life as a Teenage Robot,1,26,1020,2023-06-06 15:51:58
watch,My Life as a Teenage Robot,2,19,1020,2023-06-06 15:51:58
watch,My Life as a Teenage Robot,3,18,1020,2023-06-06 15:51:58
watch,My Life as a Teenage Robot,1,5,1020,2023-06-06 15:51:58
watch,My Life as a Teenage Robot,1,18,1020,2023-06-06 15:51:58
watch,My Life as a Teenage Robot,2,5,1020,2023-06-06 15:51:58
watch,My Life as a Teenage Robot,2,13,1020,2023-06-06 15:51:58
watch,My Life as a Teenage Robot,1,22,1020,2023-06-06 15:51:58
watch,My Life as a Teenage Robot,2,17,1020,2023-06-06 15:51:58
watch,My Life as a Teenage Robot,2,2,1020,2023-06-06 15:51:58
watch,My Life as a Teenage Robot,3,23,1020,2023-06-06 15:51:58
watch,My Life as a Teenage Robot,3,13,1020,2023-06-06 15:51:58
watch,My Life as a Teenage Robot,1,19,1020,2023-06-06 15:51:58
watch,My Life as a Teenage Robot,3,15,1020,2023-06-06 15:51:58
watch,My Life as a Teenage Robot,3,20,1020,2023-06-06 15:51:58
watch,My Life as a Teenage Robot,1,10,1020,2023-06-06 15:51:58
watch,My Life as a Teenage Robot,1,20,1020,2023-06-06 15:51:58
watch,My Life as a Teenage Robot,1,11,1020,2023-06-06 15:51:58
watch,My Life as a Teenage Robot,2,10,1020,2023-06-06 15:51:58
watch,My Life as a Teenage Robot,3,4,1020,2023-06-06 15:51:58
watch,My Life as a Teenage Robot,1,14,1020,2023-06-06 15:51:58
watch,My Life as a Teenage Robot,1,2,1020,2023-06-06 15:51:58
watch,My Life as a Teenage Robot,2,8,1020,2023-06-06 15:51:58
watch,My Life as a Teenage Robot,2,6,1020,2023-06-06 15:51:58
watch,My Life as a Teenage Robot,1,12,1020,2023-06-06 15:51:58
watch,My Life as a Teenage Robot,2,7,1020,2023-06-06 15:51:58
watch,My Life as a Teenage Robot,2,3,1020,2023-06-06 15:51:58
watch,My Life as a Teenage Robot,1,8,1020,2023-06-06 15:51:58
watch,My Life as a Teenage Robot,3,12,1020,2023-06-06 15:51:58
watch,My Life as a Teenage Robot,3,16,1020,2023-06-06 15:51:58
watch,My Life as a Teenage Robot,2,15,1020,2023-06-06 15:51:58
watch,My Life as a Teenage Robot,1,25,1020,2023-06-06 15:51:58
watch,My Life as a Teenage Robot,2,9,1020,2023-06-06 15:51:58
watch,My Life as a Teenage Robot,3,5,1020,2023-06-06 15:51:58
watch,My Life as a Teenage Robot,3,1,1020,2023-06-06 15:51:58
watch,My Life as a Teenage Robot,1,4,1020,2023-06-06 15:51:58
watch,My Life as a Teenage Robot,2,1,1020,2023-06-06 15:51:58
watch,My Life as a Teenage Robot,1,16,1020,2023-06-06 15:51:58
watch,My Life as a Teenage Robot,1,21,1020,2023-06-06 15:51:58
watch,My Life as a Teenage Robot,3,7,1020,2023-06-06 15:51:58
watch,My Life as a Teenage Robot,3,6,1020,2023-06-06 15:51:58
watch,My Life as a Teenage Robot,1,7,1020,2023-06-06 15:51:58
watch,My Life as a Teenage Robot,3,10,1020,2023-06-06 15:51:58
watch,My Life as a Teenage Robot,2,20,1020,2023-06-06 15:51:58
watch,My Life as a Teenage Robot,3,2,1020,2023-06-06 15:51:58
watch,My Life as a Teenage Robot,1,6,1020,2023-06-06 15:51:58
watch,My Life as a Teenage Robot,3,3,1020,2023-06-06 15:51:58
watch,My Life as a Teenage Robot,2,4,1020,2023-06-06 15:51:58
watch,My Life as a Teenage Robot,3,17,1020,2023-06-06 15:51:58
watch,My Life as a Teenage Robot,1,23,1020,2023-06-06 15:51:58
watch,My Life as a Teenage Robot,1,17,1020,2023-06-06 15:51:58
watch,My Life as a Teenage Robot,1,3,1020,2023-06-06 15:51:58
watch,My Life as a Teenage Robot,2,18,1020,2023-06-06 15:51:58
watch,My Life as a Teenage Robot,3,26,1020,2023-06-06 15:51:58
watch,My Life as a Teenage Robot,1,9,1020,2023-06-06 15:51:58
watch,SpongeBob SquarePants,9,7,600,2023-06-06 15:53:56
watch,SpongeBob SquarePants,9,14,600,2023-06-06 15:53:56
watch,SpongeBob SquarePants,3,17,600,2023-06-06 15:53:56
watch,SpongeBob SquarePants,9,21,600,2023-06-06 15:53:56
watch,SpongeBob SquarePants,5,12,600,2023-06-06 15:53:56
watch,SpongeBob SquarePants,8,4,600,2023-06-06 15:53:56
watch,SpongeBob SquarePants,9,32,600,2023-06-06 15:53:56
watch,SpongeBob SquarePants,3,5,600,2023-06-06 15:53:56
watch,SpongeBob SquarePants,1,28,600,2023-06-06 15:53:56
watch,SpongeBob SquarePants,1,13,600,2023-06-06 15:53:56
watch,SpongeBob SquarePants,3,9,600,2023-06-06 15:53:56
watch,SpongeBob SquarePants,5,28,600,2023-06-06 15:53:56
watch,SpongeBob SquarePants,8,18,600,2023-06-06 15:53:56
watch,SpongeBob SquarePants,9,22,600,2023-06-06 15:53:56
watch,SpongeBob SquarePants,2,30,600,2023-06-06 15:53:56
watch,SpongeBob SquarePants,4,26,600,2023-06-06 15:53:56
watch,SpongeBob SquarePants,4,12,600,2023-06-06 15:53:56
watch,SpongeBob SquarePants,6,4,600,2023-06-06 15:53:56
watch,SpongeBob SquarePants,1,4,600,2023-06-06 15:53:56
watch,SpongeBob SquarePants,2,13,600,2023-06-06 15:53:56
watch,SpongeBob SquarePants,6,22,600,2023-06-06 15:53:56
watch,SpongeBob SquarePants,4,13,600,2023-06-06 15:53:56
watch,SpongeBob SquarePants,10,42,600,2023-06-06 15:53:56
watch,SpongeBob SquarePants,3,27,600,2023-06-06 15:53:56
watch,SpongeBob SquarePants,1,16,600,2023-06-06 15:53:56
watch,SpongeBob SquarePants,6,24,600,2023-06-06 15:53:56
watch,SpongeBob SquarePants,1,11,600,2023-06-06 15:53:56
watch,SpongeBob SquarePants,1,19,600,2023-06-06 15:53:56
watch,SpongeBob SquarePants,1,30,600,2023-06-06 15:53:56
watch,SpongeBob SquarePants,7,3,600,2023-06-06 15:53:56
watch,SpongeBob SquarePants,3,28,600,2023-06-06 15:53:56
watch,SpongeBob SquarePants,8,23,600,2023-06-06 15:53:56
watch,SpongeBob SquarePants,8,10,600,2023-06-06 15:53:56
watch,SpongeBob SquarePants,2,14,600,2023-06-06 15:53:56
watch,SpongeBob SquarePants,10,26,600,2023-06-06 15:53:56
watch,SpongeBob SquarePants,2,36,600,2023-06-06 15:53:56
watch,SpongeBob SquarePants,7,20,600,2023-06-06 15:53:56
watch,SpongeBob SquarePants,4,7,600,2023-06-06 15:53:56
watch,SpongeBob SquarePants,10,30,600,2023-06-06 15:53:56
watch,SpongeBob SquarePants,9,34,600,2023-06-06 15:53:56
watch,SpongeBob SquarePants,1,5,600,2023-06-06 15:53:56
watch,SpongeBob SquarePants,6,19,600,2023-06-06 15:53:56
watch,SpongeBob SquarePants,2,32,600,2023-06-06 15:53:56
watch,SpongeBob SquarePants,5,18,600,2023-06-06 15:53:56
watch,SpongeBob SquarePants,6,31,600,2023-06-06 15:53:56
watch,SpongeBob SquarePants,9,40,600,2023-06-06 15:53:56
watch,SpongeBob SquarePants,10,38,600,2023-06-06 15:53:56
watch,SpongeBob SquarePants,8,20,600,2023-06-06 15:53:56
watch,SpongeBob SquarePants,6,9,600,2023-06-06 15:53:56
watch,SpongeBob SquarePants,2,1,600,2023-06-06 15:53:56
watch,SpongeBob SquarePants,10,1,600,2023-06-06 15:53:56
watch,SpongeBob SquarePants,9,3,600,2023-06-06 15:53:56
watch,SpongeBob SquarePants,9,38,600,2023-06-06 15:53:56
watch,SpongeBob SquarePants,10,66,600,2023-06-06 15:53:56
watch,SpongeBob SquarePants,8,1,600,2023-06-06 15:53:56
watch,SpongeBob SquarePants,3,2,600,2023-06-06 15:53:56
watch,SpongeBob SquarePants,5,20,600,2023-06-06 15:53:56
watch,SpongeBob SquarePants,3,19,600,2023-06-06 15:53:56
watch,SpongeBob SquarePants,3,23,600,2023-06-06 15:53:56
watch,SpongeBob SquarePants,10,33,600,2023-06-06 15:53:56
watch,SpongeBob SquarePants,4,30,600,2023-06-06 15:53:56
watch,SpongeBob SquarePants,6,11,600,2023-06-06 15:53:56
watch,SpongeBob SquarePants,5,5,600,2023-06-06 15:53:56
watch,SpongeBob SquarePants,6,13,600,2023-06-06 15:53:56
watch,SpongeBob SquarePants,5,3,600,2023-06-06 15:53:56
watch,SpongeBob SquarePants,8,15,600,2023-06-06 15:53:56
watch,SpongeBob SquarePants,5,15,600,2023-06-06 15:53:56
watch,SpongeBob SquarePants,2,9,600,2023-06-06 15:53:56
watch,SpongeBob SquarePants,10,71,600,2023-06-06 15:53:56
watch,SpongeBob SquarePants,5,29,600,2023-06-06 15:53:56
watch,SpongeBob SquarePants,10,25,600,2023-06-06 15:53:56
watch,SpongeBob SquarePants,9,16,600,2023-06-06 15:53:56
watch,SpongeBob SquarePants,10,31,600,2023-06-06 15:53:56
watch,SpongeBob SquarePants,2,28,600,2023-06-06 15:53:56
watch,SpongeBob SquarePants,10,59,600,2023-06-06 15:53:56
watch,SpongeBob SquarePants,1,17,600,2023-06-06 15:53:56
watch,SpongeBob SquarePants,2,31,600,2023-06-06 15:53:56
watch,SpongeBob SquarePants,8,13,600,2023-06-06 15:53:56
watch,SpongeBob SquarePants,10,2,600,2023-06-06 15:53:56
watch,SpongeBob SquarePants,1,12,600,2023-06-06 15:53:56
watch,SpongeBob SquarePants,7,21,600,2023-06-06 15:53:56
watch,SpongeBob SquarePants,8,7,600,2023-06-06 15:53:56
watch,SpongeBob SquarePants,9,10,600,2023-06-06 15:53:56
watch,SpongeBob SquarePants,7,4,600,2023-06-06 15:53:56
watch,SpongeBob SquarePants,4,19,600,2023-06-06 15:53:56
watch,SpongeBob SquarePants,5,25,600,2023-06-06 15:53:56
watch,SpongeBob SquarePants,10,41,600,2023-06-06 15:53:56
watch,SpongeBob SquarePants,4,16,600,2023-06-06 15:53:56
watch,SpongeBob SquarePants,9,19,600,2023-06-06 15:53:56
watch,SpongeBob SquarePants,10,19,600,2023-06-06 15:53:56
watch,SpongeBob SquarePants,7,11,600,2023-06-06 15:53:56
watch,SpongeBob SquarePants,6,8,600,2023-06-06 15:53:56
watch,SpongeBob SquarePants,10,36,600,2023-06-06 15:53:56
watch,SpongeBob SquarePants,6,30,600,2023-06-06 15:53:56
watch,SpongeBob SquarePants,3,12,600,2023-06-06 15:53:56
watch,SpongeBob SquarePants,9,33,600,2023-06-06 15:53:56
watch,SpongeBob SquarePants,6,12,600,2023-06-06 15:53:56
watch,SpongeBob SquarePants,5,2,600,2023-06-06 15:53:56
watch,SpongeBob SquarePants,2,2,600,2023-06-06 15:53:56
watch,SpongeBob SquarePants,10,49,600,2023-06-06 15:53:56
watch,SpongeBob SquarePants,1,41,600,2023-06-06 15:53:56
watch,SpongeBob SquarePants,10,17,600,2023-06-06 15:53:56
watch,SpongeBob SquarePants,5,34,600,2023-06-06 15:53:56
watch,SpongeBob SquarePants,9,24,600,2023-06-06 15:53:56
watch,SpongeBob SquarePants,10,24,600,2023-06-06 15:53:56
watch,SpongeBob SquarePants,2,27,600,2023-06-06 15:53:56
watch,SpongeBob SquarePants,7,14,600,2023-06-06 15:53:56
watch,SpongeBob SquarePants,1,20,600,2023-06-06 15:53:56
watch,SpongeBob SquarePants,10,29,600,2023-06-06 15:53:56
watch,SpongeBob SquarePants,1,39,600,2023-06-06 15:53:56
watch,SpongeBob SquarePants,10,60,600,2023-06-06 15:53:56
watch,SpongeBob SquarePants,10,47,600,2023-06-06 15:53:56
watch,SpongeBob SquarePants,2,3,600,2023-06-06 15:53:56
watch,SpongeBob SquarePants,5,37,600,2023-06-06 15:53:56
watch,SpongeBob SquarePants,5,10,600,2023-06-06 15:53:56
watch,SpongeBob SquarePants,10,13,600,2023-06-06 15:53:56
watch,SpongeBob SquarePants,9,12,600,2023-06-06 15:53:56
watch,SpongeBob SquarePants,2,20,600,2023-06-06 15:53:56
watch,SpongeBob SquarePants,1,34,600,2023-06-06 15:53:56
watch,SpongeBob SquarePants,3,8,600,2023-06-06 15:53:56
watch,SpongeBob SquarePants,8,19,600,2023-06-06 15:53:56
watch,SpongeBob SquarePants,10,63,600,2023-06-06 15:53:56
watch,SpongeBob SquarePants,1,23,600,2023-06-06 15:53:56
watch,SpongeBob SquarePants,10,46,600,2023-06-06 15:53:56
watch,SpongeBob SquarePants,2,24,600,2023-06-06 15:53:56
watch,SpongeBob SquarePants,4,15,600,2023-06-06 15:53:56
watch,SpongeBob SquarePants,7,8,600,2023-06-06 15:53:56
watch,SpongeBob SquarePants,9,5,600,2023-06-06 15:53:56
watch,SpongeBob SquarePants,10,14,600,2023-06-06 15:53:56
watch,SpongeBob SquarePants,3,21,600,2023-06-06 15:53:56
watch,SpongeBob SquarePants,9,26,600,2023-06-06 15:53:56
watch,SpongeBob SquarePants,5,33,600,2023-06-06 15:53:56
watch,SpongeBob SquarePants,10,3,600,2023-06-06 15:53:56
watch,SpongeBob SquarePants,2,25,600,2023-06-06 15:53:56
watch,SpongeBob SquarePants,3,34,600,2023-06-06 15:53:56
watch,SpongeBob SquarePants,10,45,600,2023-06-06 15:53:56
watch,SpongeBob SquarePants,6,28,600,2023-06-06 15:53:56
watch,SpongeBob SquarePants,5,17,600,2023-06-06 15:53:56
watch,SpongeBob SquarePants,9,2,600,2023-06-06 15:53:56
watch,SpongeBob SquarePants,2,4,600,2023-06-06 15:53:56
watch,SpongeBob SquarePants,4,24,600,2023-06-06 15:53:56
watch,SpongeBob SquarePants,2,18,600,2023-06-06 15:53:56
watch,SpongeBob SquarePants,10,39,600,2023-06-06 15:53:56
watch,SpongeBob SquarePants,7,32,600,2023-06-06 15:53:56
watch,SpongeBob SquarePants,4,23,600,2023-06-06 15:53:56
watch,SpongeBob SquarePants,1,37,600,2023-06-06 15:53:56
watch,SpongeBob SquarePants,5,30,600,2023-06-06 15:53:56
watch,SpongeBob SquarePants,5,35,600,2023-06-06 15:53:56
watch,SpongeBob SquarePants,10,21,600,2023-06-06 15:53:56
watch,SpongeBob SquarePants,2,7,600,2023-06-06 15:53:56
watch,SpongeBob SquarePants,2,16,600,2023-06-06 15:53:56
watch,SpongeBob SquarePants,1,15,600,2023-06-06 15:53:56
watch,SpongeBob SquarePants,10,27,600,2023-06-06 15:53:56
watch,SpongeBob SquarePants,3,30,600,2023-06-06 15:53:56
watch,SpongeBob SquarePants,7,9,600,2023-06-06 15:53:56
watch,SpongeBob SquarePants,4,27,600,2023-06-06 15:53:56
watch,SpongeBob SquarePants,6,32,600,2023-06-06 15:53:56
watch,SpongeBob SquarePants,1,38,600,2023-06-06 15:53:56
watch,SpongeBob SquarePants,10,51,600,2023-06-06 15:53:56
watch,SpongeBob SquarePants,2,22,600,2023-06-06 15:53:56
watch,SpongeBob SquarePants,9,17,600,2023-06-06 15:53:56
watch,SpongeBob SquarePants,1,6,600,2023-06-06 15:53:56
watch,SpongeBob SquarePants,9,8,600,2023-06-06 15:53:56
watch,SpongeBob SquarePants,8,24,600,2023-06-06 15:53:56
watch,SpongeBob SquarePants,1,24,600,2023-06-06 15:53:56
watch,SpongeBob SquarePants,1,9,600,2023-06-06 15:53:56
watch,SpongeBob SquarePants,3,31,600,2023-06-06 15:53:56
watch,SpongeBob SquarePants,8,6,600,2023-06-06 15:53:56
watch,SpongeBob SquarePants,5,31,600,2023-06-06 15:53:56
watch,SpongeBob SquarePants,9,20,600,2023-06-06 15:53:56
watch,SpongeBob SquarePants,10,70,600,2023-06-06 15:53:56
watch,SpongeBob SquarePants,9,11,600,2023-06-06 15:53:56
watch,SpongeBob SquarePants,2,6,600,2023-06-06 15:53:56
watch,SpongeBob SquarePants,6,7,600,2023-06-06 15:53:56
watch,SpongeBob SquarePants,4,22,600,2023-06-06 15:53:56
watch,SpongeBob SquarePants,3,35,600,2023-06-06 15:53:56
watch,SpongeBob SquarePants,10,18,600,2023-06-06 15:53:56
watch,SpongeBob SquarePants,10,10,600,2023-06-06 15:53:56
watch,SpongeBob SquarePants,3,25,600,2023-06-06 15:53:56
watch,SpongeBob SquarePants,1,25,600,2023-06-06 15:53:56
watch,SpongeBob SquarePants,6,21,600,2023-06-06 15:53:56
watch,SpongeBob SquarePants,9,25,600,2023-06-06 15:53:56
watch,SpongeBob SquarePants,10,54,600,2023-06-06 15:53:56
watch,SpongeBob SquarePants,4,1,600,2023-06-06 15:53:56
watch,SpongeBob SquarePants,2,17,600,2023-06-06 15:53:56
watch,SpongeBob SquarePants,7,19,600,2023-06-06 15:53:56
watch,SpongeBob SquarePants,10,5,600,2023-06-06 15:53:56
watch,SpongeBob SquarePants,3,13,600,2023-06-06 15:53:56
watch,SpongeBob SquarePants,4,2,600,2023-06-06 15:53:56
watch,SpongeBob SquarePants,4,28,600,2023-06-06 15:53:56
watch,SpongeBob SquarePants,2,26,600,2023-06-06 15:53:56
watch,SpongeBob SquarePants,10,50,600,2023-06-06 15:53:56
watch,SpongeBob SquarePants,6,5,600,2023-06-06 15:53:56
watch,SpongeBob SquarePants,7,24,600,2023-06-06 15:53:56
watch,SpongeBob SquarePants,5,21,600,2023-06-06 15:53:56
watch,SpongeBob SquarePants,9,18,600,2023-06-06 15:53:56
watch,SpongeBob SquarePants,10,55,600,2023-06-06 15:53:56
watch,SpongeBob SquarePants,4,21,600,2023-06-06 15:53:56
watch,SpongeBob SquarePants,9,15,600,2023-06-06 15:53:56
watch,SpongeBob SquarePants,10,44,600,2023-06-06 15:53:56
watch,SpongeBob SquarePants,9,36,600,2023-06-06 15:53:56
watch,SpongeBob SquarePants,1,33,600,2023-06-06 15:53:56
watch,SpongeBob SquarePants,7,34,600,2023-06-06 15:53:56
watch,SpongeBob SquarePants,8,21,600,2023-06-06 15:53:56
watch,SpongeBob SquarePants,5,27,600,2023-06-06 15:53:56
watch,SpongeBob SquarePants,4,25,600,2023-06-06 15:53:56
watch,SpongeBob SquarePants,3,36,600,2023-06-06 15:53:56
watch,SpongeBob SquarePants,3,32,600,2023-06-06 15:53:56
watch,SpongeBob SquarePants,6,2,600,2023-06-06 15:53:56
watch,SpongeBob SquarePants,4,6,600,2023-06-06 15:53:56
watch,SpongeBob SquarePants,6,26,600,2023-06-06 15:53:56
watch,SpongeBob SquarePants,4,8,600,2023-06-06 15:53:56
watch,SpongeBob SquarePants,1,8,600,2023-06-06 15:53:56
watch,SpongeBob SquarePants,7,15,600,2023-06-06 15:53:56
watch,SpongeBob SquarePants,3,24,600,2023-06-06 15:53:56
watch,SpongeBob SquarePants,8,9,600,2023-06-06 15:53:56
watch,SpongeBob SquarePants,6,1,600,2023-06-06 15:53:56
watch,SpongeBob SquarePants,1,10,600,2023-06-06 15:53:56
watch,SpongeBob SquarePants,6,10,600,2023-06-06 15:53:56
watch,SpongeBob SquarePants,6,14,600,2023-06-06 15:53:56
watch,SpongeBob SquarePants,2,29,600,2023-06-06 15:53:56
watch,SpongeBob SquarePants,10,62,600,2023-06-06 15:53:56
watch,SpongeBob SquarePants,10,32,600,2023-06-06 15:53:56
watch,SpongeBob SquarePants,10,16,600,2023-06-06 15:53:56
watch,SpongeBob SquarePants,5,39,600,2023-06-06 15:53:56
watch,SpongeBob SquarePants,7,10,600,2023-06-06 15:53:56
watch,SpongeBob SquarePants,10,48,600,2023-06-06 15:53:56
watch,SpongeBob SquarePants,1,14,600,2023-06-06 15:53:56
watch,SpongeBob SquarePants,3,29,600,2023-06-06 15:53:56
watch,SpongeBob SquarePants,10,22,600,2023-06-06 15:53:56
watch,SpongeBob SquarePants,10,65,600,2023-06-06 15:53:56
watch,SpongeBob SquarePants,2,11,600,2023-06-06 15:53:56
watch,SpongeBob SquarePants,9,23,600,2023-06-06 15:53:56
watch,SpongeBob SquarePants,7,1,600,2023-06-06 15:53:56
watch,SpongeBob SquarePants,6,25,600,2023-06-06 15:53:56
watch,SpongeBob SquarePants,1,35,600,2023-06-06 15:53:56
watch,SpongeBob SquarePants,1,40,600,2023-06-06 15:53:56
watch,SpongeBob SquarePants,10,6,600,2023-06-06 15:53:56
watch,SpongeBob SquarePants,10,53,600,2023-06-06 15:53:56
watch,SpongeBob SquarePants,7,30,600,2023-06-06 15:53:56
watch,SpongeBob SquarePants,10,20,600,2023-06-06 15:53:56
watch,SpongeBob SquarePants,4,17,600,2023-06-06 15:53:56
watch,SpongeBob SquarePants,9,28,600,2023-06-06 15:53:56
watch,SpongeBob SquarePants,7,12,600,2023-06-06 15:53:56
watch,SpongeBob SquarePants,10,15,600,2023-06-06 15:53:56
watch,SpongeBob SquarePants,3,15,600,2023-06-06 15:53:56
watch,SpongeBob SquarePants,1,2,600,2023-06-06 15:53:56
watch,SpongeBob SquarePants,5,14,600,2023-06-06 15:53:56
watch,SpongeBob SquarePants,5,11,600,2023-06-06 15:53:56
watch,SpongeBob SquarePants,5,22,600,2023-06-06 15:53:56
watch,SpongeBob SquarePants,8,12,600,2023-06-06 15:53:56
watch,SpongeBob SquarePants,10,28,600,2023-06-06 15:53:56
watch,SpongeBob SquarePants,6,15,600,2023-06-06 15:53:56
watch,SpongeBob SquarePants,7,16,600,2023-06-06 15:53:56
watch,SpongeBob SquarePants,8,3,600,2023-06-06 15:53:56
watch,SpongeBob SquarePants,2,15,600,2023-06-06 15:53:56
watch,SpongeBob SquarePants,6,27,600,2023-06-06 15:53:56
watch,SpongeBob SquarePants,3,18,600,2023-06-06 15:53:56
watch,SpongeBob SquarePants,3,33,600,2023-06-06 15:53:56
watch,SpongeBob SquarePants,3,1,600,2023-06-06 15:53:56
watch,SpongeBob SquarePants,6,18,600,2023-06-06 15:53:56
watch,SpongeBob SquarePants,10,23,600,2023-06-06 15:53:56
watch,SpongeBob SquarePants,9,31,600,2023-06-06 15:53:56
watch,SpongeBob SquarePants,1,7,600,2023-06-06 15:53:56
watch,SpongeBob SquarePants,2,23,600,2023-06-06 15:53:56
watch,SpongeBob SquarePants,5,4,600,2023-06-06 15:53:56
watch,SpongeBob SquarePants,6,33,600,2023-06-06 15:53:56
watch,SpongeBob SquarePants,10,68,600,2023-06-06 15:53:56
watch,SpongeBob SquarePants,8,2,600,2023-06-06 15:53:56
watch,SpongeBob SquarePants,10,37,600,2023-06-06 15:53:56
watch,SpongeBob SquarePants,9,27,600,2023-06-06 15:53:56
watch,SpongeBob SquarePants,8,14,600,2023-06-06 15:53:56
watch,SpongeBob SquarePants,6,17,600,2023-06-06 15:53:56
watch,SpongeBob SquarePants,10,35,600,2023-06-06 15:53:56
watch,SpongeBob SquarePants,4,10,600,2023-06-06 15:53:56
watch,SpongeBob SquarePants,5,1,600,2023-06-06 15:53:56
watch,SpongeBob SquarePants,10,12,600,2023-06-06 15:53:56
watch,SpongeBob SquarePants,2,8,600,2023-06-06 15:53:56
watch,SpongeBob SquarePants,10,9,600,2023-06-06 15:53:56
watch,SpongeBob SquarePants,3,11,600,2023-06-06 15:53:56
watch,SpongeBob SquarePants,2,35,600,2023-06-06 15:53:56
watch,SpongeBob SquarePants,7,5,600,2023-06-06 15:53:56
watch,SpongeBob SquarePants,10,64,600,2023-06-06 15:53:56
watch,SpongeBob SquarePants,8,16,600,2023-06-06 15:53:56
watch,SpongeBob SquarePants,5,38,600,2023-06-06 15:53:56
watch,SpongeBob SquarePants,7,2,600,2023-06-06 15:53:56
watch,SpongeBob SquarePants,8,25,600,2023-06-06 15:53:56
watch,SpongeBob SquarePants,10,69,600,2023-06-06 15:53:56
watch,SpongeBob SquarePants,3,16,600,2023-06-06 15:53:56
watch,SpongeBob SquarePants,9,1,600,2023-06-06 15:53:56
watch,SpongeBob SquarePants,5,23,600,2023-06-06 15:53:56
watch,SpongeBob SquarePants,7,28,600,2023-06-06 15:53:56
watch,SpongeBob SquarePants,8,17,600,2023-06-06 15:53:56
watch,SpongeBob SquarePants,9,37,600,2023-06-06 15:53:56
watch,SpongeBob SquarePants,3,7,600,2023-06-06 15:53:56
watch,SpongeBob SquarePants,3,26,600,2023-06-06 15:53:56
watch,SpongeBob SquarePants,4,31,600,2023-06-06 15:53:56
watch,SpongeBob SquarePants,1,32,600,2023-06-06 15:53:56
watch,SpongeBob SquarePants,5,36,600,2023-06-06 15:53:56
watch,SpongeBob SquarePants,7,23,600,2023-06-06 15:53:56
watch,SpongeBob SquarePants,10,4,600,2023-06-06 15:53:56
watch,SpongeBob SquarePants,10,58,600,2023-06-06 15:53:56
watch,SpongeBob SquarePants,3,20,600,2023-06-06 15:53:56
watch,SpongeBob SquarePants,2,33,600,2023-06-06 15:53:56
watch,SpongeBob SquarePants,8,11,600,2023-06-06 15:53:56
watch,SpongeBob SquarePants,1,1,600,2023-06-06 15:53:56
watch,SpongeBob SquarePants,5,26,600,2023-06-06 15:53:56
watch,SpongeBob SquarePants,9,6,600,2023-06-06 15:53:56
watch,SpongeBob SquarePants,7,7,600,2023-06-06 15:53:56
watch,SpongeBob SquarePants,4,9,600,2023-06-06 15:53:56
watch,SpongeBob SquarePants,2,12,600,2023-06-06 15:53:56
watch,SpongeBob SquarePants,10,43,600,2023-06-06 15:53:56
watch,SpongeBob SquarePants,7,22,600,2023-06-06 15:53:56
watch,SpongeBob SquarePants,3,22,600,2023-06-06 15:53:56
watch,SpongeBob SquarePants,7,29,600,2023-06-06 15:53:56
watch,SpongeBob SquarePants,3,6,600,2023-06-06 15:53:56
watch,SpongeBob SquarePants,10,61,600,2023-06-06 15:53:56
watch,SpongeBob SquarePants,6,3,600,2023-06-06 15:53:56
watch,SpongeBob SquarePants,10,40,600,2023-06-06 15:53:56
watch,SpongeBob SquarePants,4,20,600,2023-06-06 15:53:56
watch,SpongeBob SquarePants,1,27,600,2023-06-06 15:53:56
watch,SpongeBob SquarePants,1,26,600,2023-06-06 15:53:56
watch,SpongeBob SquarePants,10,52,600,2023-06-06 15:53:56
watch,SpongeBob SquarePants,5,8,600,2023-06-06 15:53:56
watch,SpongeBob SquarePants,5,19,600,2023-06-06 15:53:56
watch,SpongeBob SquarePants,5,9,600,2023-06-06 15:53:56
watch,SpongeBob SquarePants,7,26,600,2023-06-06 15:53:56
watch,SpongeBob SquarePants,6,6,600,2023-06-06 15:53:56
watch,SpongeBob SquarePants,1,18,600,2023-06-06 15:53:56
watch,SpongeBob SquarePants,9,29,600,2023-06-06 15:53:56
watch,SpongeBob SquarePants,6,34,600,2023-06-06 15:53:56
watch,SpongeBob SquarePants,9,39,600,2023-06-06 15:53:56
watch,SpongeBob SquarePants,4,32,600,2023-06-06 15:53:56
watch,SpongeBob SquarePants,9,41,600,2023-06-06 15:53:56
watch,SpongeBob SquarePants,7,31,600,2023-06-06 15:53:56
watch,SpongeBob SquarePants,2,5,600,2023-06-06 15:53:56
watch,SpongeBob SquarePants,1,22,600,2023-06-06 15:53:56
watch,SpongeBob SquarePants,9,35,600,2023-06-06 15:53:56
watch,SpongeBob SquarePants,1,36,600,2023-06-06 15:53:56
watch,SpongeBob SquarePants,9,30,600,2023-06-06 15:53:56
watch,SpongeBob SquarePants,8,5,600,2023-06-06 15:53:56
watch,SpongeBob SquarePants,9,13,600,2023-06-06 15:53:56
watch,SpongeBob SquarePants,3,3,600,2023-06-06 15:53:56
watch,SpongeBob SquarePants,4,14,600,2023-06-06 15:53:56
watch,SpongeBob SquarePants,1,21,600,2023-06-06 15:53:56
watch,SpongeBob SquarePants,5,24,600,2023-06-06 15:53:56
watch,SpongeBob SquarePants,4,33,600,2023-06-06 15:53:56
watch,SpongeBob SquarePants,6,29,600,2023-06-06 15:53:56
watch,SpongeBob SquarePants,7,17,600,2023-06-06 15:53:56
watch,SpongeBob SquarePants,10,56,600,2023-06-06 15:53:56
watch,SpongeBob SquarePants,3,10,600,2023-06-06 15:53:56
watch,SpongeBob SquarePants,9,42,600,2023-06-06 15:53:56
watch,SpongeBob SquarePants,5,7,600,2023-06-06 15:53:56
watch,SpongeBob SquarePants,5,13,600,2023-06-06 15:53:56
watch,SpongeBob SquarePants,2,19,600,2023-06-06 15:53:56
watch,SpongeBob SquarePants,10,11,600,2023-06-06 15:53:56
watch,SpongeBob SquarePants,2,21,600,2023-06-06 15:53:56
watch,SpongeBob SquarePants,9,9,600,2023-06-06 15:53:56
watch,SpongeBob SquarePants,10,7,600,2023-06-06 15:53:56
watch,SpongeBob SquarePants,2,10,600,2023-06-06 15:53:56
watch,SpongeBob SquarePants,4,4,600,2023-06-06 15:53:56
watch,SpongeBob SquarePants,10,34,600,2023-06-06 15:53:56
watch,SpongeBob SquarePants,10,67,600,2023-06-06 15:53:56
watch,SpongeBob SquarePants,4,3,600,2023-06-06 15:53:56
watch,SpongeBob SquarePants,8,22,600,2023-06-06 15:53:56
watch,SpongeBob SquarePants,7,33,600,2023-06-06 15:53:56
watch,SpongeBob SquarePants,2,34,600,2023-06-06 15:53:56
watch,SpongeBob SquarePants,7,18,600,2023-06-06 15:53:56
watch,SpongeBob SquarePants,1,31,600,2023-06-06 15:53:56
watch,SpongeBob SquarePants,3,14,600,2023-06-06 15:53:56
watch,SpongeBob SquarePants,6,23,600,2023-06-06 15:53:56
watch,SpongeBob SquarePants,9,4,600,2023-06-06 15:53:56
watch,SpongeBob SquarePants,10,57,600,2023-06-06 15:53:56
watch,SpongeBob SquarePants,7,6,600,2023-06-06 15:53:56
watch,SpongeBob SquarePants,1,29,600,2023-06-06 15:53:56
watch,SpongeBob SquarePants,10,8,600,2023-06-06 15:53:56
watch,SpongeBob SquarePants,8,8,600,2023-06-06 15:53:56
watch,SpongeBob SquarePants,6,16,600,2023-06-06 15:53:56
watch,SpongeBob SquarePants,6,20,600,2023-06-06 15:53:56
watch,SpongeBob SquarePants,4,18,600,2023-06-06 15:53:56
watch,SpongeBob SquarePants,3,4,600,2023-06-06 15:53:56
watch,SpongeBob SquarePants,4,29,600,2023-06-06 15:53:56
watch,SpongeBob SquarePants,5,16,600,2023-06-06 15:53:56
watch,SpongeBob SquarePants,4,5,600,2023-06-06 15:53:56
watch,SpongeBob SquarePants,4,11,600,2023-06-06 15:53:56
watch,SpongeBob SquarePants,5,6,600,2023-06-06 15:53:56
watch,SpongeBob SquarePants,7,27,600,2023-06-06 15:53:56
watch,SpongeBob SquarePants,7,13,600,2023-06-06 15:53:56
watch,SpongeBob SquarePants,7,25,600,2023-06-06 15:53:56
watch,SpongeBob SquarePants,7,35,600,2023-06-06 15:53:56
watch,SpongeBob SquarePants,5,32,600,2023-06-06 15:53:56
watch,SpongeBob SquarePants,1,3,600,2023-06-06 15:53:56
watch,Nelly and Sherihan,1,26,1920,2022-03-06 08:07:18
watch,Nelly and Sherihan,1,23,1920,2022-03-06 08:07:18
watch,Nelly and Sherihan,1,8,1920,2022-03-06 08:07:18
watch,Nelly and Sherihan,1,13,1920,2022-03-06 08:07:18
watch,Nelly and Sherihan,1,30,1920,2022-03-06 08:07:18
watch,Nelly and Sherihan,1,1,1920,2022-03-06 08:07:18
watch,Nelly and Sherihan,1,21,1920,2022-03-06 08:07:18
watch,Nelly and Sherihan,1,14,1920,2022-03-06 08:07:18
watch,Nelly and Sherihan,1,19,1920,2022-03-06 08:07:18
watch,Nelly and Sherihan,1,4,1920,2022-03-06 08:07:18
watch,Nelly and Sherihan,1,18,1920,2022-03-06 08:07:18
watch,Nelly and Sherihan,1,2,1920,2022-03-06 08:07:18
watch,Nelly and Sherihan,1,6,1920,2022-03-06 08:07:18
watch,Nelly and Sherihan,1,27,1920,2022-03-06 08:07:18
watch,Nelly and Sherihan,1,9,1920,2022-03-06 08:07:18
watch,Nelly and Sherihan,1,11,1920,2022-03-06 08:07:18
watch,Nelly and Sherihan,1,20,1920,2022-03-06 08:07:18
watch,Nelly and Sherihan,1,3,1920,2022-03-06 08:07:18
watch,Nelly and Sherihan,1,16,1920,2022-03-06 08:07:18
watch,Nelly and Sherihan,1,29,1920,2022-03-06 08:07:18
watch,Nelly and Sherihan,1,24,1920,2022-03-06 08:07:18
watch,Nelly and Sherihan,1,28,1920,2022-03-06 08:07:18
watch,Nelly and Sherihan,1,10,1920,2022-03-06 08:07:18
watch,Nelly and Sherihan,1,12,1920,2022-03-06 08:07:18
watch,Nelly and Sherihan,1,17,1920,2022-03-06 08:07:18
watch,Nelly and Sherihan,1,5,1920,2022-03-06 08:07:18
watch,Nelly and Sherihan,1,15,1920,2022-03-06 08:07:18
watch,Nelly and Sherihan,1,25,1920,2022-03-06 08:07:18
watch,Nelly and Sherihan,1,22,1920,2022-03-06 08:07:18
watch,Nelly and Sherihan,1,7,1920,2022-03-06 08:07:18
watch,Hunter x Hunter (2011),1,29,1500,2022-03-13 07:53:48
watch,Hunter x Hunter (2011),1,23,1500,2022-03-13 07:53:48
watch,Hunter x Hunter (2011),3,1,1500,2022-03-13 07:53:48
watch,Hunter x Hunter (2011),2,66,1500,2022-03-13 07:53:48
watch,Hunter x Hunter (2011),1,4,1500,2022-03-13 07:53:48
watch,Hunter x Hunter (2011),2,36,1500,2022-03-13 07:53:48
watch,Hunter x Hunter (2011),2,73,1500,2022-03-13 07:53:48
watch,Hunter x Hunter (2011),2,60,1500,2022-03-13 07:53:48
watch,Hunter x Hunter (2011),2,1,1500,2022-03-13 07:53:48
watch,Hunter x Hunter (2011),1,50,1500,2022-03-13 07:53:48
watch,Hunter x Hunter (2011),2,11,1500,2022-03-13 07:53:48
watch,Hunter x Hunter (2011),2,46,1500,2022-03-13 07:53:48
watch,Hunter x Hunter (2011),2,22,1500,2022-03-13 07:53:48
watch,Hunter x Hunter (2011),1,31,1500,2022-03-13 07:53:48
watch,Hunter x Hunter (2011),2,8,1500,2022-03-13 07:53:48
watch,Hunter x Hunter (2011),2,30,1500,2022-03-13 07:53:48
watch,Hunter x Hunter (2011),2,25,1500,2022-03-13 07:53:48
watch,Hunter x Hunter (2011),3,9,1500,2022-03-13 07:53:48
watch,Hunter x Hunter (2011),2,71,1500,2022-03-13 07:53:48
watch,Hunter x Hunter (2011),2,67,1500,2022-03-13 07:53:48
watch,Hunter x Hunter (2011),2,47,1500,2022-03-13 07:53:48
watch,Hunter x Hunter (2011),1,32,1500,2022-03-13 07:53:48
watch,Hunter x Hunter (2011),1,39,1500,2022-03-13 07:53:48
watch,Hunter x Hunter (2011),1,47,1500,2022-03-13 07:53:48
watch,Hunter x Hunter (2011),1,46,1500,2022-03-13 07:53:48
watch,Hunter x Hunter (2011),2,55,1500,2022-03-13 07:53:48
watch,Hunter x Hunter (2011),2,4,1500,2022-03-13 07:53:48
watch,Hunter x Hunter (2011),2,57,1500,2022-03-13 07:53:48
watch,Hunter x Hunter (2011),1,9,1500,2022-03-13 07:53:48
watch,Hunter x Hunter (2011),2,51,1500,2022-03-13 07:53:48
watch,Hunter x Hunter (2011),3,2,1500,2022-03-13 07:53:48
watch,Hunter x Hunter (2011),2,63,1500,2022-03-13 07:53:48
watch,Hunter x Hunter (2011),2,70,1500,2022-03-13 07:53:48
watch,Hunter x Hunter (2011),2,24,1500,2022-03-13 07:53:48
watch,Hunter x Hunter (2011),2,65,1500,2022-03-13 07:53:48
watch,Hunter x Hunter (2011),1,34,1500,2022-03-13 07:53:48
watch,Hunter x Hunter (2011),2,26,1500,2022-03-13 07:53:48
watch,Hunter x Hunter (2011),2,58,1500,2022-03-13 07:53:48
watch,Hunter x Hunter (2011),2,54,1500,2022-03-13 07:53:48
watch,Hunter x Hunter (2011),2,15,1500,2022-03-13 07:53:48
watch,Hunter x Hunter (2011),2,38,1500,2022-03-13 07:53:48
watch,Hunter x Hunter (2011),2,50,1500,2022-03-13 07:53:48
watch,Hunter x Hunter (2011),1,36,1500,2022-03-13 07:53:48
watch,Hunter x Hunter (2011),1,54,1500,2022-03-13 07:53:48
watch,Hunter x Hunter (2011),2,3,1500,2022-03-13 07:53:48
watch,Hunter x Hunter (2011),2,32,1500,2022-03-13 07:53:48
watch,Hunter x Hunter (2011),1,13,1500,2022-03-13 07:53:48
watch,Hunter x Hunter (2011),2,19,1500,2022-03-13 07:53:48
watch,Hunter x Hunter (2011),1,56,1500,2022-03-13 07:53:48
watch,Hunter x Hunter (2011),2,23,1500,2022-03-13 07:53:48
watch,Hunter x Hunter (2011),1,25,1500,2022-03-13 07:53:48
watch,Hunter x Hunter (2011),2,75,1500,2022-03-13 07:53:48
watch,Hunter x Hunter (2011),1,2,1500,2022-03-13 07:53:48
watch,Hunter x Hunter (2011),2,10,1500,2022-03-13 07:53:48
watch,Hunter x Hunter (2011),2,7,1500,2022-03-13 07:53:48
watch,Hunter x Hunter (2011),2,43,1500,2022-03-13 07:53:48
watch,Hunter x Hunter (2011),3,10,1500,2022-03-13 07:53:48
watch,Hunter x Hunter (2011),1,53,1500,2022-03-13 07:53:48
watch,Hunter x Hunter (2011),2,69,1500,2022-03-13 07:53:48
watch,Hunter x Hunter (2011),1,48,1500,2022-03-13 07:53:48
watch,Hunter x Hunter (2011),2,28,1500,2022-03-13 07:53:48
watch,Hunter x Hunter (2011),3,7,1500,2022-03-13 07:53:48
watch,Hunter x Hunter (2011),2,52,1500,2022-03-13 07:53:48
watch,Hunter x Hunter (2011),1,27,1500,2022-03-13 07:53:48
watch,Hunter x Hunter (2011),1,55,1500,2022-03-13 07:53:48
watch,Hunter x Hunter (2011),2,33,1500,2022-03-13 07:53:48
watch,Hunter x Hunter (2011),2,62,1500,2022-03-13 07:53:48
watch,Hunter x Hunter (2011),2,59,1500,2022-03-13 07:53:48
watch,Hunter x Hunter (2011),3,8,1500,2022-03-13 07:53:48
watch,Hunter x Hunter (2011),1,1,1500,2022-03-13 07:53:48
watch,Hunter x Hunter (2011),1,43,1500,2022-03-13 07:53:48
watch,Hunter x Hunter (2011),1,37,1500,2022-03-13 07:53:48
watch,Hunter x Hunter (2011),1,40,1500,2022-03-13 07:53:48
watch,Hunter x Hunter (2011),1,14,1500,2022-03-13 07:53:48
watch,Hunter x Hunter (2011),2,49,1500,2022-03-13 07:53:48
watch,Hunter x Hunter (2011),1,19,1500,2022-03-13 07:53:48
watch,Hunter x Hunter (2011),3,12,1500,2022-03-13 07:53:48
watch,Hunter x Hunter (2011),2,61,1500,2022-03-13 07:53:48
watch,Hunter x Hunter (2011),3,11,1500,2022-03-13 07:53:48
watch,Hunter x Hunter (2011),2,6,1500,2022-03-13 07:53:48
watch,Hunter x Hunter (2011),1,52,1500,2022-03-13 07:53:48
watch,Hunter x Hunter (2011),3,4,1500,2022-03-13 07:53:48
watch,Hunter x Hunter (2011),1,44,1500,2022-03-13 07:53:48
watch,Hunter x Hunter (2011),2,31,1500,2022-03-13 07:53:48
watch,Hunter x Hunter (2011),1,51,1500,2022-03-13 07:53:48
watch,Hunter x Hunter (2011),2,35,1500,2022-03-13 07:53:48
watch,Hunter x Hunter (2011),1,58,1500,2022-03-13 07:53:48
watch,Hunter x Hunter (2011),2,42,1500,2022-03-13 07:53:48
watch,Hunter x Hunter (2011),1,33,1500,2022-03-13 07:53:48
watch,Hunter x Hunter (2011),2,18,1500,2022-03-13 07:53:48
watch,Hunter x Hunter (2011),1,42,1500,2022-03-13 07:53:48
watch,Hunter x Hunter (2011),1,16,1500,2022-03-13 07:53:48
watch,Hunter x Hunter (2011),2,68,1500,2022-03-13 07:53:48
watch,Hunter x Hunter (2011),2,76,1500,2022-03-13 07:53:48
watch,Hunter x Hunter (2011),2,12,1500,2022-03-13 07:53:48
watch,Hunter x Hunter (2011),1,45,1500,2022-03-13 07:53:48
watch,Hunter x Hunter (2011),1,15,1500,2022-03-13 07:53:48
watch,Hunter x Hunter (2011),1,6,1500,2022-03-13 07:53:48
watch,Hunter x Hunter (2011),2,21,1500,2022-03-13 07:53:48
watch,Hunter x Hunter (2011),1,49,1500,2022-03-13 07:53:48
watch,Hunter x Hunter (2011),3,3,1500,2022-03-13 07:53:48
watch,Hunter x Hunter (2011),2,39,1500,2022-03-13 07:53:48
watch,Hunter x Hunter (2011),2,72,1500,2022-03-13 07:53:48
watch,Hunter x Hunter (2011),1,41,1500,2022-03-13 07:53:48
watch,Hunter x Hunter (2011),1,22,1500,2022-03-13 07:53:48
watch,Hunter x Hunter (2011),2,77,1500,2022-03-13 07:53:48
watch,Hunter x Hunter (2011),2,56,1500,2022-03-13 07:53:48
watch,Hunter x Hunter (2011),2,48,1500,2022-03-13 07:53:48
watch,Hunter x Hunter (2011),2,20,1500,2022-03-13 07:53:48
watch,Hunter x Hunter (2011),1,20,1500,2022-03-13 07:53:48
watch,Hunter x Hunter (2011),1,3,1500,2022-03-13 07:53:48
watch,Hunter x Hunter (2011),2,44,1500,2022-03-13 07:53:48
watch,Hunter x Hunter (2011),1,7,1500,2022-03-13 07:53:48
watch,Hunter x Hunter (2011),2,17,1500,2022-03-13 07:53:48
watch,Hunter x Hunter (2011),1,10,1500,2022-03-13 07:53:48
watch,Hunter x Hunter (2011),2,64,1500,2022-03-13 07:53:48
watch,Hunter x Hunter (2011),2,45,1500,2022-03-13 07:53:48
watch,Hunter x Hunter (2011),1,26,1500,2022-03-13 07:53:48
watch,Hunter x Hunter (2011),2,29,1500,2022-03-13 07:53:48
watch,Hunter x Hunter (2011),1,18,1500,2022-03-13 07:53:48
watch,Hunter x Hunter (2011),2,37,1500,2022-03-13 07:53:48
watch,Hunter x Hunter (2011),2,13,1500,2022-03-13 07:53:48
watch,Hunter x Hunter (2011),1,57,1500,2022-03-13 07:53:48
watch,Hunter x Hunter (2011),1,21,1500,2022-03-13 07:53:48
watch,Hunter x Hunter (2011),1,24,1500,2022-03-13 07:53:48
watch,Hunter x Hunter (2011),2,34,1500,2022-03-13 07:53:48
watch,Hunter x Hunter (2011),1,28,1500,2022-03-13 07:53:48
watch,Hunter x Hunter (2011),1,35,1500,2022-03-13 07:53:48
watch,Hunter x Hunter (2011),2,53,1500,2022-03-13 07:53:48
watch,Hunter x Hunter (2011),2,9,1500,2022-03-13 07:53:48
watch,Hunter x Hunter (2011),2,27,1500,2022-03-13 07:53:48
watch,Hunter x Hunter (2011),1,11,1500,2022-03-13 07:53:48
watch,Hunter x Hunter (2011),1,12,1500,2022-03-13 07:53:48
watch,Hunter x Hunter (2011),2,74,1500,2022-03-13 07:53:48
watch,Hunter x Hunter (2011),1,38,1500,2022-03-13 07:53:48
watch,Hunter x Hunter (2011),3,6,1500,2022-03-13 07:53:48
watch,Hunter x Hunter (2011),1,5,1500,2022-03-13 07:53:48
watch,Hunter x Hunter (2011),2,40,1500,2022-03-13 07:53:48
watch,Hunter x Hunter (2011),2,5,1500,2022-03-13 07:53:48
watch,Hunter x Hunter (2011),2,78,1500,2022-03-13 07:53:48
watch,Hunter x Hunter (2011),2,41,1500,2022-03-13 07:53:48
watch,Hunter x Hunter (2011),2,14,1500,2022-03-13 07:53:48
watch,Hunter x Hunter (2011),1,30,1500,2022-03-13 07:53:48
watch,Hunter x Hunter (2011),2,2,1500,2022-03-13 07:53:48
watch,Hunter x Hunter (2011),2,16,1500,2022-03-13 07:53:48
watch,Hunter x Hunter (2011),3,5,1500,2022-03-13 07:53:48
watch,Hunter x Hunter (2011),1,8,1500,2022-03-13 07:53:48
watch,Hunter x Hunter (2011),1,17,1500,2022-03-13 07:53:48
watch,Love 101,1,4,2760,2022-07-31 08:56:04
watch,Love 101,1,1,2760,2022-07-31 08:56:04
watch,Love 101,2,3,2760,2022-08-01 21:51:49
watch,Love 101,1,5,2760,2022-07-31 08:56:04
watch,Love 101,2,1,2760,2022-08-01 21:51:49
watch,Love 101,2,2,2760,2022-08-01 21:51:49
watch,Love 101,1,8,2760,2022-07-31 19:03:45
watch,Love 101,2,7,2760,2022-08-01 21:51:49
watch,Love 101,1,6,2760,2022-07-31 08:56:04
watch,Love 101,1,3,2760,2022-07-31 08:56:04
watch,Love 101,2,5,2760,2022-08-01 21:51:49
watch,Love 101,1,2,2760,2022-07-31 08:56:04
watch,Love 101,2,8,2760,2022-08-01 21:51:49
watch,Love 101,1,7,2760,2022-07-31 19:03:45
watch,Love 101,2,4,2760,2022-08-01 21:51:49
watch,Love 101,2,6,2760,2022-08-01 21:51:49
watch,Platinum End,1,1,1440,2022-05-29 09:19:44
watch,Platinum End,1,19,1440,2022-05-29 09:19:44
watch,Platinum End,1,14,1440,2022-05-29 09:19:44
watch,Platinum End,1,7,1440,2022-05-29 09:19:44
watch,Platinum End,1,17,1440,2022-05-29 09:19:44
watch,Platinum End,1,22,1440,2022-05-29 09:19:44
watch,Platinum End,1,20,1440,2022-05-29 09:19:44
watch,Platinum End,1,23,1440,2022-05-29 09:19:44
watch,Platinum End,1,13,1440,2022-05-29 09:19:44
watch,Platinum End,1,11,1440,2022-05-29 09:19:44
watch,Platinum End,1,6,1440,2022-05-29 09:19:44
watch,Platinum End,1,10,1440,2022-05-29 09:19:44
watch,Platinum End,1,2,1440,2022-05-29 09:19:44
watch,Platinum End,1,24,1440,2022-05-29 09:19:44
watch,Platinum End,1,9,1440,2022-05-29 09:19:44
watch,Platinum End,1,3,1440,2022-05-29 09:19:44
watch,Platinum End,1,12,1440,2022-05-29 09:19:44
watch,Platinum End,1,8,1440,2022-05-29 09:19:44
watch,Platinum End,1,21,1440,2022-05-29 09:19:44
watch,Platinum End,1,4,1440,2022-05-29 09:19:44
watch,Platinum End,1,18,1440,2022-05-29 09:19:44
watch,Platinum End,1,15,1440,2022-05-29 09:19:44
watch,Platinum End,1,5,1440,2022-05-29 09:19:44
watch,Platinum End,1,16,1440,2022-05-29 09:19:44
watch,The Queen's Gambit,1,5,3600,2022-03-05 09:34:04
watch,The Queen's Gambit,1,2,3600,2022-03-05 09:34:04
watch,The Queen's Gambit,1,6,3600,2022-03-05 09:34:04
watch,The Queen's Gambit,1,7,3600,2022-03-05 09:34:04
watch,The Queen's Gambit,1,3,3600,2022-03-05 09:34:04
watch,The Queen's Gambit,1,1,3600,2022-03-05 09:34:04
watch,The Queen's Gambit,1,4,3600,2022-03-05 09:34:04
watch,A Knight of the Seven Kingdoms,1,6,2160,2026-02-23 23:07:42
watch,A Knight of the Seven Kingdoms,1,3,2220,2026-02-02 21:27:02
watch,A Knight of the Seven Kingdoms,1,2,2280,2026-01-26 23:50:34
watch,A Knight of the Seven Kingdoms,1,1,2220,2026-01-23 12:36:14
watch,A Knight of the Seven Kingdoms,1,5,2160,2026-02-17 12:01:39
watch,A Knight of the Seven Kingdoms,1,4,2220,2026-02-06 19:28:03
watch,One Piece,2,20,1500,2022-03-06 08:12:06
watch,One Piece,2,2,1500,2022-03-06 08:12:06
watch,One Piece,1,5,1500,2022-03-06 08:12:06
watch,One Piece,1,1,1500,2022-03-06 08:12:06
watch,One Piece,2,10,1500,2022-03-06 08:12:06
watch,One Piece,2,4,1500,2022-03-06 08:12:06
watch,One Piece,2,8,1500,2022-03-06 08:12:06
watch,One Piece,3,9,1500,2024-08-07 06:57:36
watch,One Piece,2,17,1500,2022-03-06 08:12:06
watch,One Piece,3,3,1500,2024-08-07 06:57:36
watch,One Piece,2,21,1500,2022-03-06 08:12:06
watch,One Piece,3,2,1500,2024-08-07 06:57:36
watch,One Piece,2,9,1500,2022-03-06 08:12:06
watch,One Piece,2,1,1500,2022-03-06 08:12:06
watch,One Piece,2,15,1500,2022-03-06 08:12:06
watch,One Piece,2,5,1500,2022-03-06 08:12:06
watch,One Piece,2,13,1500,2022-03-06 08:12:06
watch,One Piece,3,5,1500,2024-08-07 06:57:36
watch,One Piece,2,3,1500,2022-03-06 08:12:06
watch,One Piece,1,8,1500,2022-03-06 08:12:06
watch,One Piece,3,10,1500,2024-08-07 06:57:36
watch,One Piece,1,4,1500,2022-03-06 08:12:06
watch,One Piece,1,7,1500,2022-03-06 08:12:06
watch,One Piece,1,3,1500,2022-03-06 08:12:06
watch,One Piece,2,6,1500,2022-03-06 08:12:06
watch,One Piece,3,7,1500,2024-08-07 06:57:36
watch,One Piece,1,2,1500,2022-03-06 08:12:06
watch,One Piece,3,11,1500,2024-08-07 06:57:36
watch,One Piece,2,12,1500,2022-03-06 08:12:06
watch,One Piece,1,6,1500,2022-03-06 08:12:06
watch,One Piece,3,14,1500,2024-08-07 06:56:56
watch,One Piece,2,14,1500,2022-03-06 08:12:06
watch,One Piece,3,8,1500,2024-08-07 06:57:36
watch,One Piece,2,19,1500,2022-03-06 08:12:06
watch,One Piece,3,12,1500,2024-08-07 06:57:36
watch,One Piece,2,22,1500,2022-03-06 08:12:06
watch,One Piece,3,4,1500,2024-08-07 06:57:36
watch,One Piece,3,6,1500,2024-08-07 06:57:36
watch,One Piece,3,15,1500,2024-08-07 06:57:34
watch,One Piece,3,13,1500,2024-08-07 06:57:36
watch,One Piece,2,7,1500,2022-03-06 08:12:06
watch,One Piece,2,16,1500,2022-03-06 08:12:06
watch,One Piece,2,18,1500,2022-03-06 08:12:06
watch,One Piece,3,1,1500,2024-08-07 06:56:22
watch,One Piece,2,11,1500,2022-03-06 08:12:06
watch,Marvel's Iron Fist,1,2,3180,2026-05-05 20:04:21
watch,Marvel's Iron Fist,1,8,3180,2026-05-11 09:21:54
watch,Marvel's Iron Fist,1,12,3180,2026-05-11 09:26:02
watch,Marvel's Iron Fist,1,9,3180,2026-05-11 09:21:56
watch,Marvel's Iron Fist,1,3,3180,2026-05-05 20:04:21
watch,Marvel's Iron Fist,1,5,3180,2026-05-05 20:04:21
watch,Marvel's Iron Fist,1,4,3180,2026-05-05 20:04:21
watch,Marvel's Iron Fist,1,7,3180,2026-05-11 09:21:50
watch,Marvel's Iron Fist,1,6,3180,2026-05-05 20:04:21
watch,Marvel's Iron Fist,1,10,3180,2026-05-11 09:26:02
watch,Marvel's Iron Fist,1,13,3180,2026-05-11 09:25:52
watch,Marvel's Iron Fist,1,11,3180,2026-05-11 09:26:02
watch,Marvel's Iron Fist,1,1,3180,2026-05-05 20:04:21
watch,Marvel's Iron Fist,2,1,3180,2026-07-01 21:59:45
watch,Ben 10,4,8,1320,2022-06-10 15:22:00
watch,Ben 10,3,7,1320,2022-06-10 15:21:46
watch,Ben 10,2,2,1320,2022-06-10 15:21:35
watch,Ben 10,1,6,1320,2022-06-10 15:21:19
watch,Ben 10,2,5,1320,2022-06-10 15:21:35
watch,Ben 10,2,12,1320,2022-06-10 15:21:35
watch,Ben 10,3,6,1320,2022-06-10 15:21:46
watch,Ben 10,2,11,1320,2022-06-10 15:21:35
watch,Ben 10,1,10,1320,2022-06-10 15:21:19
watch,Ben 10,2,6,1320,2022-06-10 15:21:35
watch,Ben 10,3,4,1320,2022-06-10 15:21:46
watch,Ben 10,2,8,1320,2022-06-10 15:21:35
watch,Ben 10,2,9,1320,2022-06-10 15:21:35
watch,Ben 10,4,10,1320,2022-06-10 15:22:00
watch,Ben 10,3,5,1320,2022-06-10 15:21:46
watch,Ben 10,1,2,1320,2022-06-10 15:21:19
watch,Ben 10,2,7,1320,2022-06-10 15:21:35
watch,Ben 10,1,13,1320,2022-06-10 15:21:19
watch,Ben 10,4,5,1320,2022-06-10 15:22:00
watch,Ben 10,4,2,1320,2022-06-10 15:22:00
watch,Ben 10,3,10,1320,2022-06-10 15:21:46
watch,Ben 10,2,4,1320,2022-06-10 15:21:35
watch,Ben 10,4,3,1320,2022-06-10 15:22:00
watch,Ben 10,4,9,1320,2022-06-10 15:22:00
watch,Ben 10,4,1,1320,2022-06-10 15:22:00
watch,Ben 10,3,9,1320,2022-06-10 15:21:46
watch,Ben 10,3,13,1320,2022-06-10 15:21:46
watch,Ben 10,1,3,1320,2022-06-10 15:21:19
watch,Ben 10,1,12,1320,2022-06-10 15:21:19
watch,Ben 10,3,11,1320,2022-06-10 15:21:46
watch,Ben 10,2,1,1320,2022-06-10 15:21:35
watch,Ben 10,1,5,1320,2022-06-10 15:21:19
watch,Ben 10,3,1,1320,2022-06-10 15:21:46
watch,Ben 10,2,3,1320,2022-06-10 15:21:35
watch,Ben 10,2,10,1320,2022-06-10 15:21:35
watch,Ben 10,1,4,1320,2022-06-10 15:21:19
watch,Ben 10,1,9,1320,2022-06-10 15:21:19
watch,Ben 10,3,2,1320,2022-06-10 15:21:46
watch,Ben 10,3,3,1320,2022-06-10 15:21:46
watch,Ben 10,1,8,1320,2022-06-10 15:21:19
watch,Ben 10,4,6,1320,2022-06-10 15:22:00
watch,Ben 10,3,12,1320,2022-06-10 15:21:46
watch,Ben 10,4,7,1320,2022-06-10 15:22:00
watch,Ben 10,1,1,1320,2022-06-10 15:21:19
watch,Ben 10,1,11,1320,2022-06-10 15:21:19
watch,Ben 10,4,4,1320,2022-06-10 15:22:00
watch,Ben 10,1,7,1320,2022-06-10 15:21:19
watch,Ben 10,3,8,1320,2022-06-10 15:21:46
watch,Ben 10,2,13,1320,2022-06-10 15:21:35
watch,Moon Knight,1,3,3000,2022-08-31 07:49:34
watch,Moon Knight,1,2,3000,2022-08-30 21:49:44
watch,Moon Knight,1,1,0,2022-08-21 17:35:23
watch,Moon Knight,1,6,3000,2022-08-31 22:38:39
watch,Moon Knight,1,5,3000,2022-08-31 22:38:09
watch,Moon Knight,1,4,3000,2022-08-31 18:45:34
watch,Ard Wa Talab,1,12,2460,2026-03-22 23:36:16
watch,Ard Wa Talab,1,3,2460,2026-03-22 23:36:16
watch,Ard Wa Talab,1,1,2460,2026-03-22 23:36:16
watch,Ard Wa Talab,1,10,2460,2026-03-22 23:36:16
watch,Ard Wa Talab,1,13,2460,2026-03-22 23:36:16
watch,Ard Wa Talab,1,11,2460,2026-03-22 23:36:16
watch,Ard Wa Talab,1,14,2460,2026-03-22 23:36:16
watch,Ard Wa Talab,1,4,2460,2026-03-22 23:36:16
watch,Ard Wa Talab,1,7,2460,2026-03-22 23:36:16
watch,Ard Wa Talab,1,8,2460,2026-03-22 23:36:16
watch,Ard Wa Talab,1,2,2460,2026-03-22 23:36:16
watch,Ard Wa Talab,1,6,2460,2026-03-22 23:36:16
watch,Ard Wa Talab,1,5,2460,2026-03-22 23:36:16
watch,Ard Wa Talab,1,15,2460,2026-03-22 23:36:16
watch,Ard Wa Talab,1,9,2460,2026-03-22 23:36:16
watch,Squid Game,2,1,3480,2025-02-09 23:31:14
watch,Squid Game,1,8,3240,2022-03-05 09:33:47
watch,Squid Game,1,7,3240,2022-03-05 09:33:47
watch,Squid Game,3,3,3540,2025-07-21 12:16:11
watch,Squid Game,3,6,3540,2025-07-21 12:15:09
watch,Squid Game,3,1,3540,2025-07-21 12:16:11
watch,Squid Game,1,6,3240,2022-03-05 09:33:47
watch,Squid Game,2,6,3480,2025-02-09 23:33:08
watch,Squid Game,1,5,3240,2022-03-05 09:33:47
watch,Squid Game,1,1,3240,2022-03-05 09:33:47
watch,Squid Game,2,7,3480,2025-02-09 23:33:24
watch,Squid Game,3,4,3540,2025-07-21 12:16:11
watch,Squid Game,2,3,3480,2025-02-09 23:32:22
watch,Squid Game,1,9,3240,2022-03-05 09:33:47
watch,Squid Game,2,5,3480,2025-02-09 23:32:56
watch,Squid Game,2,2,3480,2025-02-09 23:32:03
watch,Squid Game,3,2,3540,2025-07-21 12:16:11
watch,Squid Game,1,4,3240,2022-03-05 09:33:47
watch,Squid Game,1,2,3240,2022-03-05 09:33:47
watch,Squid Game,1,3,3240,2022-03-05 09:33:47
watch,Squid Game,2,4,3480,2025-02-09 23:32:38
watch,Squid Game,3,5,3540,2025-07-21 12:16:11
watch,Hawkeye (2021),1,4,2820,2026-03-19 02:21:25
watch,Hawkeye (2021),1,2,2820,2026-03-19 02:21:21
watch,Hawkeye (2021),1,1,2820,2026-03-19 02:21:18
watch,Hawkeye (2021),1,6,2820,2026-03-19 02:23:15
watch,Hawkeye (2021),1,5,2820,2026-05-20 13:13:28
watch,Hawkeye (2021),1,3,2820,2026-03-19 02:21:23
watch,The End of the F***ing World,1,3,1260,2022-03-05 09:36:08
watch,The End of the F***ing World,2,5,1260,2022-03-05 09:37:17
watch,The End of the F***ing World,1,4,1260,2022-03-05 09:36:08
watch,The End of the F***ing World,2,4,1260,2022-03-05 09:37:17
watch,The End of the F***ing World,1,1,1260,2022-03-05 09:36:08
watch,The End of the F***ing World,2,2,1260,2022-03-05 09:37:17
watch,The End of the F***ing World,1,5,1260,2022-03-05 09:36:08
watch,The End of the F***ing World,2,3,1260,2022-03-05 09:37:17
watch,The End of the F***ing World,2,8,1260,2022-03-05 09:37:17
watch,The End of the F***ing World,2,6,1260,2022-03-05 09:37:17
watch,The End of the F***ing World,2,1,1260,2022-03-05 09:37:17
watch,The End of the F***ing World,1,2,1260,2022-03-05 09:36:08
watch,The End of the F***ing World,1,7,1260,2022-03-05 09:36:08
watch,The End of the F***ing World,1,6,1260,2022-03-05 09:36:08
watch,The End of the F***ing World,1,8,1260,2022-03-05 09:36:08
watch,The End of the F***ing World,2,7,1260,2022-03-05 09:37:17
watch,Dragons,2,13,1500,2022-05-31 21:09:35
watch,Dragons,8,13,1500,2022-05-31 21:10:07
watch,Dragons,2,15,1500,2022-05-31 21:09:35
watch,Dragons,2,14,1500,2022-05-31 21:09:35
watch,Dragons,3,1,1500,2022-05-31 21:09:52
watch,Dragons,5,1,1500,2022-05-31 21:09:59
watch,Dragons,5,11,1500,2022-05-31 21:09:59
watch,Dragons,2,20,1500,2022-05-31 21:09:35
watch,Dragons,3,12,1500,2022-05-31 21:09:52
watch,Dragons,1,2,1500,2022-05-31 21:09:26
watch,Dragons,2,19,1500,2022-05-31 21:09:35
watch,Dragons,8,7,1500,2022-05-31 21:10:07
watch,Dragons,6,5,1500,2022-05-31 21:10:01
watch,Dragons,6,4,1500,2022-05-31 21:10:01
watch,Dragons,2,2,1500,2022-05-31 21:09:35
watch,Dragons,3,2,1500,2022-05-31 21:09:52
watch,Dragons,2,1,1500,2022-05-31 21:09:35
watch,Dragons,1,20,1500,2022-05-31 21:09:26
watch,Dragons,1,5,1500,2022-05-31 21:09:26
watch,Dragons,3,8,1500,2022-05-31 21:09:52
watch,Dragons,6,12,1500,2022-05-31 21:10:01
watch,Dragons,8,11,1500,2022-05-31 21:10:07
watch,Dragons,5,10,1500,2022-05-31 21:09:59
watch,Dragons,4,4,1500,2022-05-31 21:09:59
watch,Dragons,7,3,1500,2022-05-31 21:10:07
watch,Dragons,5,3,1500,2022-05-31 21:09:59
watch,Dragons,4,5,1500,2022-05-31 21:09:59
watch,Dragons,6,2,1500,2022-05-31 21:10:01
watch,Dragons,2,8,1500,2022-05-31 21:09:35
watch,Dragons,4,10,1500,2022-05-31 21:09:59
watch,Dragons,8,12,1500,2022-05-31 21:10:07
watch,Dragons,1,7,1500,2022-05-31 21:09:26
watch,Dragons,4,12,1500,2022-05-31 21:09:59
watch,Dragons,7,2,1500,2022-05-31 21:10:07
watch,Dragons,8,6,1500,2022-05-31 21:10:07
watch,Dragons,3,10,1500,2022-05-31 21:09:52
watch,Dragons,2,4,1500,2022-05-31 21:09:35
watch,Dragons,4,9,1500,2022-05-31 21:09:59
watch,Dragons,7,5,1500,2022-05-31 21:10:07
watch,Dragons,3,6,1500,2022-05-31 21:09:52
watch,Dragons,2,3,1500,2022-05-31 21:09:35
watch,Dragons,3,4,1500,2022-05-31 21:09:52
watch,Dragons,8,3,1500,2022-05-31 21:10:07
watch,Dragons,2,7,1500,2022-05-31 21:09:35
watch,Dragons,4,1,1500,2022-05-31 21:09:59
watch,Dragons,1,16,1500,2022-05-31 21:09:26
watch,Dragons,1,11,1500,2022-05-31 21:09:26
watch,Dragons,7,12,1500,2022-05-31 21:10:07
watch,Dragons,1,15,1500,2022-05-31 21:09:26
watch,Dragons,3,5,1500,2022-05-31 21:09:52
watch,Dragons,1,3,1500,2022-05-31 21:09:26
watch,Dragons,2,18,1500,2022-05-31 21:09:35
watch,Dragons,7,13,1500,2022-05-31 21:10:07
watch,Dragons,1,17,1500,2022-05-31 21:09:26
watch,Dragons,2,9,1500,2022-05-31 21:09:35
watch,Dragons,6,10,1500,2022-05-31 21:10:01
watch,Dragons,1,10,1500,2022-05-31 21:09:26
watch,Dragons,1,18,1500,2022-05-31 21:09:26
watch,Dragons,7,9,1500,2022-05-31 21:10:07
watch,Dragons,7,4,1500,2022-05-31 21:10:07
watch,Dragons,3,7,1500,2022-05-31 21:09:52
watch,Dragons,2,6,1500,2022-05-31 21:09:35
watch,Dragons,5,2,1500,2022-05-31 21:09:59
watch,Dragons,7,8,1500,2022-05-31 21:10:07
watch,Dragons,1,13,1500,2022-05-31 21:09:26
watch,Dragons,6,6,1500,2022-05-31 21:10:01
watch,Dragons,7,7,1500,2022-05-31 21:10:07
watch,Dragons,3,9,1500,2022-05-31 21:09:52
watch,Dragons,1,9,1500,2022-05-31 21:09:26
watch,Dragons,5,7,1500,2022-05-31 21:09:59
watch,Dragons,4,7,1500,2022-05-31 21:09:59
watch,Dragons,1,12,1500,2022-05-31 21:09:26
watch,Dragons,8,1,1500,2022-05-31 21:10:07
watch,Dragons,3,13,1500,2022-05-31 21:09:52
watch,Dragons,4,2,1500,2022-05-31 21:09:59
watch,Dragons,2,17,1500,2022-05-31 21:09:35
watch,Dragons,8,10,1500,2022-05-31 21:10:07
watch,Dragons,5,6,1500,2022-05-31 21:09:59
watch,Dragons,4,8,1500,2022-05-31 21:09:59
watch,Dragons,6,1,1500,2022-05-31 21:10:01
watch,Dragons,5,9,1500,2022-05-31 21:09:59
watch,Dragons,1,6,1500,2022-05-31 21:09:26
watch,Dragons,5,13,1500,2022-05-31 21:09:59
watch,Dragons,3,11,1500,2022-05-31 21:09:52
watch,Dragons,1,4,1500,2022-05-31 21:09:26
watch,Dragons,6,3,1500,2022-05-31 21:10:01
watch,Dragons,6,8,1500,2022-05-31 21:10:01
watch,Dragons,1,14,1500,2022-05-31 21:09:26
watch,Dragons,8,9,1500,2022-05-31 21:10:07
watch,Dragons,6,9,1500,2022-05-31 21:10:01
watch,Dragons,1,1,1500,2022-05-31 21:09:03
watch,Dragons,3,3,1500,2022-05-31 21:09:52
watch,Dragons,2,12,1500,2022-05-31 21:09:35
watch,Dragons,5,4,1500,2022-05-31 21:09:59
watch,Dragons,5,5,1500,2022-05-31 21:09:59
watch,Dragons,7,10,1500,2022-05-31 21:10:07
watch,Dragons,7,1,1500,2022-05-31 21:10:07
watch,Dragons,4,11,1500,2022-05-31 21:09:59
watch,Dragons,4,13,1500,2022-05-31 21:09:59
watch,Dragons,5,8,1500,2022-05-31 21:09:59
watch,Dragons,6,11,1500,2022-05-31 21:10:01
watch,Dragons,1,19,1500,2022-05-31 21:09:26
watch,Dragons,8,4,1500,2022-05-31 21:10:07
watch,Dragons,7,6,1500,2022-05-31 21:10:07
watch,Dragons,0,19,1500,2022-05-31 21:10:07
watch,Dragons,2,16,1500,2022-05-31 21:09:35
watch,Dragons,4,6,1500,2022-05-31 21:09:59
watch,Dragons,5,12,1500,2022-05-31 21:09:59
watch,Dragons,2,5,1500,2022-05-31 21:09:35
watch,Dragons,6,7,1500,2022-05-31 21:10:01
watch,Dragons,7,11,1500,2022-05-31 21:10:07
watch,Dragons,2,10,1500,2022-05-31 21:09:35
watch,Dragons,8,8,1500,2022-05-31 21:10:07
watch,Dragons,2,11,1500,2022-05-31 21:09:35
watch,Dragons,6,13,1500,2022-05-31 21:10:01
watch,Dragons,8,5,1500,2022-05-31 21:10:07
watch,Dragons,1,8,1500,2022-05-31 21:09:26
watch,Dragons,8,2,1500,2022-05-31 21:10:07
watch,Dragons,4,3,1500,2022-05-31 21:09:59
watch,The Continental (2023),1,2,5280,2026-01-08 11:03:46
watch,The Continental (2023),1,3,5280,2026-01-08 11:03:46
watch,The Continental (2023),1,1,5280,2026-01-08 11:03:46
watch,Loki,1,6,2940,2025-02-27 13:33:53
watch,Loki,2,1,2940,2025-03-03 11:41:43
watch,Loki,2,4,2940,2025-03-03 11:41:52
watch,Loki,1,2,2940,2025-02-27 13:33:53
watch,Loki,2,3,2940,2025-03-03 11:41:52
watch,Loki,1,3,2940,2025-02-27 13:33:53
watch,Loki,2,6,2940,2025-03-03 11:41:58
watch,Loki,2,2,2940,2025-03-03 11:41:48
watch,Loki,1,4,2940,2025-02-27 13:33:53
watch,Loki,1,5,2940,2025-02-27 13:33:53
watch,Loki,2,5,2940,2025-03-03 11:41:56
watch,Loki,1,1,2940,2025-02-27 13:33:53
watch,Supernatural,1,8,2520,2026-06-30 16:24:35
watch,Supernatural,1,11,2520,2026-06-30 23:25:58
watch,Supernatural,1,12,2520,2026-06-30 23:26:00
watch,Supernatural,1,9,2520,2026-06-30 23:25:50
watch,Supernatural,1,10,2520,2026-06-30 23:25:53
watch,Supernatural,1,3,2520,2026-06-30 16:24:36
watch,Supernatural,1,1,2520,2026-06-30 16:24:36
watch,Supernatural,1,2,2520,2026-06-30 16:24:36
watch,Supernatural,1,5,2520,2026-06-30 16:24:36
watch,Supernatural,1,6,2520,2026-06-30 16:24:36
watch,Supernatural,1,7,2520,2026-06-30 16:24:36
watch,Supernatural,1,4,2520,2026-06-30 16:24:36
watch,Jackie Chan Adventures,1,3,1500,2023-06-06 15:49:21
watch,Jackie Chan Adventures,3,17,1500,2023-06-06 15:49:21
watch,Jackie Chan Adventures,5,4,1500,2023-06-06 15:49:21
watch,Jackie Chan Adventures,2,25,1500,2023-06-06 15:49:21
watch,Jackie Chan Adventures,4,4,1500,2023-06-06 15:49:21
watch,Jackie Chan Adventures,1,1,1500,2023-06-06 15:49:21
watch,Jackie Chan Adventures,1,4,1500,2023-06-06 15:49:21
watch,Jackie Chan Adventures,2,29,1500,2023-06-06 15:49:21
watch,Jackie Chan Adventures,2,19,1500,2023-06-06 15:49:21
watch,Jackie Chan Adventures,2,28,1500,2023-06-06 15:49:21
watch,Jackie Chan Adventures,2,1,1500,2023-06-06 15:49:21
watch,Jackie Chan Adventures,2,12,1500,2023-06-06 15:49:21
watch,Jackie Chan Adventures,3,3,1500,2023-06-06 15:49:21
watch,Jackie Chan Adventures,4,1,1500,2023-06-06 15:49:21
watch,Jackie Chan Adventures,2,38,1500,2023-06-06 15:49:21
watch,Jackie Chan Adventures,4,12,1500,2023-06-06 15:49:21
watch,Jackie Chan Adventures,2,6,1500,2023-06-06 15:49:21
watch,Jackie Chan Adventures,2,18,1500,2023-06-06 15:49:21
watch,Jackie Chan Adventures,2,3,1500,2023-06-06 15:49:21
watch,Jackie Chan Adventures,2,36,1500,2023-06-06 15:49:21
watch,Jackie Chan Adventures,2,7,1500,2023-06-06 15:49:21
watch,Jackie Chan Adventures,2,37,1500,2023-06-06 15:49:21
watch,Jackie Chan Adventures,2,10,1500,2023-06-06 15:49:21
watch,Jackie Chan Adventures,3,5,1500,2023-06-06 15:49:21
watch,Jackie Chan Adventures,3,16,1500,2023-06-06 15:49:21
watch,Jackie Chan Adventures,5,7,1500,2023-06-06 15:49:21
watch,Jackie Chan Adventures,2,9,1500,2023-06-06 15:49:21
watch,Jackie Chan Adventures,3,15,1500,2023-06-06 15:49:21
watch,Jackie Chan Adventures,5,13,1500,2023-06-06 15:49:21
watch,Jackie Chan Adventures,4,10,1500,2023-06-06 15:49:21
watch,Jackie Chan Adventures,2,26,1500,2023-06-06 15:49:21
watch,Jackie Chan Adventures,3,7,1500,2023-06-06 15:49:21
watch,Jackie Chan Adventures,5,10,1500,2023-06-06 15:49:21
watch,Jackie Chan Adventures,5,11,1500,2023-06-06 15:49:21
watch,Jackie Chan Adventures,1,2,1500,2023-06-06 15:49:21
watch,Jackie Chan Adventures,2,22,1500,2023-06-06 15:49:21
watch,Jackie Chan Adventures,4,13,1500,2023-06-06 15:49:21
watch,Jackie Chan Adventures,2,11,1500,2023-06-06 15:49:21
watch,Jackie Chan Adventures,1,9,1500,2023-06-06 15:49:21
watch,Jackie Chan Adventures,3,11,1500,2023-06-06 15:49:21
watch,Jackie Chan Adventures,3,8,1500,2023-06-06 15:49:21
watch,Jackie Chan Adventures,2,2,1500,2023-06-06 15:49:21
watch,Jackie Chan Adventures,3,14,1500,2023-06-06 15:49:21
watch,Jackie Chan Adventures,2,33,1500,2023-06-06 15:49:21
watch,Jackie Chan Adventures,3,9,1500,2023-06-06 15:49:21
watch,Jackie Chan Adventures,5,5,1500,2023-06-06 15:49:21
watch,Jackie Chan Adventures,3,12,1500,2023-06-06 15:49:21
watch,Jackie Chan Adventures,2,35,1500,2023-06-06 15:49:21
watch,Jackie Chan Adventures,1,13,1500,2023-06-06 15:49:21
watch,Jackie Chan Adventures,2,21,1500,2023-06-06 15:49:21
watch,Jackie Chan Adventures,5,12,1500,2023-06-06 15:49:21
watch,Jackie Chan Adventures,2,14,1500,2023-06-06 15:49:21
watch,Jackie Chan Adventures,2,27,1500,2023-06-06 15:49:21
watch,Jackie Chan Adventures,2,24,1500,2023-06-06 15:49:21
watch,Jackie Chan Adventures,3,13,1500,2023-06-06 15:49:21
watch,Jackie Chan Adventures,4,5,1500,2023-06-06 15:49:21
watch,Jackie Chan Adventures,2,31,1500,2023-06-06 15:49:21
watch,Jackie Chan Adventures,3,2,1500,2023-06-06 15:49:21
watch,Jackie Chan Adventures,1,5,1500,2023-06-06 15:49:21
watch,Jackie Chan Adventures,2,30,1500,2023-06-06 15:49:21
watch,Jackie Chan Adventures,4,8,1500,2023-06-06 15:49:21
watch,Jackie Chan Adventures,3,10,1500,2023-06-06 15:49:21
watch,Jackie Chan Adventures,2,5,1500,2023-06-06 15:49:21
watch,Jackie Chan Adventures,2,39,1500,2023-06-06 15:49:21
watch,Jackie Chan Adventures,2,20,1500,2023-06-06 15:49:21
watch,Jackie Chan Adventures,5,8,1500,2023-06-06 15:49:21
watch,Jackie Chan Adventures,2,16,1500,2023-06-06 15:49:21
watch,Jackie Chan Adventures,1,8,1500,2023-06-06 15:49:21
watch,Jackie Chan Adventures,2,17,1500,2023-06-06 15:49:21
watch,Jackie Chan Adventures,2,13,1500,2023-06-06 15:49:21
watch,Jackie Chan Adventures,4,9,1500,2023-06-06 15:49:21
watch,Jackie Chan Adventures,1,10,1500,2023-06-06 15:49:21
watch,Jackie Chan Adventures,3,1,1500,2023-06-06 15:49:21
watch,Jackie Chan Adventures,5,3,1500,2023-06-06 15:49:21
watch,Jackie Chan Adventures,4,7,1500,2023-06-06 15:49:21
watch,Jackie Chan Adventures,4,6,1500,2023-06-06 15:49:21
watch,Jackie Chan Adventures,2,23,1500,2023-06-06 15:49:21
watch,Jackie Chan Adventures,3,6,1500,2023-06-06 15:49:21
watch,Jackie Chan Adventures,1,12,1500,2023-06-06 15:49:21
watch,Jackie Chan Adventures,4,3,1500,2023-06-06 15:49:21
watch,Jackie Chan Adventures,5,6,1500,2023-06-06 15:49:21
watch,Jackie Chan Adventures,1,7,1500,2023-06-06 15:49:21
watch,Jackie Chan Adventures,5,2,1500,2023-06-06 15:49:21
watch,Jackie Chan Adventures,5,9,1500,2023-06-06 15:49:21
watch,Jackie Chan Adventures,4,2,1500,2023-06-06 15:49:21
watch,Jackie Chan Adventures,2,8,1500,2023-06-06 15:49:21
watch,Jackie Chan Adventures,3,4,1500,2023-06-06 15:49:21
watch,Jackie Chan Adventures,1,6,1500,2023-06-06 15:49:21
watch,Jackie Chan Adventures,2,4,1500,2023-06-06 15:49:21
watch,Jackie Chan Adventures,4,11,1500,2023-06-06 15:49:21
watch,Jackie Chan Adventures,2,32,1500,2023-06-06 15:49:21
watch,Jackie Chan Adventures,5,1,1500,2023-06-06 15:49:21
watch,Jackie Chan Adventures,2,15,1500,2023-06-06 15:49:21
watch,Jackie Chan Adventures,2,34,1500,2023-06-06 15:49:21
watch,Erased,1,5,1380,2023-06-04 12:21:57
watch,Erased,1,1,1380,2023-06-04 12:21:57
watch,Erased,1,11,1380,2023-06-04 12:21:57
watch,Erased,1,10,1380,2023-06-04 12:21:57
watch,Erased,1,2,1380,2023-06-04 12:21:57
watch,Erased,1,9,1380,2023-06-04 12:21:57
watch,Erased,1,7,1380,2023-06-04 12:21:57
watch,Erased,1,3,1380,2023-06-04 12:21:57
watch,Erased,1,4,1380,2023-06-04 12:21:57
watch,Erased,1,8,1380,2023-06-04 12:21:57
watch,Erased,1,6,1380,2023-06-04 12:21:57
watch,Erased,1,12,1380,2023-06-04 12:21:57
watch,My Hero Academia,5,15,1380,2022-07-25 07:59:28
watch,My Hero Academia,0,16,1380,2025-04-10 11:24:39
watch,My Hero Academia,6,20,1380,2025-04-10 11:24:06
watch,My Hero Academia,8,11,1380,2025-12-17 02:32:57
watch,My Hero Academia,2,1,1380,2022-03-05 09:59:25
watch,My Hero Academia,7,18,1380,2025-04-15 10:40:47
watch,My Hero Academia,2,10,1380,2022-03-05 09:59:25
watch,My Hero Academia,6,13,1380,2025-04-04 00:18:22
watch,My Hero Academia,7,12,1380,2025-04-14 09:10:52
watch,My Hero Academia,6,9,1380,2025-04-04 00:18:22
watch,My Hero Academia,1,10,1380,2022-03-05 09:59:21
watch,My Hero Academia,4,25,0,2022-05-27 07:23:38
watch,My Hero Academia,2,22,1380,2022-03-05 09:59:25
watch,My Hero Academia,2,7,1380,2022-03-05 09:59:25
watch,My Hero Academia,4,11,0,2022-05-27 07:23:38
watch,My Hero Academia,6,11,1380,2025-04-04 00:18:22
watch,My Hero Academia,3,14,1380,2022-03-05 09:59:28
watch,My Hero Academia,3,4,1380,2022-03-05 09:59:28
watch,My Hero Academia,8,1,1380,2025-10-07 23:30:59
watch,My Hero Academia,2,16,1380,2022-03-05 09:59:25
watch,My Hero Academia,4,7,1380,2022-05-27 07:23:42
watch,My Hero Academia,4,2,1380,2022-05-27 07:23:35
watch,My Hero Academia,4,19,0,2022-05-27 07:23:38
watch,My Hero Academia,4,14,0,2022-05-27 07:23:38
watch,My Hero Academia,6,24,1380,2025-04-10 11:24:06
watch,My Hero Academia,7,4,1380,2025-04-14 09:10:52
watch,My Hero Academia,2,25,1380,2022-03-05 09:59:25
watch,My Hero Academia,3,19,1380,2022-03-05 09:59:28
watch,My Hero Academia,3,23,1380,2022-03-05 09:59:28
watch,My Hero Academia,4,17,0,2022-05-27 07:23:38
watch,My Hero Academia,5,12,1380,2022-07-21 19:20:27
watch,My Hero Academia,1,11,1380,2022-03-05 09:59:21
watch,My Hero Academia,1,7,1380,2022-03-05 09:59:21
watch,My Hero Academia,4,24,0,2022-05-27 07:23:38
watch,My Hero Academia,7,2,1380,2025-04-14 09:10:52
watch,My Hero Academia,6,6,1380,2025-04-04 00:18:22
watch,My Hero Academia,4,4,1380,2022-05-27 07:23:37
watch,My Hero Academia,3,25,1380,2022-03-05 09:59:28
watch,My Hero Academia,2,6,1380,2022-03-05 09:59:25
watch,My Hero Academia,6,18,1380,2025-04-10 11:24:06
watch,My Hero Academia,5,3,1380,2022-07-19 18:38:47
watch,My Hero Academia,4,15,0,2022-05-27 07:23:38
watch,My Hero Academia,4,3,1380,2022-05-27 07:23:36
watch,My Hero Academia,8,3,1380,2025-10-19 21:38:48
watch,My Hero Academia,6,16,1380,2025-04-10 11:24:06
watch,My Hero Academia,2,14,1380,2022-03-05 09:59:25
watch,My Hero Academia,5,13,1380,2022-07-21 19:20:27
watch,My Hero Academia,2,20,1380,2022-03-05 09:59:25
watch,My Hero Academia,3,2,1380,2022-03-05 09:59:28
watch,My Hero Academia,8,6,1380,2025-11-13 20:44:37
watch,My Hero Academia,4,16,0,2022-05-27 07:23:38
watch,My Hero Academia,5,16,1380,2022-07-25 07:59:28
watch,My Hero Academia,1,4,1380,2022-03-05 09:59:21
watch,My Hero Academia,6,21,1380,2025-04-10 11:24:06
watch,My Hero Academia,2,9,1380,2022-03-05 09:59:25
watch,My Hero Academia,7,14,1380,2025-04-14 09:10:52
watch,My Hero Academia,1,5,1380,2022-03-05 09:59:21
watch,My Hero Academia,3,8,1380,2022-03-05 09:59:28
watch,My Hero Academia,6,17,1380,2025-04-10 11:24:06
watch,My Hero Academia,6,25,1380,2025-04-10 11:24:06
watch,My Hero Academia,4,9,0,2022-05-27 07:23:38
watch,My Hero Academia,7,13,1380,2025-04-14 09:10:52
watch,My Hero Academia,3,10,1380,2022-03-05 09:59:28
watch,My Hero Academia,3,3,1380,2022-03-05 09:59:28
watch,My Hero Academia,4,10,0,2022-05-27 07:23:38
watch,My Hero Academia,6,22,1380,2025-04-10 11:24:06
watch,My Hero Academia,4,23,0,2022-05-27 07:23:38
watch,My Hero Academia,2,5,1380,2022-03-05 09:59:25
watch,My Hero Academia,7,7,1380,2025-04-14 09:10:52
watch,My Hero Academia,7,17,1380,2025-04-15 10:40:47
watch,My Hero Academia,5,7,1380,2022-07-19 18:38:27
watch,My Hero Academia,5,19,1380,2022-07-25 07:59:28
watch,My Hero Academia,6,12,1380,2025-04-04 00:18:22
watch,My Hero Academia,5,20,1380,2022-07-25 07:59:28
watch,My Hero Academia,4,22,0,2022-05-27 07:23:38
watch,My Hero Academia,8,7,1380,2025-11-16 11:49:19
watch,My Hero Academia,3,11,1380,2022-03-05 09:59:28
watch,My Hero Academia,3,24,1380,2022-03-05 09:59:28
watch,My Hero Academia,2,8,1380,2022-03-05 09:59:25
watch,My Hero Academia,7,16,1380,2025-04-14 09:10:52
watch,My Hero Academia,2,15,1380,2022-03-05 09:59:25
watch,My Hero Academia,1,6,1380,2022-03-05 09:59:21
watch,My Hero Academia,7,11,1380,2025-04-14 09:10:52
watch,My Hero Academia,3,15,1380,2022-03-05 09:59:28
watch,My Hero Academia,4,18,0,2022-05-27 07:23:38
watch,My Hero Academia,3,16,1380,2022-03-05 09:59:28
watch,My Hero Academia,6,8,1380,2025-04-04 00:18:22
watch,My Hero Academia,1,1,1380,2022-03-05 09:59:21
watch,My Hero Academia,6,5,1380,2025-04-04 00:18:22
watch,My Hero Academia,7,20,1380,2025-04-15 10:40:47
watch,My Hero Academia,6,4,1380,2025-04-04 00:18:22
watch,My Hero Academia,5,18,1380,2022-07-25 07:59:28
watch,My Hero Academia,6,23,1380,2025-04-10 11:24:06
watch,My Hero Academia,6,14,1380,2025-04-10 11:24:06
watch,My Hero Academia,7,6,1380,2025-04-14 09:10:52
watch,My Hero Academia,2,18,1380,2022-03-05 09:59:25
watch,My Hero Academia,3,13,1380,2022-03-05 09:59:28
watch,My Hero Academia,4,8,0,2022-05-27 07:23:38
watch,My Hero Academia,5,14,1380,2022-07-21 19:20:27
watch,My Hero Academia,7,3,1380,2025-04-14 09:10:52
watch,My Hero Academia,1,2,1380,2022-03-05 09:59:21
watch,My Hero Academia,1,12,1380,2022-03-05 09:59:21
watch,My Hero Academia,5,23,1380,2022-07-25 07:59:28
watch,My Hero Academia,8,4,1380,2025-10-27 01:43:51
watch,My Hero Academia,3,7,1380,2022-03-05 09:59:28
watch,My Hero Academia,4,6,1380,2022-05-27 07:23:42
watch,My Hero Academia,3,18,1380,2022-03-05 09:59:28
watch,My Hero Academia,3,21,1380,2022-03-05 09:59:28
watch,My Hero Academia,3,6,1380,2022-03-05 09:59:28
watch,My Hero Academia,5,5,1380,2022-07-19 18:38:32
watch,My Hero Academia,2,3,1380,2022-03-05 09:59:25
watch,My Hero Academia,7,15,1380,2025-04-14 09:10:52
watch,My Hero Academia,7,5,1380,2025-04-14 09:10:52
watch,My Hero Academia,8,8,1380,2025-11-23 01:50:35
watch,My Hero Academia,2,17,1380,2022-03-05 09:59:25
watch,My Hero Academia,5,8,1380,2022-07-19 18:38:23
watch,My Hero Academia,7,21,1380,2025-04-15 10:40:47
watch,My Hero Academia,2,13,1380,2022-03-05 09:59:25
watch,My Hero Academia,7,9,1380,2025-04-14 09:10:52
watch,My Hero Academia,8,10,1380,2025-12-09 02:24:11
watch,My Hero Academia,5,2,1380,2022-07-19 18:37:30
watch,My Hero Academia,3,5,1380,2022-03-05 09:59:28
watch,My Hero Academia,4,21,0,2022-05-27 07:23:38
watch,My Hero Academia,7,1,1380,2025-04-14 09:10:52
watch,My Hero Academia,6,2,1380,2025-04-04 00:18:22
watch,My Hero Academia,2,21,1380,2022-03-05 09:59:25
watch,My Hero Academia,3,12,1380,2022-03-05 09:59:28
watch,My Hero Academia,1,8,1380,2022-03-05 09:59:21
watch,My Hero Academia,1,13,1380,2022-03-05 09:59:21
watch,My Hero Academia,3,1,1380,2022-03-05 09:59:28
watch,My Hero Academia,6,1,1380,2025-04-04 00:18:22
watch,My Hero Academia,7,8,1380,2025-04-14 09:10:52
watch,My Hero Academia,5,10,1380,2022-07-21 19:20:27
watch,My Hero Academia,6,10,1380,2025-04-04 00:18:22
watch,My Hero Academia,4,5,0,2022-05-27 07:23:38
watch,My Hero Academia,7,10,1380,2025-04-14 09:10:52
watch,My Hero Academia,2,23,1380,2022-03-05 09:59:25
watch,My Hero Academia,0,17,1380,2025-04-10 11:24:40
watch,My Hero Academia,2,19,1380,2022-03-05 09:59:25
watch,My Hero Academia,6,19,1380,2025-04-10 11:24:06
watch,My Hero Academia,2,12,1380,2022-03-05 09:59:25
watch,My Hero Academia,5,11,1380,2022-07-21 19:20:27
watch,My Hero Academia,5,4,1380,2022-07-19 18:38:42
watch,My Hero Academia,2,11,1380,2022-03-05 09:59:25
watch,My Hero Academia,5,9,1380,2022-07-21 19:20:16
watch,My Hero Academia,5,25,1380,2022-07-25 07:59:28
watch,My Hero Academia,4,12,0,2022-05-27 07:23:38
watch,My Hero Academia,3,9,1380,2022-03-05 09:59:28
watch,My Hero Academia,3,17,1380,2022-03-05 09:59:28
watch,My Hero Academia,5,17,1380,2022-07-25 07:59:28
watch,My Hero Academia,4,13,0,2022-05-27 07:23:38
watch,My Hero Academia,5,24,1380,2022-07-25 07:59:28
watch,My Hero Academia,6,7,1380,2025-04-04 00:18:22
watch,My Hero Academia,8,5,1380,2025-11-04 12:53:02
watch,My Hero Academia,4,1,1380,2022-05-27 07:23:38
watch,My Hero Academia,2,4,1380,2022-03-05 09:59:25
watch,My Hero Academia,5,21,1380,2022-07-25 07:59:28
watch,My Hero Academia,7,19,1380,2025-04-15 10:40:47
watch,My Hero Academia,1,3,1380,2022-03-05 09:59:21
watch,My Hero Academia,2,2,1380,2022-03-05 09:59:25
watch,My Hero Academia,5,22,1380,2022-07-25 07:59:28
watch,My Hero Academia,5,6,1380,2022-07-19 18:38:29
watch,My Hero Academia,0,18,1380,2025-04-10 11:28:11
watch,My Hero Academia,8,9,1380,2025-12-01 17:58:04
watch,My Hero Academia,4,20,0,2022-05-27 07:23:38
watch,My Hero Academia,5,1,1380,2022-07-19 18:37:12
watch,My Hero Academia,8,2,1380,2025-10-12 18:22:49
watch,My Hero Academia,1,9,1380,2022-03-05 09:59:21
watch,My Hero Academia,3,22,1380,2022-03-05 09:59:28
watch,My Hero Academia,6,3,1380,2025-04-04 00:18:22
watch,My Hero Academia,2,24,1380,2022-03-05 09:59:25
watch,My Hero Academia,3,20,1380,2022-03-05 09:59:28
watch,My Hero Academia,6,15,1380,2025-04-10 11:24:06
watch,Family Matter,2,5,2760,2025-02-18 00:11:29
watch,Family Matter,1,4,2760,2025-02-14 01:28:28
watch,Family Matter,2,4,2760,2025-02-18 00:11:29
watch,Family Matter,1,5,2760,2025-02-14 01:29:06
watch,Family Matter,3,4,2760,2025-02-18 00:13:21
watch,Family Matter,3,5,2760,2025-02-18 15:25:56
watch,Family Matter,3,3,2760,2025-02-18 00:13:09
watch,Family Matter,3,7,2760,2025-02-18 15:26:11
watch,Family Matter,3,6,2760,2025-02-18 15:26:02
watch,Family Matter,3,9,2760,2025-02-18 15:26:29
watch,Family Matter,2,1,2760,2025-02-15 15:43:29
watch,Family Matter,2,12,2760,2025-02-18 00:11:29
watch,Family Matter,1,6,2760,2025-02-14 01:29:30
watch,Family Matter,3,1,2760,2025-02-18 00:11:31
watch,Family Matter,2,11,2760,2025-02-18 00:11:29
watch,Family Matter,1,10,2760,2025-02-15 15:42:03
watch,Family Matter,1,3,2760,2025-02-14 01:27:59
watch,Family Matter,1,1,2760,2025-02-14 01:27:18
watch,Family Matter,2,3,2760,2025-02-15 15:45:09
watch,Family Matter,1,8,2760,2025-02-14 01:37:12
watch,Family Matter,2,8,2760,2025-02-18 00:11:29
watch,Family Matter,2,2,2760,2025-02-15 15:44:19
watch,Family Matter,1,7,2760,2025-02-14 01:29:52
watch,Family Matter,2,10,2760,2025-02-18 00:11:29
watch,Family Matter,1,2,2760,2025-02-14 01:27:44
watch,Family Matter,3,8,2760,2025-02-18 15:26:22
watch,Family Matter,2,9,2760,2025-02-18 00:11:29
watch,Family Matter,2,7,2760,2025-02-18 00:11:29
watch,Family Matter,1,9,2760,2025-02-15 15:41:36
watch,Family Matter,3,10,2760,2025-02-18 15:26:36
watch,Family Matter,2,6,2760,2025-02-18 00:11:29
watch,Family Matter,3,2,2760,2025-02-18 00:13:05
watch,Gen V,2,1,2880,2025-09-22 12:15:05
watch,Gen V,2,2,2880,2025-09-23 09:48:17
watch,Gen V,1,7,2880,2025-06-03 12:26:40
watch,Gen V,1,5,2880,2025-06-03 12:25:53
watch,Gen V,2,8,2820,2025-10-22 19:28:29
watch,Gen V,2,7,2820,2025-10-15 09:45:25
watch,Gen V,2,5,2880,2025-10-02 08:14:41
watch,Gen V,1,4,2880,2025-06-03 00:25:13
watch,Gen V,2,3,2880,2025-09-23 09:49:29
watch,Gen V,1,6,2880,2025-06-03 12:26:11
watch,Gen V,2,4,2880,2025-09-25 13:00:06
watch,Gen V,1,8,2880,2025-06-03 12:26:42
watch,Gen V,1,3,2880,2025-06-03 00:24:52
watch,Gen V,1,1,2880,2025-06-03 00:20:12
watch,Gen V,1,2,2880,2025-06-03 00:22:36
watch,Gen V,2,6,2880,2025-10-09 15:39:31
watch,I Won't Live in My Father's Robes,1,34,2400,2022-03-13 08:01:25
watch,I Won't Live in My Father's Robes,1,26,2400,2022-03-13 08:01:25
watch,I Won't Live in My Father's Robes,1,9,2400,2022-03-13 08:01:25
watch,I Won't Live in My Father's Robes,1,17,2400,2022-03-13 08:01:25
watch,I Won't Live in My Father's Robes,1,29,2400,2022-03-13 08:01:25
watch,I Won't Live in My Father's Robes,1,27,2400,2022-03-13 08:01:25
watch,I Won't Live in My Father's Robes,1,24,2400,2022-03-13 08:01:25
watch,I Won't Live in My Father's Robes,1,13,2400,2022-03-13 08:01:25
watch,I Won't Live in My Father's Robes,1,23,2400,2022-03-13 08:01:25
watch,I Won't Live in My Father's Robes,1,25,2400,2022-03-13 08:01:25
watch,I Won't Live in My Father's Robes,1,8,2400,2022-03-13 08:01:25
watch,I Won't Live in My Father's Robes,1,35,2400,2022-03-13 08:01:25
watch,I Won't Live in My Father's Robes,1,2,2400,2022-03-13 08:01:25
watch,I Won't Live in My Father's Robes,1,19,2400,2022-03-13 08:01:25
watch,I Won't Live in My Father's Robes,1,31,2400,2022-03-13 08:01:25
watch,I Won't Live in My Father's Robes,1,14,2400,2022-03-13 08:01:25
watch,I Won't Live in My Father's Robes,1,4,2400,2022-03-13 08:01:25
watch,I Won't Live in My Father's Robes,1,12,2400,2022-03-13 08:01:25
watch,I Won't Live in My Father's Robes,1,5,2400,2022-03-13 08:01:25
watch,I Won't Live in My Father's Robes,1,3,2400,2022-03-13 08:01:25
watch,I Won't Live in My Father's Robes,1,6,2400,2022-03-13 08:01:25
watch,I Won't Live in My Father's Robes,1,1,2400,2022-03-13 08:01:25
watch,I Won't Live in My Father's Robes,1,16,2400,2022-03-13 08:01:25
watch,I Won't Live in My Father's Robes,1,32,2400,2022-03-13 08:01:25
watch,I Won't Live in My Father's Robes,1,33,2400,2022-03-13 08:01:25
watch,I Won't Live in My Father's Robes,1,10,2400,2022-03-13 08:01:25
watch,I Won't Live in My Father's Robes,1,11,2400,2022-03-13 08:01:25
watch,I Won't Live in My Father's Robes,1,20,2400,2022-03-13 08:01:25
watch,I Won't Live in My Father's Robes,1,22,2400,2022-03-13 08:01:25
watch,I Won't Live in My Father's Robes,1,28,2400,2022-03-13 08:01:25
watch,I Won't Live in My Father's Robes,1,30,2400,2022-03-13 08:01:25
watch,I Won't Live in My Father's Robes,1,15,2400,2022-03-13 08:01:25
watch,I Won't Live in My Father's Robes,1,36,2400,2022-03-13 08:01:25
watch,I Won't Live in My Father's Robes,1,18,2400,2022-03-13 08:01:25
watch,I Won't Live in My Father's Robes,1,7,2400,2022-03-13 08:01:25
watch,I Won't Live in My Father's Robes,1,21,2400,2022-03-13 08:01:25
watch,And Then There Were None,1,2,3360,2026-03-25 04:36:29
watch,And Then There Were None,1,1,3360,2026-03-25 04:36:29
watch,And Then There Were None,1,3,3360,2026-03-25 04:36:29
watch,Marvel's The Punisher,2,7,3120,2026-02-26 11:29:12
watch,Marvel's The Punisher,2,12,3120,2026-02-26 11:29:12
watch,Marvel's The Punisher,2,6,3120,2026-02-26 11:29:12
watch,Marvel's The Punisher,2,13,3120,2026-02-26 11:29:12
watch,Marvel's The Punisher,1,7,3120,2026-02-15 13:47:52
watch,Marvel's The Punisher,2,9,3120,2026-02-26 11:29:12
watch,Marvel's The Punisher,1,1,3120,2026-02-14 15:02:10
watch,Marvel's The Punisher,1,9,3120,2026-02-15 13:47:59
watch,Marvel's The Punisher,2,8,3120,2026-02-26 11:29:12
watch,Marvel's The Punisher,1,12,3120,2026-02-15 13:48:09
watch,Marvel's The Punisher,1,11,3120,2026-02-15 13:48:04
watch,Marvel's The Punisher,1,10,3120,2026-02-15 13:48:02
watch,Marvel's The Punisher,2,4,3120,2026-02-21 11:03:45
watch,Marvel's The Punisher,2,5,3120,2026-02-26 11:29:12
watch,Marvel's The Punisher,1,2,3120,2026-02-14 15:02:10
watch,Marvel's The Punisher,1,4,3120,2026-02-14 15:02:10
watch,Marvel's The Punisher,2,1,3120,2026-02-20 19:37:40
watch,Marvel's The Punisher,2,2,3120,2026-02-20 19:37:44
watch,Marvel's The Punisher,1,8,3120,2026-02-15 13:47:56
watch,Marvel's The Punisher,1,6,3120,2026-02-14 15:02:10
watch,Marvel's The Punisher,1,3,3120,2026-02-14 15:02:10
watch,Marvel's The Punisher,2,11,3120,2026-02-26 11:29:12
watch,Marvel's The Punisher,1,13,3120,2026-02-16 02:32:16
watch,Marvel's The Punisher,2,3,3120,2026-02-20 19:37:46
watch,Marvel's The Punisher,2,10,3120,2026-02-26 11:29:12
watch,Marvel's The Punisher,1,5,3120,2026-02-14 15:02:10
watch,Black Mirror,3,4,3480,2022-08-28 10:20:51
watch,Black Mirror,4,3,3480,2023-06-04 12:09:26
watch,Black Mirror,3,3,3480,2022-08-28 09:15:03
watch,Black Mirror,2,1,3480,2022-08-28 07:04:55
watch,Black Mirror,1,2,3480,2022-08-25 09:05:15
watch,Black Mirror,6,5,3540,2026-03-29 16:29:52
watch,Black Mirror,4,2,3480,2022-09-18 07:53:50
watch,Black Mirror,1,3,3480,2022-05-30 23:11:21
watch,Black Mirror,5,2,3540,2026-03-25 16:20:42
watch,Black Mirror,7,1,3540,2026-03-30 02:23:29
watch,Black Mirror,7,4,3540,2026-04-05 09:36:10
watch,Black Mirror,6,2,3540,2026-03-27 04:46:53
watch,Black Mirror,6,4,3540,2026-03-28 02:12:01
watch,Black Mirror,6,3,3540,2026-03-27 15:49:51
watch,Black Mirror,4,4,3480,2023-06-04 12:11:42
watch,Black Mirror,2,3,3480,2022-08-27 20:44:48
watch,Black Mirror,0,1,3540,2026-03-28 01:31:24
watch,Black Mirror,2,2,3480,2022-09-18 07:53:50
watch,Black Mirror,1,1,3480,2022-08-24 09:33:10
watch,Black Mirror,5,1,3540,2026-03-25 05:33:44
watch,Black Mirror,3,6,3480,2022-08-31 08:54:38
watch,Black Mirror,7,3,3540,2026-04-05 02:13:53
watch,Black Mirror,6,1,3540,2026-03-27 04:46:41
watch,Black Mirror,4,6,3540,2026-03-25 04:34:02
watch,Black Mirror,7,5,3540,2026-04-05 10:24:05
watch,Black Mirror,4,1,3480,2022-08-31 10:10:58
watch,Black Mirror,4,5,3540,2026-03-25 04:33:46
watch,Black Mirror,3,2,3480,2022-08-28 09:14:35
watch,Black Mirror,3,5,3480,2022-08-29 08:35:52
watch,Black Mirror,7,2,3540,2026-03-30 16:25:12
watch,Black Mirror,7,6,3540,2026-04-06 12:35:05
watch,Black Mirror,5,3,3540,2026-03-25 20:35:50
watch,Black Mirror,3,1,3480,2022-08-28 07:03:01
watch,Breaking Bad,5,1,2820,2022-03-05 09:10:29
watch,Breaking Bad,1,7,2820,2022-03-05 09:09:51
watch,Breaking Bad,1,4,2820,2022-03-05 09:09:49
watch,Breaking Bad,2,5,2820,2022-03-05 09:09:55
watch,Breaking Bad,3,4,0,2022-03-05 09:10:09
watch,Breaking Bad,4,2,2820,2022-03-05 09:10:14
watch,Breaking Bad,5,3,2820,2022-03-05 09:10:30
watch,Breaking Bad,0,0,0,2022-05-10 16:14:19
watch,Breaking Bad,3,7,2820,2022-03-05 09:10:09
watch,Breaking Bad,3,1,2820,2022-03-05 09:10:06
watch,Breaking Bad,3,2,2820,2022-03-05 09:10:06
watch,Breaking Bad,4,10,2820,2022-03-05 09:10:18
watch,Breaking Bad,5,2,2820,2022-03-05 09:10:30
watch,Breaking Bad,3,11,2820,2022-03-05 09:10:11
watch,Breaking Bad,1,2,2820,2022-03-05 09:09:47
watch,Breaking Bad,2,3,2820,2022-03-05 09:09:55
watch,Breaking Bad,4,9,2820,2022-03-05 09:10:17
watch,Breaking Bad,3,6,2820,2022-03-05 09:10:09
watch,Breaking Bad,3,3,2820,2022-03-05 09:10:07
watch,Breaking Bad,5,5,2820,2022-03-05 09:10:31
watch,Breaking Bad,5,12,2820,2022-03-05 09:10:35
watch,Breaking Bad,4,8,2820,2022-03-05 09:10:18
watch,Breaking Bad,5,16,2820,2022-03-05 09:10:38
watch,Breaking Bad,4,11,2820,2022-03-05 09:10:17
watch,Breaking Bad,3,9,2820,2022-03-05 09:10:10
watch,Breaking Bad,1,5,2820,2022-03-05 09:09:49
watch,Breaking Bad,2,9,2820,2022-03-05 09:09:59
watch,Breaking Bad,4,3,2820,2022-03-05 09:10:15
watch,Breaking Bad,3,5,2820,2022-03-05 09:10:09
watch,Breaking Bad,5,9,2820,2022-03-05 09:10:33
watch,Breaking Bad,2,7,2820,2022-03-05 09:09:56
watch,Breaking Bad,2,12,2820,2022-03-05 09:09:57
watch,Breaking Bad,5,8,2820,2022-03-05 09:10:33
watch,Breaking Bad,5,14,2820,2022-03-05 09:10:37
watch,Breaking Bad,4,13,2820,2022-03-05 09:10:22
watch,Breaking Bad,2,1,2820,2022-03-05 09:09:53
watch,Breaking Bad,2,8,2820,2022-03-05 09:09:59
watch,Breaking Bad,2,4,2820,2022-03-05 09:09:55
watch,Breaking Bad,3,12,2820,2022-03-05 09:10:11
watch,Breaking Bad,2,2,2820,2022-03-05 09:09:54
watch,Breaking Bad,5,7,2820,2022-03-05 09:10:32
watch,Breaking Bad,5,13,2820,2022-03-05 09:10:35
watch,Breaking Bad,4,1,2820,2022-03-05 09:10:14
watch,Breaking Bad,5,10,2820,2022-03-05 09:10:34
watch,Breaking Bad,3,10,2820,2022-03-05 09:10:10
watch,Breaking Bad,3,8,2820,2022-03-05 09:10:09
watch,Breaking Bad,3,13,2820,2022-03-05 09:10:12
watch,Breaking Bad,2,6,2820,2022-03-05 09:09:56
watch,Breaking Bad,5,11,2820,2022-03-05 09:10:34
watch,Breaking Bad,2,11,2820,2022-03-05 09:10:00
watch,Breaking Bad,4,12,2820,2022-03-05 09:10:16
watch,Breaking Bad,1,6,2820,2022-03-05 09:09:50
watch,Breaking Bad,5,6,2820,2022-03-05 09:10:32
watch,Breaking Bad,1,3,2820,2022-03-05 09:09:48
watch,Breaking Bad,2,13,2820,2022-03-05 09:10:02
watch,Breaking Bad,1,1,2820,2022-03-05 09:09:46
watch,Breaking Bad,4,5,2820,2022-03-05 09:10:21
watch,Breaking Bad,4,4,2820,2022-03-05 09:10:20
watch,Breaking Bad,2,10,2820,2022-03-05 09:10:00
watch,Breaking Bad,4,6,2820,2022-03-05 09:10:19
watch,Breaking Bad,5,15,2820,2022-03-05 09:10:37
watch,Breaking Bad,5,4,2820,2022-03-05 09:10:31
watch,Breaking Bad,4,7,2820,2022-03-05 09:10:19
watch,Daredevil: Born Again,2,8,2880,2026-05-06 23:20:03
watch,Daredevil: Born Again,1,9,2880,2026-02-08 02:05:39
watch,Daredevil: Born Again,1,3,2880,2026-02-03 01:32:32
watch,Daredevil: Born Again,2,6,2880,2026-04-24 01:25:20
watch,Daredevil: Born Again,2,7,2880,2026-05-03 00:10:52
watch,Daredevil: Born Again,1,4,2880,2026-02-08 02:01:40
watch,Daredevil: Born Again,1,6,2880,2026-02-08 02:05:10
watch,Daredevil: Born Again,1,5,2880,2026-02-08 02:01:56
watch,Daredevil: Born Again,2,3,2880,2026-04-05 02:12:56
watch,Daredevil: Born Again,1,1,2880,2026-02-02 22:34:56
watch,Daredevil: Born Again,1,8,2880,2026-05-15 14:24:11
watch,Daredevil: Born Again,1,2,2880,2026-02-03 01:32:16
watch,Daredevil: Born Again,2,1,2880,2026-03-26 18:48:51
watch,Daredevil: Born Again,1,7,2880,2026-02-08 02:05:27
watch,Daredevil: Born Again,2,2,2880,2026-04-05 02:12:18
watch,Daredevil: Born Again,2,5,2880,2026-04-17 21:31:31
watch,Daredevil: Born Again,2,4,2880,2026-04-09 01:41:17
watch,21 Jump Street,1,1,6600,2022-03-05 10:11:34
watch,21 Jump Street,1,2,6600,2022-03-05 10:11:34
watch,Prophet Joseph,1,29,3000,2026-02-11 23:06:57
watch,Prophet Joseph,1,7,3000,2026-02-11 23:06:57
watch,Prophet Joseph,1,13,3000,2026-02-11 23:06:57
watch,Prophet Joseph,1,12,3000,2026-02-11 23:06:57
watch,Prophet Joseph,1,14,3000,2026-02-11 23:06:57
watch,Prophet Joseph,1,33,3000,2026-02-11 23:06:57
watch,Prophet Joseph,1,15,3000,2026-02-11 23:06:57
watch,Prophet Joseph,1,43,3000,2026-02-11 23:06:57
watch,Prophet Joseph,1,16,3000,2026-02-11 23:06:57
watch,Prophet Joseph,1,4,3000,2026-02-11 23:06:57
watch,Prophet Joseph,1,25,3000,2026-02-11 23:06:57
watch,Prophet Joseph,1,11,3000,2026-02-11 23:06:57
watch,Prophet Joseph,1,19,3000,2026-02-11 23:06:57
watch,Prophet Joseph,1,32,3000,2026-02-11 23:06:57
watch,Prophet Joseph,1,35,3000,2026-02-11 23:06:57
watch,Prophet Joseph,1,34,3000,2026-02-11 23:06:57
watch,Prophet Joseph,1,10,3000,2026-02-11 23:06:57
watch,Prophet Joseph,1,44,3000,2026-02-11 23:06:57
watch,Prophet Joseph,1,31,3000,2026-02-11 23:06:57
watch,Prophet Joseph,1,6,3000,2026-02-11 23:06:57
watch,Prophet Joseph,1,18,3000,2026-02-11 23:06:57
watch,Prophet Joseph,1,2,3000,2026-02-11 23:06:57
watch,Prophet Joseph,1,22,3000,2026-02-11 23:06:57
watch,Prophet Joseph,1,36,3000,2026-02-11 23:06:57
watch,Prophet Joseph,1,3,3000,2026-02-11 23:06:57
watch,Prophet Joseph,1,8,3000,2026-02-11 23:06:57
watch,Prophet Joseph,1,30,3000,2026-02-11 23:06:57
watch,Prophet Joseph,1,21,3000,2026-02-11 23:06:57
watch,Prophet Joseph,1,39,3000,2026-02-11 23:06:57
watch,Prophet Joseph,1,23,3000,2026-02-11 23:06:57
watch,Prophet Joseph,1,42,3000,2026-02-11 23:06:57
watch,Prophet Joseph,1,20,3000,2026-02-11 23:06:57
watch,Prophet Joseph,1,37,3000,2026-02-11 23:06:57
watch,Prophet Joseph,1,28,3000,2026-02-11 23:06:57
watch,Prophet Joseph,1,45,3000,2026-02-11 23:06:57
watch,Prophet Joseph,1,9,3000,2026-02-11 23:06:57
watch,Prophet Joseph,1,24,3000,2026-02-11 23:06:57
watch,Prophet Joseph,1,17,3000,2026-02-11 23:06:57
watch,Prophet Joseph,1,26,3000,2026-02-11 23:06:57
watch,Prophet Joseph,1,1,3000,2026-02-11 23:06:57
watch,Prophet Joseph,1,38,3000,2026-02-11 23:06:57
watch,Prophet Joseph,1,27,3000,2026-02-11 23:06:57
watch,Prophet Joseph,1,40,3000,2026-02-11 23:06:57
watch,Prophet Joseph,1,5,3000,2026-02-11 23:06:57
watch,Prophet Joseph,1,41,3000,2026-02-11 23:06:57
watch,Marvel's The Defenders,1,1,2940,2026-06-08 11:54:21
watch,Marvel's The Defenders,1,6,2940,2026-06-08 11:54:31
watch,Marvel's The Defenders,1,7,2940,2026-06-08 11:54:31
watch,Marvel's The Defenders,1,5,2940,2026-06-08 11:54:31
watch,Marvel's The Defenders,1,4,2940,2026-06-08 11:54:31
watch,Marvel's The Defenders,1,8,2940,2026-06-08 11:54:31
watch,Marvel's The Defenders,1,3,2940,2026-06-08 11:54:31
watch,Marvel's The Defenders,1,2,2940,2026-06-08 11:54:31
watch,Rick and Morty,1,10,1320,2022-07-17 21:27:09
watch,Rick and Morty,8,1,1380,2025-06-03 14:26:06
watch,Rick and Morty,5,8,1380,2022-08-21 12:22:25
watch,Rick and Morty,2,6,1320,2022-07-22 09:53:51
watch,Rick and Morty,7,5,1380,2024-02-15 07:38:47
watch,Rick and Morty,3,1,1320,2022-08-07 13:37:58
watch,Rick and Morty,1,7,1320,2022-07-17 20:27:30
watch,Rick and Morty,8,7,1320,2025-07-27 06:55:57
watch,Rick and Morty,3,7,1320,2022-08-07 13:37:58
watch,Rick and Morty,7,10,1380,2024-08-07 19:41:02
watch,Rick and Morty,6,2,1380,2022-09-19 09:02:00
watch,Rick and Morty,4,1,1380,2022-08-13 07:30:09
watch,Rick and Morty,3,3,1320,2022-08-07 13:37:58
watch,Rick and Morty,5,4,1380,2022-08-21 12:22:25
watch,Rick and Morty,8,6,1320,2025-07-27 06:55:57
watch,Rick and Morty,3,6,1320,2022-08-07 13:37:58
watch,Rick and Morty,4,9,1380,2022-08-13 19:12:10
watch,Rick and Morty,5,5,1380,2022-08-21 12:22:25
watch,Rick and Morty,5,10,1380,2022-08-22 09:04:12
watch,Rick and Morty,4,7,1380,2022-08-13 08:00:11
watch,Rick and Morty,7,4,1380,2024-08-07 07:55:46
watch,Rick and Morty,2,8,1320,2022-08-07 13:37:58
watch,Rick and Morty,2,9,1320,2022-08-07 13:37:58
watch,Rick and Morty,8,3,1380,2025-06-12 11:46:36
watch,Rick and Morty,2,7,1320,2022-07-22 09:53:51
watch,Rick and Morty,4,2,1380,2022-08-13 07:31:06
watch,Rick and Morty,8,5,1320,2025-07-18 14:35:52
watch,Rick and Morty,2,10,1320,2022-08-07 13:37:58
watch,Rick and Morty,6,6,1380,2023-06-23 07:21:25
watch,Rick and Morty,8,9,1320,2025-09-23 09:51:35
watch,Rick and Morty,3,2,1320,2022-08-07 13:37:58
watch,Rick and Morty,1,9,1320,2022-07-17 21:27:09
watch,Rick and Morty,5,7,1380,2022-08-21 12:22:25
watch,Rick and Morty,2,3,1320,2022-07-22 09:53:51
watch,Rick and Morty,3,9,1380,2022-08-13 07:27:53
watch,Rick and Morty,7,1,1380,2024-02-13 09:25:02
watch,Rick and Morty,7,7,1380,2024-02-15 07:38:53
watch,Rick and Morty,6,9,1380,2024-02-29 20:21:47
watch,Rick and Morty,7,3,1380,2024-02-15 07:38:43
watch,Rick and Morty,4,10,1380,2022-08-13 19:12:27
watch,Rick and Morty,6,1,1380,2022-09-19 09:01:53
watch,Rick and Morty,2,1,1320,2022-07-19 18:36:46
watch,Rick and Morty,1,5,0,2022-07-17 20:26:36
watch,Rick and Morty,5,1,1380,2022-08-21 12:22:25
watch,Rick and Morty,1,1,1320,2022-07-11 12:31:03
watch,Rick and Morty,1,11,1320,2022-07-19 18:36:26
watch,Rick and Morty,3,5,1320,2022-08-07 13:37:58
watch,Rick and Morty,4,5,1380,2022-08-13 07:33:03
watch,Rick and Morty,6,3,1380,2022-09-21 13:30:29
watch,Rick and Morty,3,10,1380,2022-08-13 07:29:12
watch,Rick and Morty,3,4,1320,2022-08-07 13:37:58
watch,Rick and Morty,7,9,1380,2024-02-15 07:38:57
watch,Rick and Morty,6,10,1380,2023-06-23 07:23:10
watch,Rick and Morty,8,4,1320,2025-07-18 14:35:02
watch,Rick and Morty,6,8,1380,2023-06-23 07:22:17
watch,Rick and Morty,5,2,1380,2022-08-21 12:22:25
watch,Rick and Morty,8,2,1380,2025-06-12 11:46:18
watch,Rick and Morty,1,8,1320,2022-07-17 21:27:09
watch,Rick and Morty,4,4,1380,2022-08-13 07:31:58
watch,Rick and Morty,4,8,1380,2022-08-13 08:30:43
watch,Rick and Morty,8,10,1320,2025-09-23 09:51:35
watch,Rick and Morty,5,6,1380,2022-08-21 12:22:25
watch,Rick and Morty,7,6,1380,2024-02-15 07:38:50
watch,Rick and Morty,4,3,1380,2022-08-13 07:31:30
watch,Rick and Morty,2,5,1320,2022-07-22 09:53:51
watch,Rick and Morty,7,8,1380,2024-08-10 23:49:22
watch,Rick and Morty,4,6,1380,2022-08-13 07:39:26
watch,Rick and Morty,6,5,1380,2023-06-23 07:20:40
watch,Rick and Morty,6,7,1380,2023-06-23 07:22:02
watch,Rick and Morty,1,4,1320,2022-07-11 12:31:17
watch,Rick and Morty,1,6,1320,2022-07-17 20:27:13
watch,Rick and Morty,3,8,1380,2022-08-13 07:27:29
watch,Rick and Morty,5,3,1380,2022-08-21 12:22:25
watch,Rick and Morty,6,4,1380,2023-06-23 07:20:18
watch,Rick and Morty,5,9,1380,2022-08-22 09:03:18
watch,Rick and Morty,2,2,1320,2022-07-22 09:53:51
watch,Rick and Morty,1,2,1320,2022-07-11 12:31:03
watch,Rick and Morty,2,4,1320,2022-07-22 09:53:51
watch,Rick and Morty,7,2,1380,2024-02-15 07:38:38
watch,Rick and Morty,8,8,1320,2025-07-27 06:55:57
watch,Rick and Morty,1,3,1320,2022-07-11 12:31:11
watch,The Boys,2,8,3660,2022-07-14 23:01:30
watch,The Boys,4,6,3900,2024-08-07 06:54:21
watch,The Boys,2,4,3660,2022-07-14 12:31:18
watch,The Boys,1,1,3660,2022-06-29 07:51:44
watch,The Boys,5,5,3840,2026-05-01 03:21:51
watch,The Boys,3,3,3660,2022-07-16 11:03:52
watch,The Boys,5,2,3780,2026-04-09 00:04:24
watch,The Boys,2,2,3660,2022-07-14 12:31:15
watch,The Boys,1,4,3660,2022-07-06 10:18:06
watch,The Boys,2,5,3660,2022-07-14 13:54:45
watch,The Boys,2,1,3660,2022-07-14 12:31:11
watch,The Boys,3,2,3660,2022-07-16 11:03:52
watch,The Boys,5,6,3840,2026-05-07 02:12:53
watch,The Boys,3,8,3660,2022-07-17 20:24:03
watch,The Boys,1,2,3660,2022-07-01 22:24:58
watch,The Boys,3,7,3660,2022-07-16 20:26:47
watch,The Boys,1,6,3660,2022-07-14 12:26:52
watch,The Boys,4,4,3900,2024-08-07 06:54:16
watch,The Boys,3,1,3660,2022-07-16 11:03:52
watch,The Boys,1,7,3660,2022-07-14 12:28:08
watch,The Boys,3,6,3660,2022-07-16 12:07:16
watch,The Boys,3,4,3660,2022-07-16 11:03:52
watch,The Boys,4,1,3900,2024-08-02 19:09:22
watch,The Boys,4,2,3900,2024-08-02 19:10:18
watch,The Boys,2,6,3660,2022-07-14 23:01:20
watch,The Boys,4,5,3900,2024-08-07 06:54:18
watch,The Boys,1,3,3660,2022-07-01 22:26:29
watch,The Boys,4,3,3900,2024-08-07 06:54:11
watch,The Boys,4,7,3900,2024-08-07 06:54:25
watch,The Boys,2,7,3660,2022-07-14 23:01:30
watch,The Boys,5,3,3780,2026-04-16 13:16:24
watch,The Boys,1,8,3660,2022-07-14 12:31:08
watch,The Boys,2,3,3660,2022-07-14 12:31:16
watch,The Boys,3,5,3660,2022-07-16 11:03:52
watch,The Boys,5,7,3840,2026-05-16 15:50:18
watch,The Boys,1,5,3660,2022-07-14 12:26:50
watch,The Boys,5,4,3840,2026-04-23 04:37:39
watch,The Boys,5,1,3780,2026-04-08 16:50:57
watch,The Boys,5,8,3840,2026-05-22 04:45:43
watch,The Boys,4,8,3900,2024-08-07 06:54:29
watch,Better Call Saul,5,9,3000,2023-02-15 05:07:29
watch,Better Call Saul,5,7,3000,2023-02-15 05:07:29
watch,Better Call Saul,3,7,3000,2023-02-08 20:02:59
watch,Better Call Saul,2,3,3000,2023-02-06 21:33:57
watch,Better Call Saul,2,10,3000,2023-02-08 10:12:07
watch,Better Call Saul,6,7,3000,2023-02-15 15:12:47
watch,Better Call Saul,6,9,3000,2023-02-16 06:23:24
watch,Better Call Saul,4,9,3000,2023-02-10 18:55:36
watch,Better Call Saul,3,10,3000,2023-02-09 10:39:43
watch,Better Call Saul,4,2,3000,2023-02-10 15:23:31
watch,Better Call Saul,6,13,3000,2023-02-17 20:53:38
watch,Better Call Saul,3,4,3000,2023-02-08 18:12:18
watch,Better Call Saul,2,8,3000,2023-02-08 00:58:40
watch,Better Call Saul,4,7,3000,2023-02-10 18:55:23
watch,Better Call Saul,4,10,3000,2023-02-12 07:27:19
watch,Better Call Saul,6,12,3000,2023-02-17 20:53:38
watch,Better Call Saul,1,4,3000,2023-02-02 08:42:33
watch,Better Call Saul,3,5,3000,2023-02-08 18:12:38
watch,Better Call Saul,6,4,3000,2023-02-15 09:57:43
watch,Better Call Saul,6,3,3000,2023-02-15 09:57:43
watch,Better Call Saul,4,8,3000,2023-02-10 18:55:25
watch,Better Call Saul,1,3,3000,2023-02-02 08:42:12
watch,Better Call Saul,5,2,3000,2023-02-12 07:27:19
watch,Better Call Saul,6,5,3000,2023-02-15 09:57:43
watch,Better Call Saul,1,2,3000,2023-02-02 08:40:55
watch,Better Call Saul,4,4,3000,2023-02-10 15:23:31
watch,Better Call Saul,1,6,3000,2023-02-03 07:46:17
watch,Better Call Saul,1,9,3000,2023-02-04 08:14:14
watch,Better Call Saul,5,6,3000,2023-02-15 05:07:29
watch,Better Call Saul,5,5,3000,2023-02-12 18:48:34
watch,Better Call Saul,2,2,3000,2023-02-06 21:33:36
watch,Better Call Saul,2,7,3000,2023-02-06 23:03:39
watch,Better Call Saul,1,5,3000,2023-02-02 08:42:54
watch,Better Call Saul,2,9,3000,2023-02-08 01:44:16
watch,Better Call Saul,2,5,3000,2023-02-06 21:36:56
watch,Better Call Saul,1,7,3000,2023-02-03 07:46:34
watch,Better Call Saul,3,9,3000,2023-02-09 10:39:16
watch,Better Call Saul,1,10,3000,2023-02-04 09:31:33
watch,Better Call Saul,6,6,3000,2023-02-15 09:57:43
watch,Better Call Saul,3,1,3000,2023-02-08 10:12:24
watch,Better Call Saul,4,3,3000,2023-02-10 15:23:31
watch,Better Call Saul,6,8,3000,2023-02-16 06:22:57
watch,Better Call Saul,5,4,3000,2023-02-12 18:48:34
watch,Better Call Saul,3,8,3000,2023-02-09 10:38:46
watch,Better Call Saul,2,4,3000,2023-02-06 21:34:33
watch,Better Call Saul,3,2,3000,2023-02-08 16:08:13
watch,Better Call Saul,4,5,3000,2023-02-10 15:25:12
watch,Better Call Saul,3,3,3000,2023-02-08 16:08:47
watch,Better Call Saul,2,1,3000,2023-02-06 21:27:15
watch,Better Call Saul,5,3,3000,2023-02-12 18:48:34
watch,Better Call Saul,4,1,3000,2023-02-10 15:23:31
watch,Better Call Saul,1,8,3000,2023-02-03 07:48:35
watch,Better Call Saul,5,8,3000,2023-02-15 05:07:29
watch,Better Call Saul,6,11,3000,2023-02-16 06:23:24
watch,Better Call Saul,5,1,3000,2023-02-12 07:27:19
watch,Better Call Saul,6,10,3000,2023-02-16 06:23:24
watch,Better Call Saul,6,1,3000,2023-02-15 05:07:29
watch,Better Call Saul,5,10,3000,2023-02-15 05:07:29
watch,Better Call Saul,1,1,2820,2022-03-05 09:35:49
watch,Better Call Saul,3,6,3000,2023-02-08 20:02:03
watch,Better Call Saul,2,6,3000,2023-02-06 22:21:20
watch,Better Call Saul,4,6,3000,2023-02-10 15:25:12
watch,Better Call Saul,6,2,3000,2023-02-15 09:57:43
watch,Marvel's Daredevil,3,2,3180,2026-02-02 01:18:51
watch,Marvel's Daredevil,3,13,3180,2026-02-02 01:21:20
watch,Marvel's Daredevil,1,8,3180,2025-08-04 10:08:11
watch,Marvel's Daredevil,1,7,3180,2025-08-04 10:08:11
watch,Marvel's Daredevil,1,9,3180,2025-08-04 10:08:11
watch,Marvel's Daredevil,3,10,3180,2026-02-02 01:20:40
watch,Marvel's Daredevil,2,2,3180,2025-08-09 13:32:59
watch,Marvel's Daredevil,1,12,3180,2025-08-04 10:08:11
watch,Marvel's Daredevil,3,5,3180,2026-02-02 01:19:31
watch,Marvel's Daredevil,3,3,3180,2026-02-02 01:19:05
watch,Marvel's Daredevil,1,3,3180,2025-08-04 10:08:11
watch,Marvel's Daredevil,2,4,3180,2025-08-09 13:32:59
watch,Marvel's Daredevil,2,8,3180,2025-08-09 13:32:59
watch,Marvel's Daredevil,1,5,3180,2025-08-04 10:08:11
watch,Marvel's Daredevil,1,10,3180,2025-08-04 10:08:11
watch,Marvel's Daredevil,2,11,3180,2025-09-10 18:23:03
watch,Marvel's Daredevil,2,7,3180,2025-08-09 13:32:59
watch,Marvel's Daredevil,2,13,3180,2025-09-10 18:23:13
watch,Marvel's Daredevil,2,3,3180,2025-08-09 13:32:59
watch,Marvel's Daredevil,3,11,3180,2026-02-02 01:20:49
watch,Marvel's Daredevil,2,5,3180,2025-08-09 13:32:59
watch,Marvel's Daredevil,2,9,3180,2025-08-09 13:32:42
watch,Marvel's Daredevil,2,12,3180,2025-09-10 18:23:10
watch,Marvel's Daredevil,1,4,3180,2025-08-04 10:08:11
watch,Marvel's Daredevil,3,6,3180,2026-02-02 01:19:43
watch,Marvel's Daredevil,1,6,3180,2025-08-04 10:08:11
watch,Marvel's Daredevil,3,8,3180,2026-02-02 01:20:15
watch,Marvel's Daredevil,3,1,3180,2026-02-02 01:18:36
watch,Marvel's Daredevil,1,13,3180,2025-08-04 10:08:11
watch,Marvel's Daredevil,1,11,3180,2025-08-04 10:08:11
watch,Marvel's Daredevil,3,9,3180,2026-02-02 01:20:27
watch,Marvel's Daredevil,3,12,3180,2026-02-02 01:21:03
watch,Marvel's Daredevil,1,1,3180,2025-08-04 10:08:11
watch,Marvel's Daredevil,3,4,3180,2026-02-02 01:19:19
watch,Marvel's Daredevil,2,10,3180,2025-08-25 10:59:53
watch,Marvel's Daredevil,1,2,3180,2025-08-04 10:08:11
watch,Marvel's Daredevil,2,6,3180,2025-08-09 13:32:59
watch,Marvel's Daredevil,3,7,3180,2026-02-02 01:19:55
watch,Marvel's Daredevil,2,1,3180,2025-08-09 13:32:59
watch,The Amazing World of Gumball,4,9,600,2022-03-13 07:59:19
watch,The Amazing World of Gumball,1,12,600,2022-03-13 07:59:19
watch,The Amazing World of Gumball,6,34,600,2022-03-13 07:59:19
watch,The Amazing World of Gumball,2,31,600,2022-03-13 07:59:19
watch,The Amazing World of Gumball,3,24,600,2022-03-13 07:59:19
watch,The Amazing World of Gumball,3,15,600,2022-03-13 07:59:19
watch,The Amazing World of Gumball,2,20,600,2022-03-13 07:59:19
watch,The Amazing World of Gumball,4,30,600,2022-03-13 07:59:19
watch,The Amazing World of Gumball,1,1,600,2022-03-13 07:59:19
watch,The Amazing World of Gumball,4,23,600,2022-03-13 07:59:19
watch,The Amazing World of Gumball,6,8,600,2022-03-13 07:59:19
watch,The Amazing World of Gumball,1,27,600,2022-03-13 07:59:19
watch,The Amazing World of Gumball,3,1,600,2022-03-13 07:59:19
watch,The Amazing World of Gumball,3,22,600,2022-03-13 07:59:19
watch,The Amazing World of Gumball,2,7,600,2022-03-13 07:59:19
watch,The Amazing World of Gumball,5,26,600,2022-03-13 07:59:19
watch,The Amazing World of Gumball,4,33,600,2022-03-13 07:59:19
watch,The Amazing World of Gumball,5,9,600,2022-03-13 07:59:19
watch,The Amazing World of Gumball,2,15,600,2022-03-13 07:59:19
watch,The Amazing World of Gumball,3,29,600,2022-03-13 07:59:19
watch,The Amazing World of Gumball,5,27,600,2022-03-13 07:59:19
watch,The Amazing World of Gumball,6,11,600,2022-03-13 07:59:19
watch,The Amazing World of Gumball,6,26,600,2022-03-13 07:59:19
watch,The Amazing World of Gumball,6,38,600,2022-03-13 07:59:19
watch,The Amazing World of Gumball,3,9,600,2022-03-13 07:59:19
watch,The Amazing World of Gumball,1,30,600,2022-03-13 07:59:19
watch,The Amazing World of Gumball,6,13,600,2022-03-13 07:59:19
watch,The Amazing World of Gumball,3,20,600,2022-03-13 07:59:19
watch,The Amazing World of Gumball,5,21,600,2022-03-13 07:59:19
watch,The Amazing World of Gumball,6,9,600,2022-03-13 07:59:19
watch,The Amazing World of Gumball,4,35,600,2022-03-13 07:59:19
watch,The Amazing World of Gumball,3,7,600,2022-03-13 07:59:19
watch,The Amazing World of Gumball,5,7,600,2022-03-13 07:59:19
watch,The Amazing World of Gumball,1,31,600,2022-03-13 07:59:19
watch,The Amazing World of Gumball,1,23,600,2022-03-13 07:59:19
watch,The Amazing World of Gumball,2,26,600,2022-03-13 07:59:19
watch,The Amazing World of Gumball,2,34,600,2022-03-13 07:59:19
watch,The Amazing World of Gumball,5,12,600,2022-03-13 07:59:19
watch,The Amazing World of Gumball,2,5,600,2022-03-13 07:59:19
watch,The Amazing World of Gumball,1,22,600,2022-03-13 07:59:19
watch,The Amazing World of Gumball,1,29,600,2022-03-13 07:59:19
watch,The Amazing World of Gumball,2,38,600,2022-03-13 07:59:19
watch,The Amazing World of Gumball,6,32,600,2022-03-13 07:59:19
watch,The Amazing World of Gumball,1,34,600,2022-03-13 07:59:19
watch,The Amazing World of Gumball,4,19,600,2022-03-13 07:59:19
watch,The Amazing World of Gumball,4,6,600,2022-03-13 07:59:19
watch,The Amazing World of Gumball,4,32,600,2022-03-13 07:59:19
watch,The Amazing World of Gumball,1,8,600,2022-03-13 07:59:19
watch,The Amazing World of Gumball,2,3,600,2022-03-13 07:59:19
watch,The Amazing World of Gumball,4,21,600,2022-03-13 07:59:19
watch,The Amazing World of Gumball,4,28,600,2022-03-13 07:59:19
watch,The Amazing World of Gumball,4,13,600,2022-03-13 07:59:19
watch,The Amazing World of Gumball,5,22,600,2022-03-13 07:59:19
watch,The Amazing World of Gumball,3,37,600,2022-03-13 07:59:19
watch,The Amazing World of Gumball,3,14,600,2022-03-13 07:59:19
watch,The Amazing World of Gumball,2,18,600,2022-03-13 07:59:19
watch,The Amazing World of Gumball,5,39,600,2022-03-13 07:59:19
watch,The Amazing World of Gumball,4,37,600,2022-03-13 07:59:19
watch,The Amazing World of Gumball,5,23,600,2022-03-13 07:59:19
watch,The Amazing World of Gumball,2,16,600,2022-03-13 07:59:19
watch,The Amazing World of Gumball,5,25,600,2022-03-13 07:59:19
watch,The Amazing World of Gumball,2,36,600,2022-03-13 07:59:19
watch,The Amazing World of Gumball,3,30,600,2022-03-13 07:59:19
watch,The Amazing World of Gumball,6,27,600,2022-03-13 07:59:19
watch,The Amazing World of Gumball,2,29,600,2022-03-13 07:59:19
watch,The Amazing World of Gumball,6,22,600,2022-03-13 07:59:19
watch,The Amazing World of Gumball,4,36,600,2022-03-13 07:59:19
watch,The Amazing World of Gumball,6,40,600,2022-03-13 07:59:19
watch,The Amazing World of Gumball,4,38,600,2022-03-13 07:59:19
watch,The Amazing World of Gumball,5,31,600,2022-03-13 07:59:19
watch,The Amazing World of Gumball,6,18,600,2022-03-13 07:59:19
watch,The Amazing World of Gumball,3,26,600,2022-03-13 07:59:19
watch,The Amazing World of Gumball,3,12,600,2022-03-13 07:59:19
watch,The Amazing World of Gumball,4,24,600,2022-03-13 07:59:19
watch,The Amazing World of Gumball,3,11,600,2022-03-13 07:59:19
watch,The Amazing World of Gumball,5,30,600,2022-03-13 07:59:19
watch,The Amazing World of Gumball,6,41,600,2022-03-13 07:59:19
watch,The Amazing World of Gumball,2,30,600,2022-03-13 07:59:19
watch,The Amazing World of Gumball,5,14,600,2022-03-13 07:59:19
watch,The Amazing World of Gumball,4,14,600,2022-03-13 07:59:19
watch,The Amazing World of Gumball,5,2,600,2022-03-13 07:59:19
watch,The Amazing World of Gumball,2,17,600,2022-03-13 07:59:19
watch,The Amazing World of Gumball,3,10,600,2022-03-13 07:59:19
watch,The Amazing World of Gumball,4,16,600,2022-03-13 07:59:19
watch,The Amazing World of Gumball,6,21,600,2022-03-13 07:59:19
watch,The Amazing World of Gumball,2,9,600,2022-03-13 07:59:19
watch,The Amazing World of Gumball,6,28,600,2022-03-13 07:59:19
watch,The Amazing World of Gumball,6,24,600,2022-03-13 07:59:19
watch,The Amazing World of Gumball,3,19,600,2022-03-13 07:59:19
watch,The Amazing World of Gumball,1,17,600,2022-03-13 07:59:19
watch,The Amazing World of Gumball,1,35,600,2022-03-13 07:59:19
watch,The Amazing World of Gumball,2,22,600,2022-03-13 07:59:19
watch,The Amazing World of Gumball,5,1,600,2022-03-13 07:59:19
watch,The Amazing World of Gumball,2,2,600,2022-03-13 07:59:19
watch,The Amazing World of Gumball,2,19,600,2022-03-13 07:59:19
watch,The Amazing World of Gumball,5,40,600,2022-03-13 07:59:19
watch,The Amazing World of Gumball,4,25,600,2022-03-13 07:59:19
watch,The Amazing World of Gumball,4,17,600,2022-03-13 07:59:19
watch,The Amazing World of Gumball,1,4,600,2022-03-13 07:59:19
watch,The Amazing World of Gumball,3,16,600,2022-03-13 07:59:19
watch,The Amazing World of Gumball,6,19,600,2022-03-13 07:59:19
watch,The Amazing World of Gumball,6,2,600,2022-03-13 07:59:19
watch,The Amazing World of Gumball,5,6,600,2022-03-13 07:59:19
watch,The Amazing World of Gumball,1,18,600,2022-03-13 07:59:19
watch,The Amazing World of Gumball,6,29,600,2022-03-13 07:59:19
watch,The Amazing World of Gumball,3,13,600,2022-03-13 07:59:19
watch,The Amazing World of Gumball,3,32,600,2022-03-13 07:59:19
watch,The Amazing World of Gumball,5,11,600,2022-03-13 07:59:19
watch,The Amazing World of Gumball,4,26,600,2022-03-13 07:59:19
watch,The Amazing World of Gumball,5,10,600,2022-03-13 07:59:19
watch,The Amazing World of Gumball,1,2,600,2022-03-13 07:59:19
watch,The Amazing World of Gumball,2,13,600,2022-03-13 07:59:19
watch,The Amazing World of Gumball,3,5,600,2022-03-13 07:59:19
watch,The Amazing World of Gumball,2,1,600,2022-03-13 07:59:19
watch,The Amazing World of Gumball,2,12,600,2022-03-13 07:59:19
watch,The Amazing World of Gumball,5,38,600,2022-03-13 07:59:19
watch,The Amazing World of Gumball,3,40,600,2022-03-13 07:59:19
watch,The Amazing World of Gumball,1,20,600,2022-03-13 07:59:19
watch,The Amazing World of Gumball,5,35,600,2022-03-13 07:59:19
watch,The Amazing World of Gumball,2,6,600,2022-03-13 07:59:19
watch,The Amazing World of Gumball,3,38,600,2022-03-13 07:59:19
watch,The Amazing World of Gumball,5,34,600,2022-03-13 07:59:19
watch,The Amazing World of Gumball,6,4,600,2022-03-13 07:59:19
watch,The Amazing World of Gumball,3,17,600,2022-03-13 07:59:19
watch,The Amazing World of Gumball,3,31,600,2022-03-13 07:59:19
watch,The Amazing World of Gumball,1,10,600,2022-03-13 07:59:19
watch,The Amazing World of Gumball,5,24,600,2022-03-13 07:59:19
watch,The Amazing World of Gumball,1,25,600,2022-03-13 07:59:19
watch,The Amazing World of Gumball,4,18,600,2022-03-13 07:59:19
watch,The Amazing World of Gumball,1,26,600,2022-03-13 07:59:19
watch,The Amazing World of Gumball,6,12,600,2022-03-13 07:59:19
watch,The Amazing World of Gumball,4,10,600,2022-03-13 07:59:19
watch,The Amazing World of Gumball,6,44,600,2022-03-13 07:59:19
watch,The Amazing World of Gumball,3,34,600,2022-03-13 07:59:19
watch,The Amazing World of Gumball,3,35,600,2022-03-13 07:59:19
watch,The Amazing World of Gumball,1,7,600,2022-03-13 07:59:19
watch,The Amazing World of Gumball,3,8,600,2022-03-13 07:59:19
watch,The Amazing World of Gumball,5,20,600,2022-03-13 07:59:19
watch,The Amazing World of Gumball,1,14,600,2022-03-13 07:59:19
watch,The Amazing World of Gumball,4,3,600,2022-03-13 07:59:19
watch,The Amazing World of Gumball,4,12,600,2022-03-13 07:59:19
watch,The Amazing World of Gumball,1,11,600,2022-03-13 07:59:19
watch,The Amazing World of Gumball,2,11,600,2022-03-13 07:59:19
watch,The Amazing World of Gumball,3,3,600,2022-03-13 07:59:19
watch,The Amazing World of Gumball,3,28,600,2022-03-13 07:59:19
watch,The Amazing World of Gumball,5,15,600,2022-03-13 07:59:19
watch,The Amazing World of Gumball,1,5,600,2022-03-13 07:59:19
watch,The Amazing World of Gumball,4,29,600,2022-03-13 07:59:19
watch,The Amazing World of Gumball,4,1,600,2022-03-13 07:59:19
watch,The Amazing World of Gumball,1,28,600,2022-03-13 07:59:19
watch,The Amazing World of Gumball,6,37,600,2022-03-13 07:59:19
watch,The Amazing World of Gumball,5,3,600,2022-03-13 07:59:19
watch,The Amazing World of Gumball,5,32,600,2022-03-13 07:59:19
watch,The Amazing World of Gumball,1,3,600,2022-03-13 07:59:19
watch,The Amazing World of Gumball,5,13,600,2022-03-13 07:59:19
watch,The Amazing World of Gumball,6,43,600,2022-03-13 07:59:19
watch,The Amazing World of Gumball,4,11,600,2022-03-13 07:59:19
watch,The Amazing World of Gumball,6,1,600,2022-03-13 07:59:19
watch,The Amazing World of Gumball,6,30,600,2022-03-13 07:59:19
watch,The Amazing World of Gumball,5,33,600,2022-03-13 07:59:19
watch,The Amazing World of Gumball,4,2,600,2022-03-13 07:59:19
watch,The Amazing World of Gumball,1,33,600,2022-03-13 07:59:19
watch,The Amazing World of Gumball,4,7,600,2022-03-13 07:59:19
watch,The Amazing World of Gumball,5,18,600,2022-03-13 07:59:19
watch,The Amazing World of Gumball,5,4,600,2022-03-13 07:59:19
watch,The Amazing World of Gumball,6,25,600,2022-03-13 07:59:19
watch,The Amazing World of Gumball,5,19,600,2022-03-13 07:59:19
watch,The Amazing World of Gumball,1,6,600,2022-03-13 07:59:19
watch,The Amazing World of Gumball,3,39,600,2022-03-13 07:59:19
watch,The Amazing World of Gumball,4,15,600,2022-03-13 07:59:19
watch,The Amazing World of Gumball,3,6,600,2022-03-13 07:59:19
watch,The Amazing World of Gumball,6,14,600,2022-03-13 07:59:19
watch,The Amazing World of Gumball,4,8,600,2022-03-13 07:59:19
watch,The Amazing World of Gumball,6,33,600,2022-03-13 07:59:19
watch,The Amazing World of Gumball,2,14,600,2022-03-13 07:59:19
watch,The Amazing World of Gumball,6,20,600,2022-03-13 07:59:19
watch,The Amazing World of Gumball,6,35,600,2022-03-13 07:59:19
watch,The Amazing World of Gumball,5,37,600,2022-03-13 07:59:19
watch,The Amazing World of Gumball,2,35,600,2022-03-13 07:59:19
watch,The Amazing World of Gumball,6,7,600,2022-03-13 07:59:19
watch,The Amazing World of Gumball,3,36,600,2022-03-13 07:59:19
watch,The Amazing World of Gumball,3,23,600,2022-03-13 07:59:19
watch,The Amazing World of Gumball,2,10,600,2022-03-13 07:59:19
watch,The Amazing World of Gumball,2,33,600,2022-03-13 07:59:19
watch,The Amazing World of Gumball,4,4,600,2022-03-13 07:59:19
watch,The Amazing World of Gumball,4,31,600,2022-03-13 07:59:19
watch,The Amazing World of Gumball,6,15,600,2022-03-13 07:59:19
watch,The Amazing World of Gumball,3,33,600,2022-03-13 07:59:19
watch,The Amazing World of Gumball,5,8,600,2022-03-13 07:59:19
watch,The Amazing World of Gumball,1,21,600,2022-03-13 07:59:19
watch,The Amazing World of Gumball,5,28,600,2022-03-13 07:59:19
watch,The Amazing World of Gumball,4,39,600,2022-03-13 07:59:19
watch,The Amazing World of Gumball,3,21,600,2022-03-13 07:59:19
watch,The Amazing World of Gumball,3,18,600,2022-03-13 07:59:19
watch,The Amazing World of Gumball,2,27,600,2022-03-13 07:59:19
watch,The Amazing World of Gumball,3,27,600,2022-03-13 07:59:19
watch,The Amazing World of Gumball,6,36,600,2022-03-13 07:59:19
watch,The Amazing World of Gumball,3,4,600,2022-03-13 07:59:19
watch,The Amazing World of Gumball,6,39,600,2022-03-13 07:59:19
watch,The Amazing World of Gumball,2,28,600,2022-03-13 07:59:19
watch,The Amazing World of Gumball,6,42,600,2022-03-13 07:59:19
watch,The Amazing World of Gumball,6,17,600,2022-03-13 07:59:19
watch,The Amazing World of Gumball,2,25,600,2022-03-13 07:59:19
watch,The Amazing World of Gumball,1,36,600,2022-03-13 07:59:19
watch,The Amazing World of Gumball,1,19,600,2022-03-13 07:59:19
watch,The Amazing World of Gumball,1,13,600,2022-03-13 07:59:19
watch,The Amazing World of Gumball,2,40,600,2022-03-13 07:59:19
watch,The Amazing World of Gumball,1,16,600,2022-03-13 07:59:19
watch,The Amazing World of Gumball,1,9,600,2022-03-13 07:59:19
watch,The Amazing World of Gumball,6,16,600,2022-03-13 07:59:19
watch,The Amazing World of Gumball,2,39,600,2022-03-13 07:59:19
watch,The Amazing World of Gumball,2,23,600,2022-03-13 07:59:19
watch,The Amazing World of Gumball,2,37,600,2022-03-13 07:59:19
watch,The Amazing World of Gumball,2,24,600,2022-03-13 07:59:19
watch,The Amazing World of Gumball,1,24,600,2022-03-13 07:59:19
watch,The Amazing World of Gumball,2,32,600,2022-03-13 07:59:19
watch,The Amazing World of Gumball,2,21,600,2022-03-13 07:59:19
watch,The Amazing World of Gumball,2,4,600,2022-03-13 07:59:19
watch,The Amazing World of Gumball,5,17,600,2022-03-13 07:59:19
watch,The Amazing World of Gumball,6,3,600,2022-03-13 07:59:19
watch,The Amazing World of Gumball,4,34,600,2022-03-13 07:59:19
watch,The Amazing World of Gumball,3,25,600,2022-03-13 07:59:19
watch,The Amazing World of Gumball,6,5,600,2022-03-13 07:59:19
watch,The Amazing World of Gumball,5,36,600,2022-03-13 07:59:19
watch,The Amazing World of Gumball,5,29,600,2022-03-13 07:59:19
watch,The Amazing World of Gumball,4,27,600,2022-03-13 07:59:19
watch,The Amazing World of Gumball,6,10,600,2022-03-13 07:59:19
watch,The Amazing World of Gumball,4,40,600,2022-03-13 07:59:19
watch,The Amazing World of Gumball,6,31,600,2022-03-13 07:59:19
watch,The Amazing World of Gumball,1,15,600,2022-03-13 07:59:19
watch,The Amazing World of Gumball,5,5,600,2022-03-13 07:59:19
watch,The Amazing World of Gumball,4,20,600,2022-03-13 07:59:19
watch,The Amazing World of Gumball,6,23,600,2022-03-13 07:59:19
watch,The Amazing World of Gumball,5,16,600,2022-03-13 07:59:19
watch,The Amazing World of Gumball,4,22,600,2022-03-13 07:59:19
watch,The Amazing World of Gumball,3,2,600,2022-03-13 07:59:19
watch,The Amazing World of Gumball,4,5,600,2022-03-13 07:59:19
watch,The Amazing World of Gumball,2,8,600,2022-03-13 07:59:19
watch,The Amazing World of Gumball,1,32,600,2022-03-13 07:59:19
watch,The Amazing World of Gumball,6,6,600,2022-03-13 07:59:19
watch,Ben 10: Alien Force,2,2,1500,2022-06-10 15:22:54
watch,Ben 10: Alien Force,3,8,1500,2022-06-10 15:22:54
watch,Ben 10: Alien Force,1,13,1500,2022-06-10 15:22:54
watch,Ben 10: Alien Force,1,3,1500,2022-06-10 15:22:54
watch,Ben 10: Alien Force,3,7,1500,2022-06-10 15:22:54
watch,Ben 10: Alien Force,1,4,1500,2022-06-10 15:22:54
watch,Ben 10: Alien Force,2,6,1500,2022-06-10 15:22:54
watch,Ben 10: Alien Force,2,4,1500,2022-06-10 15:22:54
watch,Ben 10: Alien Force,3,9,1500,2022-06-10 15:22:54
watch,Ben 10: Alien Force,3,3,1500,2022-06-10 15:22:54
watch,Ben 10: Alien Force,2,12,1500,2022-06-10 15:22:54
watch,Ben 10: Alien Force,3,14,1500,2022-06-10 15:22:54
watch,Ben 10: Alien Force,3,17,1500,2022-06-10 15:22:54
watch,Ben 10: Alien Force,1,9,1500,2022-06-10 15:22:54
watch,Ben 10: Alien Force,3,10,1500,2022-06-10 15:22:54
watch,Ben 10: Alien Force,3,20,1500,2022-06-10 15:22:54
watch,Ben 10: Alien Force,3,19,1500,2022-06-10 15:22:54
watch,Ben 10: Alien Force,1,8,1500,2022-06-10 15:22:54
watch,Ben 10: Alien Force,2,10,1500,2022-06-10 15:22:54
watch,Ben 10: Alien Force,3,16,1500,2022-06-10 15:22:54
watch,Ben 10: Alien Force,2,8,1500,2022-06-10 15:22:54
watch,Ben 10: Alien Force,3,12,1500,2022-06-10 15:22:54
watch,Ben 10: Alien Force,1,12,1500,2022-06-10 15:22:54
watch,Ben 10: Alien Force,2,11,1500,2022-06-10 15:22:54
watch,Ben 10: Alien Force,1,1,1500,2022-06-10 15:22:54
watch,Ben 10: Alien Force,3,5,1500,2022-06-10 15:22:54
watch,Ben 10: Alien Force,1,2,1500,2022-06-10 15:22:54
watch,Ben 10: Alien Force,2,7,1500,2022-06-10 15:22:54
watch,Ben 10: Alien Force,1,6,1500,2022-06-10 15:22:54
watch,Ben 10: Alien Force,2,13,1500,2022-06-10 15:22:54
watch,Ben 10: Alien Force,1,5,1500,2022-06-10 15:22:54
watch,Ben 10: Alien Force,3,4,1500,2022-06-10 15:22:54
watch,Ben 10: Alien Force,3,11,1500,2022-06-10 15:22:54
watch,Ben 10: Alien Force,3,15,1500,2022-06-10 15:22:54
watch,Ben 10: Alien Force,3,2,1500,2022-06-10 15:22:54
watch,Ben 10: Alien Force,3,13,1500,2022-06-10 15:22:54
watch,Ben 10: Alien Force,1,7,1500,2022-06-10 15:22:54
watch,Ben 10: Alien Force,3,18,1500,2022-06-10 15:22:54
watch,Ben 10: Alien Force,1,10,1500,2022-06-10 15:22:54
watch,Ben 10: Alien Force,1,11,1500,2022-06-10 15:22:54
watch,Ben 10: Alien Force,3,6,1500,2022-06-10 15:22:54
watch,Ben 10: Alien Force,2,3,1500,2022-06-10 15:22:54
watch,Ben 10: Alien Force,3,1,1500,2022-06-10 15:22:54
watch,Ben 10: Alien Force,2,5,1500,2022-06-10 15:22:54
watch,Ben 10: Alien Force,2,1,1500,2022-06-10 15:22:54
watch,Ben 10: Alien Force,2,9,1500,2022-06-10 15:22:54
watch,Death Note,1,33,1320,2022-03-05 09:13:40
watch,Death Note,1,15,1320,2022-03-05 09:13:40
watch,Death Note,1,20,1320,2022-03-05 09:13:40
watch,Death Note,1,23,1320,2022-03-05 09:13:40
watch,Death Note,1,10,1320,2022-03-05 09:13:40
watch,Death Note,1,27,1320,2022-03-05 09:13:40
watch,Death Note,1,24,1320,2022-03-05 09:13:40
watch,Death Note,1,28,1320,2022-03-05 09:13:40
watch,Death Note,1,2,1320,2022-03-05 09:13:40
watch,Death Note,1,29,1320,2022-03-05 09:13:40
watch,Death Note,1,14,1320,2022-03-05 09:13:40
watch,Death Note,1,12,1320,2022-03-05 09:13:40
watch,Death Note,1,13,1320,2022-03-05 09:13:40
watch,Death Note,1,36,1320,2022-03-05 09:13:40
watch,Death Note,1,4,1320,2022-03-05 09:13:40
watch,Death Note,1,7,1320,2022-03-05 09:13:40
watch,Death Note,1,19,1320,2022-03-05 09:13:40
watch,Death Note,1,8,1320,2022-03-05 09:13:40
watch,Death Note,1,32,1320,2022-03-05 09:13:40
watch,Death Note,1,26,1320,2022-03-05 09:13:40
watch,Death Note,1,25,1320,2022-03-05 09:13:40
watch,Death Note,1,16,1320,2022-03-05 09:13:40
watch,Death Note,1,6,1320,2022-03-05 09:13:40
watch,Death Note,1,17,1320,2022-03-05 09:13:40
watch,Death Note,1,21,1320,2022-03-05 09:13:40
watch,Death Note,1,37,1320,2022-03-05 09:13:40
watch,Death Note,1,1,1320,2022-03-05 09:13:40
watch,Death Note,1,31,1320,2022-03-05 09:13:40
watch,Death Note,1,18,1320,2022-03-05 09:13:40
watch,Death Note,1,35,1320,2022-03-05 09:13:40
watch,Death Note,1,11,1320,2022-03-05 09:13:40
watch,Death Note,1,3,1320,2022-03-05 09:13:40
watch,Death Note,1,9,1320,2022-03-05 09:13:40
watch,Death Note,1,22,1320,2022-03-05 09:13:40
watch,Death Note,1,34,1320,2022-03-05 09:13:40
watch,Death Note,1,30,1320,2022-03-05 09:13:40
watch,Death Note,1,5,1320,2022-03-05 09:13:40
watch,Monster (2022),1,5,3240,2023-02-01 08:36:07
watch,Monster (2022),1,2,3240,2023-01-25 20:09:31
watch,Monster (2022),1,1,3240,2023-01-25 20:08:57
watch,Monster (2022),1,4,3240,2023-01-26 16:04:25
watch,Monster (2022),1,3,3240,2023-01-26 06:57:23
watch,Monster (2022),1,6,3240,2023-02-01 08:36:19
watch,Seventh Neighbor,1,1,2400,2022-05-29 09:29:39
watch,Seventh Neighbor,1,43,2400,2022-05-29 09:29:39
watch,Seventh Neighbor,2,5,2400,2022-05-29 09:29:39
watch,Seventh Neighbor,1,13,2400,2022-05-29 09:29:39
watch,Seventh Neighbor,2,15,2400,2022-05-29 09:29:39
watch,Seventh Neighbor,1,3,2400,2022-05-29 09:29:39
watch,Seventh Neighbor,2,9,2400,2022-05-29 09:29:39
watch,Seventh Neighbor,2,14,2400,2022-05-29 09:29:39
watch,Seventh Neighbor,1,14,2400,2022-05-29 09:29:39
watch,Seventh Neighbor,2,8,2400,2022-05-29 09:29:39
watch,Seventh Neighbor,1,22,2400,2022-05-29 09:29:39
watch,Seventh Neighbor,1,33,2400,2022-05-29 09:29:39
watch,Seventh Neighbor,1,24,2400,2022-05-29 09:29:39
watch,Seventh Neighbor,1,40,2400,2022-05-29 09:29:39
watch,Seventh Neighbor,1,20,2400,2022-05-29 09:29:39
watch,Seventh Neighbor,1,32,2400,2022-05-29 09:29:39
watch,Seventh Neighbor,1,5,2400,2022-05-29 09:29:39
watch,Seventh Neighbor,1,8,2400,2022-05-29 09:29:39
watch,Seventh Neighbor,1,19,2400,2022-05-29 09:29:39
watch,Seventh Neighbor,1,9,2400,2022-05-29 09:29:39
watch,Seventh Neighbor,2,7,2400,2022-05-29 09:29:39
watch,Seventh Neighbor,2,12,2400,2022-05-29 09:29:39
watch,Seventh Neighbor,1,28,2400,2022-05-29 09:29:39
watch,Seventh Neighbor,1,29,2400,2022-05-29 09:29:39
watch,Seventh Neighbor,1,44,2400,2022-05-29 09:29:39
watch,Seventh Neighbor,2,6,2400,2022-05-29 09:29:39
watch,Seventh Neighbor,1,4,2400,2022-05-29 09:29:39
watch,Seventh Neighbor,1,11,2400,2022-05-29 09:29:39
watch,Seventh Neighbor,1,47,2400,2022-05-29 09:29:39
watch,Seventh Neighbor,1,38,2400,2022-05-29 09:29:39
watch,Seventh Neighbor,1,10,2400,2022-05-29 09:29:39
watch,Seventh Neighbor,1,39,2400,2022-05-29 09:29:39
watch,Seventh Neighbor,2,11,2400,2022-05-29 09:29:39
watch,Seventh Neighbor,1,2,2400,2022-05-29 09:29:39
watch,Seventh Neighbor,2,13,2400,2022-05-29 09:29:39
watch,Seventh Neighbor,1,42,2400,2022-05-29 09:29:39
watch,Seventh Neighbor,1,18,2400,2022-05-29 09:29:39
watch,Seventh Neighbor,1,25,2400,2022-05-29 09:29:39
watch,Seventh Neighbor,1,36,2400,2022-05-29 09:29:39
watch,Seventh Neighbor,1,35,2400,2022-05-29 09:29:39
watch,Seventh Neighbor,2,18,2400,2022-05-29 09:29:39
watch,Seventh Neighbor,2,10,2400,2022-05-29 09:29:39
watch,Seventh Neighbor,2,19,2400,2022-05-29 09:29:39
watch,Seventh Neighbor,1,23,2400,2022-05-29 09:29:39
watch,Seventh Neighbor,1,27,2400,2022-05-29 09:29:39
watch,Seventh Neighbor,1,31,2400,2022-05-29 09:29:39
watch,Seventh Neighbor,2,16,2400,2022-05-29 09:29:39
watch,Seventh Neighbor,2,20,2400,2022-05-29 09:29:39
watch,Seventh Neighbor,2,1,2400,2022-05-29 09:29:39
watch,Seventh Neighbor,1,17,2400,2022-05-29 09:29:39
watch,Seventh Neighbor,1,37,2400,2022-05-29 09:29:39
watch,Seventh Neighbor,1,6,2400,2022-05-29 09:29:39
watch,Seventh Neighbor,1,30,2400,2022-05-29 09:29:39
watch,Seventh Neighbor,2,2,2400,2022-05-29 09:29:39
watch,Seventh Neighbor,2,4,2400,2022-05-29 09:29:39
watch,Seventh Neighbor,1,15,2400,2022-05-29 09:29:39
watch,Seventh Neighbor,2,17,2400,2022-05-29 09:29:39
watch,Seventh Neighbor,1,45,2400,2022-05-29 09:29:39
watch,Seventh Neighbor,1,41,2400,2022-05-29 09:29:39
watch,Seventh Neighbor,1,26,2400,2022-05-29 09:29:39
watch,Seventh Neighbor,1,46,2400,2022-05-29 09:29:39
watch,Seventh Neighbor,1,21,2400,2022-05-29 09:29:39
watch,Seventh Neighbor,1,7,2400,2022-05-29 09:29:39
watch,Seventh Neighbor,1,16,2400,2022-05-29 09:29:39
watch,Seventh Neighbor,1,12,2400,2022-05-29 09:29:39
watch,Seventh Neighbor,1,34,2400,2022-05-29 09:29:39
watch,Seventh Neighbor,2,3,2400,2022-05-29 09:29:39
watch,Marvel Zombies,1,4,1860,2026-03-17 04:35:49
watch,Marvel Zombies,1,1,1860,2026-03-17 02:31:39
watch,Marvel Zombies,1,2,1860,2026-03-17 04:35:42
watch,Marvel Zombies,1,3,1860,2026-03-17 04:35:46
watch,WandaVision,1,4,2160,2025-03-22 18:54:18
watch,WandaVision,1,1,2160,2025-03-19 23:53:15
watch,WandaVision,1,6,2160,2025-03-22 19:23:39
watch,WandaVision,1,9,2160,2025-03-22 19:23:52
watch,WandaVision,1,5,2160,2025-03-22 18:58:18
watch,WandaVision,1,8,2160,2025-03-22 19:23:48
watch,WandaVision,1,3,2160,2025-03-20 22:09:59
watch,WandaVision,1,7,2160,2025-03-22 19:23:45
watch,WandaVision,1,2,2160,2025-03-20 22:07:44
watch,Hekayet Narges,1,9,2400,2026-03-22 23:34:20
watch,Hekayet Narges,1,8,2400,2026-03-22 23:34:20
watch,Hekayet Narges,1,15,2400,2026-04-07 18:55:43
watch,Hekayet Narges,1,12,2400,2026-03-22 23:34:20
watch,Hekayet Narges,1,2,2400,2026-03-22 23:34:20
watch,Hekayet Narges,1,1,2400,2026-03-22 23:34:20
watch,Hekayet Narges,1,5,2400,2026-03-22 23:34:20
watch,Hekayet Narges,1,4,2400,2026-03-22 23:34:20
watch,Hekayet Narges,1,7,2400,2026-03-22 23:34:20
watch,Hekayet Narges,1,3,2400,2026-03-22 23:34:20
watch,Hekayet Narges,1,14,2400,2026-03-22 23:34:20
watch,Hekayet Narges,1,10,2400,2026-03-22 23:34:20
watch,Hekayet Narges,1,6,2400,2026-03-22 23:34:20
watch,Hekayet Narges,1,11,2400,2026-03-22 23:34:20
watch,Hekayet Narges,1,13,2400,2026-03-22 23:34:20
watch,The Powerpuff Girls,2,20,780,2023-06-06 15:49:07
watch,The Powerpuff Girls,6,5,780,2023-06-06 15:49:07
watch,The Powerpuff Girls,6,27,780,2023-06-06 15:49:07
watch,The Powerpuff Girls,2,10,780,2023-06-06 15:49:07
watch,The Powerpuff Girls,3,21,780,2023-06-06 15:49:07
watch,The Powerpuff Girls,3,15,780,2023-06-06 15:49:07
watch,The Powerpuff Girls,4,7,780,2023-06-06 15:49:07
watch,The Powerpuff Girls,3,20,780,2023-06-06 15:49:07
watch,The Powerpuff Girls,3,3,780,2023-06-06 15:49:07
watch,The Powerpuff Girls,1,14,780,2023-06-06 15:49:07
watch,The Powerpuff Girls,2,11,780,2023-06-06 15:49:07
watch,The Powerpuff Girls,5,4,780,2023-06-06 15:49:07
watch,The Powerpuff Girls,3,1,780,2023-06-06 15:49:07
watch,The Powerpuff Girls,3,11,780,2023-06-06 15:49:07
watch,The Powerpuff Girls,2,2,780,2023-06-06 15:49:07
watch,The Powerpuff Girls,5,11,780,2023-06-06 15:49:07
watch,The Powerpuff Girls,4,3,780,2023-06-06 15:49:07
watch,The Powerpuff Girls,6,18,780,2023-06-06 15:49:07
watch,The Powerpuff Girls,2,5,780,2023-06-06 15:49:07
watch,The Powerpuff Girls,5,15,780,2023-06-06 15:49:07
watch,The Powerpuff Girls,1,16,780,2023-06-06 15:49:07
watch,The Powerpuff Girls,5,18,780,2023-06-06 15:49:07
watch,The Powerpuff Girls,6,12,780,2023-06-06 15:49:07
watch,The Powerpuff Girls,2,21,780,2023-06-06 15:49:07
watch,The Powerpuff Girls,1,19,780,2023-06-06 15:49:07
watch,The Powerpuff Girls,1,8,780,2023-06-06 15:49:07
watch,The Powerpuff Girls,5,6,780,2023-06-06 15:49:07
watch,The Powerpuff Girls,5,16,780,2023-06-06 15:49:07
watch,The Powerpuff Girls,6,19,780,2023-06-06 15:49:07
watch,The Powerpuff Girls,2,17,780,2023-06-06 15:49:07
watch,The Powerpuff Girls,2,12,780,2023-06-06 15:49:07
watch,The Powerpuff Girls,5,22,780,2023-06-06 15:49:07
watch,The Powerpuff Girls,1,18,780,2023-06-06 15:49:07
watch,The Powerpuff Girls,6,20,780,2023-06-06 15:49:07
watch,The Powerpuff Girls,1,6,780,2023-06-06 15:49:07
watch,The Powerpuff Girls,1,22,780,2023-06-06 15:49:07
watch,The Powerpuff Girls,1,17,780,2023-06-06 15:49:07
watch,The Powerpuff Girls,3,16,780,2023-06-06 15:49:07
watch,The Powerpuff Girls,6,16,780,2023-06-06 15:49:07
watch,The Powerpuff Girls,6,3,780,2023-06-06 15:49:07
watch,The Powerpuff Girls,1,11,780,2023-06-06 15:49:07
watch,The Powerpuff Girls,2,23,780,2023-06-06 15:49:07
watch,The Powerpuff Girls,4,4,780,2023-06-06 15:49:07
watch,The Powerpuff Girls,1,1,780,2023-06-06 15:49:07
watch,The Powerpuff Girls,6,26,780,2023-06-06 15:49:07
watch,The Powerpuff Girls,1,20,780,2023-06-06 15:49:07
watch,The Powerpuff Girls,4,11,780,2023-06-06 15:49:07
watch,The Powerpuff Girls,3,6,780,2023-06-06 15:49:07
watch,The Powerpuff Girls,1,13,780,2023-06-06 15:49:07
watch,The Powerpuff Girls,3,4,780,2023-06-06 15:49:07
watch,The Powerpuff Girls,5,14,780,2023-06-06 15:49:07
watch,The Powerpuff Girls,6,23,780,2023-06-06 15:49:07
watch,The Powerpuff Girls,1,7,780,2023-06-06 15:49:07
watch,The Powerpuff Girls,2,8,780,2023-06-06 15:49:07
watch,The Powerpuff Girls,1,21,780,2023-06-06 15:49:07
watch,The Powerpuff Girls,6,22,780,2023-06-06 15:49:07
watch,The Powerpuff Girls,2,16,780,2023-06-06 15:49:07
watch,The Powerpuff Girls,5,9,780,2023-06-06 15:49:07
watch,The Powerpuff Girls,2,18,780,2023-06-06 15:49:07
watch,The Powerpuff Girls,5,5,780,2023-06-06 15:49:07
watch,The Powerpuff Girls,3,12,780,2023-06-06 15:49:07
watch,The Powerpuff Girls,4,8,780,2023-06-06 15:49:07
watch,The Powerpuff Girls,5,1,780,2023-06-06 15:49:07
watch,The Powerpuff Girls,3,17,780,2023-06-06 15:49:07
watch,The Powerpuff Girls,5,12,780,2023-06-06 15:49:07
watch,The Powerpuff Girls,6,15,780,2023-06-06 15:49:07
watch,The Powerpuff Girls,5,3,780,2023-06-06 15:49:07
watch,The Powerpuff Girls,2,6,780,2023-06-06 15:49:07
watch,The Powerpuff Girls,5,10,780,2023-06-06 15:49:07
watch,The Powerpuff Girls,6,4,780,2023-06-06 15:49:07
watch,The Powerpuff Girls,2,3,780,2023-06-06 15:49:07
watch,The Powerpuff Girls,2,1,780,2023-06-06 15:49:07
watch,The Powerpuff Girls,4,12,780,2023-06-06 15:49:07
watch,The Powerpuff Girls,2,24,780,2023-06-06 15:49:07
watch,The Powerpuff Girls,3,18,780,2023-06-06 15:49:07
watch,The Powerpuff Girls,1,23,780,2023-06-06 15:49:07
watch,The Powerpuff Girls,5,17,780,2023-06-06 15:49:07
watch,The Powerpuff Girls,4,1,780,2023-06-06 15:49:07
watch,The Powerpuff Girls,3,24,780,2023-06-06 15:49:07
watch,The Powerpuff Girls,6,1,780,2023-06-06 15:49:07
watch,The Powerpuff Girls,1,9,780,2023-06-06 15:49:07
watch,The Powerpuff Girls,3,22,780,2023-06-06 15:49:07
watch,The Powerpuff Girls,2,9,780,2023-06-06 15:49:07
watch,The Powerpuff Girls,2,15,780,2023-06-06 15:49:07
watch,The Powerpuff Girls,2,26,780,2023-06-06 15:49:07
watch,The Powerpuff Girls,6,17,780,2023-06-06 15:49:07
watch,The Powerpuff Girls,3,19,780,2023-06-06 15:49:07
watch,The Powerpuff Girls,3,7,780,2023-06-06 15:49:07
watch,The Powerpuff Girls,6,8,780,2023-06-06 15:49:07
watch,The Powerpuff Girls,6,25,780,2023-06-06 15:49:07
watch,The Powerpuff Girls,5,8,780,2023-06-06 15:49:07
watch,The Powerpuff Girls,2,25,780,2023-06-06 15:49:07
watch,The Powerpuff Girls,5,13,780,2023-06-06 15:49:07
watch,The Powerpuff Girls,4,5,780,2023-06-06 15:49:07
watch,The Powerpuff Girls,1,12,780,2023-06-06 15:49:07
watch,The Powerpuff Girls,4,13,780,2023-06-06 15:49:07
watch,The Powerpuff Girls,6,9,780,2023-06-06 15:49:07
watch,The Powerpuff Girls,2,14,780,2023-06-06 15:49:07
watch,The Powerpuff Girls,4,6,780,2023-06-06 15:49:07
watch,The Powerpuff Girls,4,2,780,2023-06-06 15:49:07
watch,The Powerpuff Girls,4,10,780,2023-06-06 15:49:07
watch,The Powerpuff Girls,1,5,780,2023-06-06 15:49:07
watch,The Powerpuff Girls,2,22,780,2023-06-06 15:49:07
watch,The Powerpuff Girls,3,9,780,2023-06-06 15:49:07
watch,The Powerpuff Girls,6,13,780,2023-06-06 15:49:07
watch,The Powerpuff Girls,3,23,780,2023-06-06 15:49:07
watch,The Powerpuff Girls,3,13,780,2023-06-06 15:49:07
watch,The Powerpuff Girls,6,24,780,2023-06-06 15:49:07
watch,The Powerpuff Girls,6,10,780,2023-06-06 15:49:07
watch,The Powerpuff Girls,6,7,780,2023-06-06 15:49:07
watch,The Powerpuff Girls,5,7,780,2023-06-06 15:49:07
watch,The Powerpuff Girls,6,11,780,2023-06-06 15:49:07
watch,The Powerpuff Girls,1,15,780,2023-06-06 15:49:07
watch,The Powerpuff Girls,1,4,780,2023-06-06 15:49:07
watch,The Powerpuff Girls,3,10,780,2023-06-06 15:49:07
watch,The Powerpuff Girls,6,14,780,2023-06-06 15:49:07
watch,The Powerpuff Girls,6,2,780,2023-06-06 15:49:07
watch,The Powerpuff Girls,3,5,780,2023-06-06 15:49:07
watch,The Powerpuff Girls,1,2,780,2023-06-06 15:49:07
watch,The Powerpuff Girls,3,2,780,2023-06-06 15:49:07
watch,The Powerpuff Girls,1,24,780,2023-06-06 15:49:07
watch,The Powerpuff Girls,6,21,780,2023-06-06 15:49:07
watch,The Powerpuff Girls,2,7,780,2023-06-06 15:49:07
watch,The Powerpuff Girls,3,8,780,2023-06-06 15:49:07
watch,The Powerpuff Girls,5,19,780,2023-06-06 15:49:07
watch,The Powerpuff Girls,1,3,780,2023-06-06 15:49:07
watch,The Powerpuff Girls,6,6,780,2023-06-06 15:49:07
watch,The Powerpuff Girls,5,20,780,2023-06-06 15:49:07
watch,The Powerpuff Girls,2,4,780,2023-06-06 15:49:07
watch,The Powerpuff Girls,2,19,780,2023-06-06 15:49:07
watch,The Powerpuff Girls,4,9,780,2023-06-06 15:49:07
watch,The Powerpuff Girls,2,13,780,2023-06-06 15:49:07
watch,The Powerpuff Girls,1,10,780,2023-06-06 15:49:07
watch,The Powerpuff Girls,3,14,780,2023-06-06 15:49:07
watch,The Powerpuff Girls,5,21,780,2023-06-06 15:49:07
watch,Ein Sehreya,1,5,2700,2026-02-23 20:30:49
watch,Ein Sehreya,1,8,2520,2026-03-03 21:31:28
watch,Ein Sehreya,1,9,2520,2026-03-03 21:31:28
watch,Ein Sehreya,1,3,2700,2026-02-20 22:01:57
watch,Ein Sehreya,1,13,2520,2026-03-03 21:31:28
watch,Ein Sehreya,1,11,2520,2026-03-03 21:31:28
watch,Ein Sehreya,1,6,2700,2026-02-23 20:31:36
watch,Ein Sehreya,1,12,2520,2026-03-03 21:31:28
watch,Ein Sehreya,1,7,2640,2026-02-25 03:31:34
watch,Ein Sehreya,1,4,2700,2026-02-22 14:14:52
watch,Ein Sehreya,1,2,2700,2026-02-20 21:58:53
watch,Ein Sehreya,1,15,2580,2026-03-04 21:10:37
watch,Ein Sehreya,1,1,2700,2026-02-20 19:34:36
watch,Ein Sehreya,1,10,2520,2026-03-03 21:31:28
watch,Ein Sehreya,1,14,2520,2026-03-03 21:31:28
watch,Naguib Zahi Zarkash,1,3,2400,2022-05-29 09:26:31
watch,Naguib Zahi Zarkash,1,26,2400,2022-05-29 09:26:31
watch,Naguib Zahi Zarkash,1,18,2400,2022-05-29 09:26:31
watch,Naguib Zahi Zarkash,1,21,2400,2022-05-29 09:26:31
watch,Naguib Zahi Zarkash,1,19,2400,2022-05-29 09:26:31
watch,Naguib Zahi Zarkash,1,29,2400,2022-05-29 09:26:31
watch,Naguib Zahi Zarkash,1,6,2400,2022-05-29 09:26:31
watch,Naguib Zahi Zarkash,1,8,2400,2022-05-29 09:26:31
watch,Naguib Zahi Zarkash,1,4,2400,2022-05-29 09:26:31
watch,Naguib Zahi Zarkash,1,20,2400,2022-05-29 09:26:31
watch,Naguib Zahi Zarkash,1,16,2400,2022-05-29 09:26:31
watch,Naguib Zahi Zarkash,1,11,2400,2022-05-29 09:26:31
watch,Naguib Zahi Zarkash,1,14,2400,2022-05-29 09:26:31
watch,Naguib Zahi Zarkash,1,28,2400,2022-05-29 09:26:31
watch,Naguib Zahi Zarkash,1,25,2400,2022-05-29 09:26:31
watch,Naguib Zahi Zarkash,1,12,2400,2022-05-29 09:26:31
watch,Naguib Zahi Zarkash,1,10,2400,2022-05-29 09:26:31
watch,Naguib Zahi Zarkash,1,23,2400,2022-05-29 09:26:31
watch,Naguib Zahi Zarkash,1,22,2400,2022-05-29 09:26:31
watch,Naguib Zahi Zarkash,1,2,2400,2022-05-29 09:26:31
watch,Naguib Zahi Zarkash,1,27,2400,2022-05-29 09:26:31
watch,Naguib Zahi Zarkash,1,9,2400,2022-05-29 09:26:31
watch,Naguib Zahi Zarkash,1,17,2400,2022-05-29 09:26:31
watch,Naguib Zahi Zarkash,1,5,2400,2022-05-29 09:26:31
watch,Naguib Zahi Zarkash,1,13,2400,2022-05-29 09:26:31
watch,Naguib Zahi Zarkash,1,24,2400,2022-05-29 09:26:31
watch,Naguib Zahi Zarkash,1,7,2400,2022-05-29 09:26:31
watch,Naguib Zahi Zarkash,1,1,2400,2022-05-29 09:26:31
watch,Naguib Zahi Zarkash,1,15,2400,2022-05-29 09:26:31
watch,Naguib Zahi Zarkash,1,30,2400,2022-05-29 09:26:31
watch,Joys of the Dome,1,10,2400,2026-06-30 16:52:40
watch,Joys of the Dome,1,11,2400,2026-06-30 16:52:40
watch,Joys of the Dome,1,1,2400,2026-06-30 16:52:40
watch,Joys of the Dome,1,4,2400,2026-06-30 16:52:40
watch,Joys of the Dome,1,6,2400,2026-06-30 16:52:40
watch,Joys of the Dome,1,8,2400,2026-06-30 16:52:40
watch,Joys of the Dome,1,2,2400,2026-06-30 16:52:40
watch,Joys of the Dome,1,3,2400,2026-06-30 16:52:40
watch,Joys of the Dome,1,12,2400,2026-06-30 16:52:40
watch,Joys of the Dome,1,9,2400,2026-06-30 16:52:40
watch,Joys of the Dome,1,5,2400,2026-06-30 16:52:40
watch,Joys of the Dome,1,7,2400,2026-06-30 16:52:40
watch,My Sisters,1,15,2160,2025-03-25 00:35:00
watch,My Sisters,1,12,2160,2025-03-25 00:35:00
watch,My Sisters,1,14,2160,2025-03-25 00:35:00
watch,My Sisters,1,8,2160,2025-03-25 00:35:00
watch,My Sisters,1,4,2160,2025-03-25 00:35:00
watch,My Sisters,1,10,2160,2025-03-25 00:35:00
watch,My Sisters,1,2,2160,2025-03-25 00:35:00
watch,My Sisters,1,7,2160,2025-03-25 00:35:00
watch,My Sisters,1,1,2160,2025-03-25 00:35:00
watch,My Sisters,1,11,2160,2025-03-25 00:35:00
watch,My Sisters,1,6,2160,2025-03-25 00:35:00
watch,My Sisters,1,5,2160,2025-03-25 00:35:00
watch,My Sisters,1,13,2160,2025-03-25 00:35:00
watch,My Sisters,1,9,2160,2025-03-25 00:35:00
watch,My Sisters,1,3,2160,2025-03-25 00:35:00
watch,Regular Show,5,25,660,2025-05-24 08:34:57
watch,Regular Show,3,21,660,2025-05-24 08:34:57
watch,Regular Show,8,4,660,2025-05-24 08:34:57
watch,Regular Show,4,23,660,2025-05-24 08:34:57
watch,Regular Show,8,17,660,2025-05-24 08:34:57
watch,Regular Show,2,2,660,2025-05-24 08:34:57
watch,Regular Show,3,26,660,2025-05-24 08:34:57
watch,Regular Show,3,25,660,2025-05-24 08:34:57
watch,Regular Show,8,19,660,2025-05-24 08:34:57
watch,Regular Show,3,13,660,2025-05-24 08:34:57
watch,Regular Show,4,18,660,2025-05-24 08:34:57
watch,Regular Show,3,39,660,2025-05-24 08:34:57
watch,Regular Show,5,5,660,2025-05-24 08:34:57
watch,Regular Show,2,24,660,2025-05-24 08:34:57
watch,Regular Show,5,1,660,2025-05-24 08:34:57
watch,Regular Show,6,11,660,2025-05-24 08:34:57
watch,Regular Show,6,26,660,2025-05-24 08:34:57
watch,Regular Show,3,36,660,2025-05-24 08:34:57
watch,Regular Show,6,16,660,2025-05-24 08:34:57
watch,Regular Show,4,31,660,2025-05-24 08:34:57
watch,Regular Show,3,35,660,2025-05-24 08:34:57
watch,Regular Show,7,14,660,2025-05-24 08:34:57
watch,Regular Show,1,9,660,2025-05-24 08:34:57
watch,Regular Show,8,28,660,2025-05-24 08:34:57
watch,Regular Show,4,15,660,2025-05-24 08:34:57
watch,Regular Show,4,5,660,2025-05-24 08:34:57
watch,Regular Show,2,10,660,2025-05-24 08:34:57
watch,Regular Show,8,3,660,2025-05-24 08:34:57
watch,Regular Show,4,30,660,2025-05-24 08:34:57
watch,Regular Show,1,8,660,2025-05-24 08:34:57
watch,Regular Show,0,3,660,2025-05-24 08:34:57
watch,Regular Show,7,21,660,2025-05-24 08:34:57
watch,Regular Show,4,28,660,2025-05-24 08:34:57
watch,Regular Show,2,8,660,2025-05-24 08:34:57
watch,Regular Show,4,37,660,2025-05-24 08:34:57
watch,Regular Show,4,14,660,2025-05-24 08:34:57
watch,Regular Show,6,12,660,2025-05-24 08:34:57
watch,Regular Show,7,3,660,2025-05-24 08:34:57
watch,Regular Show,7,8,660,2025-05-24 08:34:57
watch,Regular Show,2,9,660,2025-05-24 08:34:57
watch,Regular Show,3,8,660,2025-05-24 08:34:57
watch,Regular Show,6,21,660,2025-05-24 08:34:57
watch,Regular Show,5,35,660,2025-05-24 08:34:57
watch,Regular Show,4,1,660,2025-05-24 08:34:57
watch,Regular Show,2,1,660,2025-05-24 08:34:57
watch,Regular Show,2,17,660,2025-05-24 08:34:57
watch,Regular Show,6,20,660,2025-05-24 08:34:57
watch,Regular Show,3,3,660,2025-05-24 08:34:57
watch,Regular Show,8,23,660,2025-05-24 08:34:57
watch,Regular Show,2,14,660,2025-05-24 08:34:57
watch,Regular Show,7,29,660,2025-05-24 08:34:57
watch,Regular Show,6,8,660,2025-05-24 08:34:57
watch,Regular Show,7,25,660,2025-05-24 08:34:57
watch,Regular Show,5,3,660,2025-05-24 08:34:57
watch,Regular Show,4,13,660,2025-05-24 08:34:57
watch,Regular Show,7,26,660,2025-05-24 08:34:57
watch,Regular Show,8,2,660,2025-05-24 08:34:57
watch,Regular Show,8,9,660,2025-05-24 08:34:57
watch,Regular Show,1,6,660,2025-05-24 08:34:57
watch,Regular Show,5,28,660,2025-05-24 08:34:57
watch,Regular Show,8,12,660,2025-05-24 08:34:57
watch,Regular Show,4,20,660,2025-05-24 08:34:57
watch,Regular Show,4,16,660,2025-05-24 08:34:57
watch,Regular Show,6,5,660,2025-05-24 08:34:57
watch,Regular Show,8,10,660,2025-05-24 08:34:57
watch,Regular Show,1,11,660,2025-05-24 08:34:57
watch,Regular Show,3,2,660,2025-05-24 08:34:57
watch,Regular Show,5,7,660,2025-05-24 08:34:57
watch,Regular Show,2,23,660,2025-05-24 08:34:57
watch,Regular Show,8,14,660,2025-05-24 08:34:57
watch,Regular Show,6,22,660,2025-05-24 08:34:57
watch,Regular Show,6,2,660,2025-05-24 08:34:57
watch,Regular Show,5,34,660,2025-05-24 08:34:57
watch,Regular Show,4,10,660,2025-05-24 08:34:57
watch,Regular Show,2,28,660,2025-05-24 08:34:57
watch,Regular Show,3,27,660,2025-05-24 08:34:57
watch,Regular Show,4,32,660,2025-05-24 08:34:57
watch,Regular Show,8,15,660,2025-05-24 08:34:57
watch,Regular Show,4,25,660,2025-05-24 08:34:57
watch,Regular Show,5,21,660,2025-05-24 08:34:57
watch,Regular Show,7,28,660,2025-05-24 08:34:57
watch,Regular Show,7,19,660,2025-05-24 08:34:57
watch,Regular Show,7,15,660,2025-05-24 08:34:57
watch,Regular Show,5,4,660,2025-05-24 08:34:57
watch,Regular Show,7,33,660,2025-05-24 08:34:57
watch,Regular Show,3,12,660,2025-05-24 08:34:57
watch,Regular Show,3,1,660,2025-05-24 08:34:57
watch,Regular Show,5,24,660,2025-05-24 08:34:57
watch,Regular Show,2,4,660,2025-05-24 08:34:57
watch,Regular Show,7,6,660,2025-05-24 08:34:57
watch,Regular Show,4,26,660,2025-05-24 08:34:57
watch,Regular Show,3,29,660,2025-05-24 08:34:57
watch,Regular Show,8,27,660,2025-05-24 08:34:57
watch,Regular Show,8,13,660,2025-05-24 08:34:57
watch,Regular Show,7,16,660,2025-05-24 08:34:57
watch,Regular Show,5,13,660,2025-05-24 08:34:57
watch,Regular Show,3,24,660,2025-05-24 08:34:57
watch,Regular Show,3,28,660,2025-05-24 08:34:57
watch,Regular Show,5,14,660,2025-05-24 08:34:57
watch,Regular Show,5,36,660,2025-05-24 08:34:57
watch,Regular Show,6,18,660,2025-05-24 08:34:57
watch,Regular Show,3,34,660,2025-05-24 08:34:57
watch,Regular Show,8,6,660,2025-05-24 08:34:57
watch,Regular Show,7,1,660,2025-05-24 08:34:57
watch,Regular Show,2,15,660,2025-05-24 08:34:57
watch,Regular Show,5,23,660,2025-05-24 08:34:57
watch,Regular Show,7,30,660,2025-05-24 08:34:57
watch,Regular Show,8,24,660,2025-05-24 08:34:57
watch,Regular Show,2,3,660,2025-05-24 08:34:57
watch,Regular Show,6,19,660,2025-05-24 08:34:57
watch,Regular Show,3,17,660,2025-05-24 08:34:57
watch,Regular Show,7,18,660,2025-05-24 08:34:57
watch,Regular Show,5,15,660,2025-05-24 08:34:57
watch,Regular Show,6,9,660,2025-05-24 08:34:57
watch,Regular Show,7,35,660,2025-05-24 08:34:57
watch,Regular Show,7,9,660,2025-05-24 08:34:57
watch,Regular Show,5,8,660,2025-05-24 08:34:57
watch,Regular Show,4,22,660,2025-05-24 08:34:57
watch,Regular Show,5,22,660,2025-05-24 08:34:57
watch,Regular Show,2,5,660,2025-05-24 08:34:57
watch,Regular Show,1,7,660,2025-05-24 08:34:57
watch,Regular Show,7,13,660,2025-05-24 08:34:57
watch,Regular Show,3,22,660,2025-05-24 08:34:57
watch,Regular Show,5,37,660,2025-05-24 08:34:57
watch,Regular Show,3,15,660,2025-05-24 08:34:57
watch,Regular Show,6,15,660,2025-05-24 08:34:57
watch,Regular Show,8,1,660,2025-05-24 08:34:57
watch,Regular Show,6,17,660,2025-05-24 08:34:57
watch,Regular Show,4,12,660,2025-05-24 08:34:57
watch,Regular Show,5,31,660,2025-05-24 08:34:57
watch,Regular Show,2,16,660,2025-05-24 08:34:57
watch,Regular Show,8,22,660,2025-05-24 08:34:57
watch,Regular Show,7,23,660,2025-05-24 08:34:57
watch,Regular Show,7,22,660,2025-05-24 08:34:57
watch,Regular Show,6,1,660,2025-05-24 08:34:57
watch,Regular Show,5,9,660,2025-05-24 08:34:57
watch,Regular Show,3,31,660,2025-05-24 08:34:57
watch,Regular Show,6,27,660,2025-05-24 08:34:57
watch,Regular Show,3,10,660,2025-05-24 08:34:57
watch,Regular Show,5,29,660,2025-05-24 08:34:57
watch,Regular Show,2,18,660,2025-05-24 08:34:57
watch,Regular Show,4,2,660,2025-05-24 08:34:57
watch,Regular Show,8,20,660,2025-05-24 08:34:57
watch,Regular Show,6,3,660,2025-05-24 08:34:57
watch,Regular Show,4,27,660,2025-05-24 08:34:57
watch,Regular Show,8,25,660,2025-05-24 08:34:57
watch,Regular Show,3,23,660,2025-05-24 08:34:57
watch,Regular Show,8,16,660,2025-05-24 08:34:57
watch,Regular Show,3,9,660,2025-05-24 08:34:57
watch,Regular Show,7,2,660,2025-05-24 08:34:57
watch,Regular Show,6,6,660,2025-05-24 08:34:57
watch,Regular Show,7,32,660,2025-05-24 08:34:57
watch,Regular Show,5,10,660,2025-05-24 08:34:57
watch,Regular Show,7,34,660,2025-05-24 08:34:57
watch,Regular Show,7,36,660,2025-05-24 08:34:57
watch,Regular Show,3,5,660,2025-05-24 08:34:57
watch,Regular Show,2,26,660,2025-05-24 08:34:57
watch,Regular Show,4,24,660,2025-05-24 08:34:57
watch,Regular Show,7,4,660,2025-05-24 08:34:57
watch,Regular Show,3,6,660,2025-05-24 08:34:57
watch,Regular Show,2,7,660,2025-05-24 08:34:57
watch,Regular Show,0,4,660,2025-05-24 08:34:57
watch,Regular Show,3,30,660,2025-05-24 08:34:57
watch,Regular Show,4,11,660,2025-05-24 08:34:57
watch,Regular Show,7,10,660,2025-05-24 08:34:57
watch,Regular Show,8,5,660,2025-05-24 08:34:57
watch,Regular Show,4,21,660,2025-05-24 08:34:57
watch,Regular Show,3,32,660,2025-05-24 08:34:57
watch,Regular Show,4,29,660,2025-05-24 08:34:57
watch,Regular Show,6,13,660,2025-05-24 08:34:57
watch,Regular Show,6,4,660,2025-05-24 08:34:57
watch,Regular Show,2,21,660,2025-05-24 08:34:57
watch,Regular Show,1,3,660,2025-05-24 08:34:57
watch,Regular Show,3,33,660,2025-05-24 08:34:57
watch,Regular Show,7,20,660,2025-05-24 08:34:57
watch,Regular Show,5,12,660,2025-05-24 08:34:57
watch,Regular Show,2,20,660,2025-05-24 08:34:57
watch,Regular Show,1,12,660,2025-05-24 08:34:57
watch,Regular Show,6,7,660,2025-05-24 08:34:57
watch,Regular Show,6,10,660,2025-05-24 08:34:57
watch,Regular Show,3,11,660,2025-05-24 08:34:57
watch,Regular Show,2,25,660,2025-05-24 08:34:57
watch,Regular Show,4,19,660,2025-05-24 08:34:57
watch,Regular Show,7,27,660,2025-05-24 08:34:57
watch,Regular Show,7,31,660,2025-05-24 08:34:57
watch,Regular Show,2,6,660,2025-05-24 08:34:57
watch,Regular Show,5,2,660,2025-05-24 08:34:57
watch,Regular Show,4,33,660,2025-05-24 08:34:57
watch,Regular Show,3,20,660,2025-05-24 08:34:57
watch,Regular Show,2,13,660,2025-05-24 08:34:57
watch,Regular Show,3,16,660,2025-05-24 08:34:57
watch,Regular Show,5,6,660,2025-05-24 08:34:57
watch,Regular Show,3,38,660,2025-05-24 08:34:57
watch,Regular Show,6,28,660,2025-05-24 08:34:57
watch,Regular Show,2,12,660,2025-05-24 08:34:57
watch,Regular Show,5,17,660,2025-05-24 08:34:57
watch,Regular Show,1,2,660,2025-05-24 08:34:57
watch,Regular Show,8,21,660,2025-05-24 08:34:57
watch,Regular Show,7,24,660,2025-05-24 08:34:57
watch,Regular Show,1,4,660,2025-05-24 08:34:57
watch,Regular Show,5,16,660,2025-05-24 08:34:57
watch,Regular Show,5,33,660,2025-05-24 08:34:57
watch,Regular Show,4,34,660,2025-05-24 08:34:57
watch,Regular Show,1,5,660,2025-05-24 08:34:57
watch,Regular Show,5,32,660,2025-05-24 08:34:57
watch,Regular Show,2,27,660,2025-05-24 08:34:57
watch,Regular Show,3,14,660,2025-05-24 08:34:57
watch,Regular Show,6,14,660,2025-05-24 08:34:57
watch,Regular Show,3,18,660,2025-05-24 08:34:57
watch,Regular Show,4,6,660,2025-05-24 08:34:57
watch,Regular Show,8,8,660,2025-05-24 08:34:57
watch,Regular Show,7,12,660,2025-05-24 08:34:57
watch,Regular Show,5,26,660,2025-05-24 08:34:57
watch,Regular Show,7,11,660,2025-05-24 08:34:57
watch,Regular Show,4,36,660,2025-05-24 08:34:57
watch,Regular Show,6,25,660,2025-05-24 08:34:57
watch,Regular Show,6,24,660,2025-05-24 08:34:57
watch,Regular Show,5,11,660,2025-05-24 08:34:57
watch,Regular Show,4,17,660,2025-05-24 08:34:57
watch,Regular Show,8,11,660,2025-05-24 08:34:57
watch,Regular Show,3,37,660,2025-05-24 08:34:57
watch,Regular Show,1,1,660,2025-05-24 08:34:57
watch,Regular Show,2,19,660,2025-05-24 08:34:57
watch,Regular Show,1,10,660,2025-05-24 08:34:57
watch,Regular Show,5,27,660,2025-05-24 08:34:57
watch,Regular Show,7,7,660,2025-05-24 08:34:57
watch,Regular Show,3,19,660,2025-05-24 08:34:57
watch,Regular Show,6,23,660,2025-05-24 08:34:57
watch,Regular Show,5,19,660,2025-05-24 08:34:57
watch,Regular Show,8,7,660,2025-05-24 08:34:57
watch,Regular Show,4,35,660,2025-05-24 08:34:57
watch,Regular Show,4,9,660,2025-05-24 08:34:57
watch,Regular Show,4,7,660,2025-05-24 08:34:57
watch,Regular Show,2,22,660,2025-05-24 08:34:57
watch,Regular Show,8,18,660,2025-05-24 08:34:57
watch,Regular Show,5,30,660,2025-05-24 08:34:57
watch,Regular Show,7,5,660,2025-05-24 08:34:57
watch,Regular Show,8,26,660,2025-05-24 08:34:57
watch,Regular Show,4,8,660,2025-05-24 08:34:57
watch,Regular Show,4,4,660,2025-05-24 08:34:57
watch,Regular Show,7,17,660,2025-05-24 08:34:57
watch,Regular Show,5,18,660,2025-05-24 08:34:57
watch,Regular Show,5,20,660,2025-05-24 08:34:57
watch,Regular Show,3,7,660,2025-05-24 08:34:57
watch,Regular Show,2,11,660,2025-05-24 08:34:57
watch,Avatar: The Last Airbender,2,9,1440,2025-06-12 11:53:46
watch,Avatar: The Last Airbender,2,1,1440,2025-06-12 11:53:46
watch,Avatar: The Last Airbender,2,20,1440,2025-06-17 07:56:04
watch,Avatar: The Last Airbender,3,5,1440,2025-06-17 07:56:39
watch,Avatar: The Last Airbender,3,11,1440,2025-06-18 12:45:23
watch,Avatar: The Last Airbender,2,11,1440,2025-06-12 11:53:46
watch,Avatar: The Last Airbender,1,7,1440,2025-06-10 16:30:07
watch,Avatar: The Last Airbender,2,15,1440,2025-06-13 21:20:26
watch,Avatar: The Last Airbender,3,1,1440,2025-06-17 07:56:24
watch,Avatar: The Last Airbender,3,15,1440,2025-06-20 11:55:53
watch,Avatar: The Last Airbender,2,18,1440,2025-06-13 21:20:32
watch,Avatar: The Last Airbender,1,6,1440,2025-06-10 16:30:07
watch,Avatar: The Last Airbender,2,16,1440,2025-06-13 21:20:28
watch,Avatar: The Last Airbender,3,7,1440,2025-06-20 11:55:34
watch,Avatar: The Last Airbender,1,20,1440,2025-06-10 19:53:13
watch,Avatar: The Last Airbender,3,12,1440,2025-06-20 11:55:43
watch,Avatar: The Last Airbender,2,12,1440,2025-06-12 11:53:46
watch,Avatar: The Last Airbender,3,9,1440,2025-06-20 11:55:37
watch,Avatar: The Last Airbender,1,1,1440,2025-06-10 16:29:49
watch,Avatar: The Last Airbender,3,14,1440,2025-06-20 11:55:48
watch,Avatar: The Last Airbender,1,2,1440,2025-06-10 16:30:07
watch,Avatar: The Last Airbender,2,2,1440,2025-06-12 11:53:46
watch,Avatar: The Last Airbender,1,15,1440,2025-06-10 16:30:07
watch,Avatar: The Last Airbender,1,16,1440,2025-06-10 16:30:07
watch,Avatar: The Last Airbender,1,17,1440,2025-06-10 19:53:23
watch,Avatar: The Last Airbender,3,13,1440,2025-06-20 11:55:44
watch,Avatar: The Last Airbender,1,9,1440,2025-06-10 16:30:07
watch,Avatar: The Last Airbender,3,21,1440,2025-06-23 09:20:21
watch,Avatar: The Last Airbender,1,4,1440,2025-06-10 16:30:07
watch,Avatar: The Last Airbender,3,10,1440,2025-06-18 12:45:15
watch,Avatar: The Last Airbender,1,12,1440,2025-06-10 16:30:07
watch,Avatar: The Last Airbender,1,5,1440,2025-06-10 16:30:07
watch,Avatar: The Last Airbender,1,13,1440,2025-06-10 16:30:07
watch,Avatar: The Last Airbender,1,3,1440,2025-06-10 16:30:07
watch,Avatar: The Last Airbender,1,8,1440,2025-06-10 16:30:07
watch,Avatar: The Last Airbender,3,4,1440,2025-06-20 11:55:32
watch,Avatar: The Last Airbender,1,11,1440,2025-06-10 16:30:07
watch,Avatar: The Last Airbender,2,14,1440,2025-06-12 11:53:46
watch,Avatar: The Last Airbender,2,13,1440,2025-06-12 11:53:46
watch,Avatar: The Last Airbender,2,19,1440,2025-06-13 21:20:36
watch,Avatar: The Last Airbender,3,3,1440,2025-06-20 11:55:31
watch,Avatar: The Last Airbender,1,19,1440,2025-06-10 19:53:17
watch,Avatar: The Last Airbender,2,8,1440,2025-06-12 11:53:46
watch,Avatar: The Last Airbender,1,18,1440,2025-06-10 19:53:29
watch,Avatar: The Last Airbender,2,3,1440,2025-06-12 11:53:46
watch,Avatar: The Last Airbender,2,6,1440,2025-06-12 11:53:46
watch,Avatar: The Last Airbender,2,5,1440,2025-06-12 11:53:46
watch,Avatar: The Last Airbender,2,4,1440,2025-06-12 11:53:46
watch,Avatar: The Last Airbender,1,10,1440,2025-06-10 16:30:07
watch,Avatar: The Last Airbender,3,8,1440,2025-06-20 11:55:34
watch,Avatar: The Last Airbender,2,10,1440,2025-06-12 11:53:46
watch,Avatar: The Last Airbender,3,6,1440,2025-06-20 11:55:33
watch,Avatar: The Last Airbender,1,14,1440,2025-06-10 16:30:07
watch,Avatar: The Last Airbender,3,2,1440,2025-06-20 11:55:30
watch,Avatar: The Last Airbender,2,17,1440,2025-06-13 21:20:30
watch,Avatar: The Last Airbender,2,7,1440,2025-06-12 11:53:46
watch,13 Reasons Why,3,13,3480,2023-06-26 23:22:44
watch,13 Reasons Why,2,10,3480,2023-06-23 06:40:09
watch,13 Reasons Why,3,8,3480,2023-06-26 00:13:57
watch,13 Reasons Why,4,8,3480,2023-07-19 06:53:28
watch,13 Reasons Why,3,12,3480,2023-06-26 23:21:48
watch,13 Reasons Why,2,13,3480,2023-06-23 07:17:02
watch,13 Reasons Why,4,5,3480,2023-07-19 06:53:28
watch,13 Reasons Why,4,6,3480,2023-07-19 06:53:28
watch,13 Reasons Why,2,3,3480,2023-06-18 11:21:32
watch,13 Reasons Why,2,2,3480,2023-06-18 11:21:32
watch,13 Reasons Why,1,1,3480,2023-06-06 22:03:45
watch,13 Reasons Why,1,13,3480,2023-06-18 11:21:32
watch,13 Reasons Why,4,4,3480,2023-07-19 06:53:28
watch,13 Reasons Why,3,1,3480,2023-06-25 02:22:15
watch,13 Reasons Why,1,8,3480,2023-06-18 11:21:32
watch,13 Reasons Why,3,2,3480,2023-06-25 02:22:47
watch,13 Reasons Why,3,9,3480,2023-06-26 05:01:54
watch,13 Reasons Why,2,5,3480,2023-06-18 11:21:32
watch,13 Reasons Why,1,3,3480,2023-06-08 22:12:43
watch,13 Reasons Why,3,6,3480,2023-06-25 23:25:16
watch,13 Reasons Why,4,9,3480,2023-07-19 06:53:28
watch,13 Reasons Why,2,1,3480,2023-06-18 11:21:32
watch,13 Reasons Why,1,2,3480,2023-06-06 22:05:19
watch,13 Reasons Why,2,9,3480,2023-06-23 06:36:11
watch,13 Reasons Why,2,12,3480,2023-06-23 07:15:56
watch,13 Reasons Why,1,11,3480,2023-06-18 11:21:32
watch,13 Reasons Why,4,1,3480,2023-07-19 06:53:28
watch,13 Reasons Why,2,7,3480,2023-06-23 06:34:52
watch,13 Reasons Why,3,4,3480,2023-06-25 02:24:14
watch,13 Reasons Why,2,6,3480,2023-06-23 06:34:11
watch,13 Reasons Why,4,10,3480,2023-07-19 06:53:28
watch,13 Reasons Why,4,3,3480,2023-07-19 06:53:28
watch,13 Reasons Why,2,4,3480,2023-06-18 11:21:32
watch,13 Reasons Why,4,2,3480,2023-07-19 06:53:28
watch,13 Reasons Why,3,5,3480,2023-06-25 23:24:33
watch,13 Reasons Why,1,4,3480,2023-06-08 22:20:56
watch,13 Reasons Why,3,10,3480,2023-06-26 19:44:58
watch,13 Reasons Why,4,7,3480,2023-07-19 06:53:28
watch,13 Reasons Why,1,9,3480,2023-06-18 11:21:32
watch,13 Reasons Why,2,8,3480,2023-06-23 06:35:36
watch,13 Reasons Why,3,3,3480,2023-06-25 02:23:24
watch,13 Reasons Why,1,7,3480,2023-06-18 11:21:32
watch,13 Reasons Why,3,7,3480,2023-06-25 23:27:23
watch,13 Reasons Why,1,6,3480,2023-06-08 22:39:30
watch,13 Reasons Why,3,11,3480,2023-06-26 23:12:33
watch,13 Reasons Why,1,12,3480,2023-06-18 11:21:32
watch,13 Reasons Why,1,10,3480,2023-06-18 11:21:32
watch,13 Reasons Why,2,11,3480,2023-06-23 06:43:10
watch,13 Reasons Why,1,5,3480,2023-06-08 22:23:21
watch,Hagg Metwally's Family,1,30,3600,2022-05-29 09:23:17
watch,Hagg Metwally's Family,1,21,3600,2022-05-29 09:23:17
watch,Hagg Metwally's Family,1,6,3600,2022-05-29 09:23:17
watch,Hagg Metwally's Family,1,29,3600,2022-05-29 09:23:17
watch,Hagg Metwally's Family,1,18,3600,2022-05-29 09:23:17
watch,Hagg Metwally's Family,1,11,3600,2022-05-29 09:23:17
watch,Hagg Metwally's Family,1,27,3600,2022-05-29 09:23:17
watch,Hagg Metwally's Family,1,23,3600,2022-05-29 09:23:17
watch,Hagg Metwally's Family,1,34,3600,2022-05-29 09:23:17
watch,Hagg Metwally's Family,1,10,3600,2022-05-29 09:23:17
watch,Hagg Metwally's Family,1,32,3600,2022-05-29 09:23:17
watch,Hagg Metwally's Family,1,17,3600,2022-05-29 09:23:17
watch,Hagg Metwally's Family,1,2,3600,2022-05-29 09:23:17
watch,Hagg Metwally's Family,1,3,3600,2022-05-29 09:23:17
watch,Hagg Metwally's Family,1,20,3600,2022-05-29 09:23:17
watch,Hagg Metwally's Family,1,13,3600,2022-05-29 09:23:17
watch,Hagg Metwally's Family,1,19,3600,2022-05-29 09:23:17
watch,Hagg Metwally's Family,1,22,3600,2022-05-29 09:23:17
watch,Hagg Metwally's Family,1,8,3600,2022-05-29 09:23:17
watch,Hagg Metwally's Family,1,31,3600,2022-05-29 09:23:17
watch,Hagg Metwally's Family,1,16,3600,2022-05-29 09:23:17
watch,Hagg Metwally's Family,1,4,3600,2022-05-29 09:23:17
watch,Hagg Metwally's Family,1,28,3600,2022-05-29 09:23:17
watch,Hagg Metwally's Family,1,7,3600,2022-05-29 09:23:17
watch,Hagg Metwally's Family,1,26,3600,2022-05-29 09:23:17
watch,Hagg Metwally's Family,1,25,3600,2022-05-29 09:23:17
watch,Hagg Metwally's Family,1,5,3600,2022-05-29 09:23:17
watch,Hagg Metwally's Family,1,33,3600,2022-05-29 09:23:17
watch,Hagg Metwally's Family,1,15,3600,2022-05-29 09:23:17
watch,Hagg Metwally's Family,1,14,3600,2022-05-29 09:23:17
watch,Hagg Metwally's Family,1,1,3600,2022-05-29 09:23:17
watch,Hagg Metwally's Family,1,9,3600,2022-05-29 09:23:17
watch,Hagg Metwally's Family,1,12,3600,2022-05-29 09:23:17
watch,Hagg Metwally's Family,1,24,3600,2022-05-29 09:23:17
watch,Fullmetal Alchemist: Brotherhood,1,63,0,2022-03-05 10:01:05
watch,Fullmetal Alchemist: Brotherhood,1,1,0,2022-03-05 10:01:05
watch,Fullmetal Alchemist: Brotherhood,1,43,0,2022-03-05 10:01:05
watch,Fullmetal Alchemist: Brotherhood,1,15,0,2022-03-05 10:01:05
watch,Fullmetal Alchemist: Brotherhood,1,62,0,2022-03-05 10:01:05
watch,Fullmetal Alchemist: Brotherhood,0,4,0,2022-03-05 10:01:05
watch,Fullmetal Alchemist: Brotherhood,1,7,0,2022-03-05 10:01:05
watch,Fullmetal Alchemist: Brotherhood,1,18,0,2022-03-05 10:01:05
watch,Fullmetal Alchemist: Brotherhood,1,45,0,2022-03-05 10:01:05
watch,Fullmetal Alchemist: Brotherhood,1,28,0,2022-03-05 10:01:05
watch,Fullmetal Alchemist: Brotherhood,1,4,0,2022-03-05 10:01:05
watch,Fullmetal Alchemist: Brotherhood,1,8,0,2022-03-05 10:01:05
watch,Fullmetal Alchemist: Brotherhood,1,12,0,2022-03-05 10:01:05
watch,Fullmetal Alchemist: Brotherhood,1,26,0,2022-03-05 10:01:05
watch,Fullmetal Alchemist: Brotherhood,1,57,0,2022-03-05 10:01:05
watch,Fullmetal Alchemist: Brotherhood,1,20,0,2022-03-05 10:01:05
watch,Fullmetal Alchemist: Brotherhood,1,33,0,2022-03-05 10:01:05
watch,Fullmetal Alchemist: Brotherhood,1,13,0,2022-03-05 10:01:05
watch,Fullmetal Alchemist: Brotherhood,1,10,0,2022-03-05 10:01:05
watch,Fullmetal Alchemist: Brotherhood,1,5,0,2022-03-05 10:01:05
watch,Fullmetal Alchemist: Brotherhood,1,27,0,2022-03-05 10:01:05
watch,Fullmetal Alchemist: Brotherhood,1,61,0,2022-03-05 10:01:05
watch,Fullmetal Alchemist: Brotherhood,1,39,0,2022-03-05 10:01:05
watch,Fullmetal Alchemist: Brotherhood,1,41,0,2022-03-05 10:01:05
watch,Fullmetal Alchemist: Brotherhood,0,1,0,2022-03-05 10:01:05
watch,Fullmetal Alchemist: Brotherhood,1,30,0,2022-03-05 10:01:05
watch,Fullmetal Alchemist: Brotherhood,1,24,0,2022-03-05 10:01:05
watch,Fullmetal Alchemist: Brotherhood,1,54,0,2022-03-05 10:01:05
watch,Fullmetal Alchemist: Brotherhood,1,22,0,2022-03-05 10:01:05
watch,Fullmetal Alchemist: Brotherhood,1,59,0,2022-03-05 10:01:05
watch,Fullmetal Alchemist: Brotherhood,1,23,0,2022-03-05 10:01:05
watch,Fullmetal Alchemist: Brotherhood,1,50,0,2022-03-05 10:01:05
watch,Fullmetal Alchemist: Brotherhood,1,47,0,2022-03-05 10:01:05
watch,Fullmetal Alchemist: Brotherhood,1,2,0,2022-03-05 10:01:05
watch,Fullmetal Alchemist: Brotherhood,1,6,0,2022-03-05 10:01:05
watch,Fullmetal Alchemist: Brotherhood,1,17,0,2022-03-05 10:01:05
watch,Fullmetal Alchemist: Brotherhood,1,44,0,2022-03-05 10:01:05
watch,Fullmetal Alchemist: Brotherhood,0,2,0,2022-03-05 10:01:05
watch,Fullmetal Alchemist: Brotherhood,1,9,0,2022-03-05 10:01:05
watch,Fullmetal Alchemist: Brotherhood,1,31,0,2022-03-05 10:01:05
watch,Fullmetal Alchemist: Brotherhood,1,11,0,2022-03-05 10:01:05
watch,Fullmetal Alchemist: Brotherhood,1,64,0,2022-03-05 10:01:05
watch,Fullmetal Alchemist: Brotherhood,1,38,0,2022-03-05 10:01:05
watch,Fullmetal Alchemist: Brotherhood,1,32,0,2022-03-05 10:01:05
watch,Fullmetal Alchemist: Brotherhood,1,21,0,2022-03-05 10:01:05
watch,Fullmetal Alchemist: Brotherhood,1,19,0,2022-03-05 10:01:05
watch,Fullmetal Alchemist: Brotherhood,1,49,0,2022-03-05 10:01:05
watch,Fullmetal Alchemist: Brotherhood,1,48,0,2022-03-05 10:01:05
watch,Fullmetal Alchemist: Brotherhood,1,3,0,2022-03-05 10:01:05
watch,Fullmetal Alchemist: Brotherhood,1,53,0,2022-03-05 10:01:05
watch,Fullmetal Alchemist: Brotherhood,1,55,0,2022-03-05 10:01:05
watch,Fullmetal Alchemist: Brotherhood,1,29,0,2022-03-05 10:01:05
watch,Fullmetal Alchemist: Brotherhood,0,3,0,2022-03-05 10:01:05
watch,Fullmetal Alchemist: Brotherhood,1,51,0,2022-03-05 10:01:05
watch,Fullmetal Alchemist: Brotherhood,1,40,0,2022-03-05 10:01:05
watch,Fullmetal Alchemist: Brotherhood,1,34,0,2022-03-05 10:01:05
watch,Fullmetal Alchemist: Brotherhood,1,52,0,2022-03-05 10:01:05
watch,Fullmetal Alchemist: Brotherhood,1,58,0,2022-03-05 10:01:05
watch,Fullmetal Alchemist: Brotherhood,1,37,0,2022-03-05 10:01:05
watch,Fullmetal Alchemist: Brotherhood,1,16,0,2022-03-05 10:01:05
watch,Fullmetal Alchemist: Brotherhood,1,56,0,2022-03-05 10:01:05
watch,Fullmetal Alchemist: Brotherhood,1,36,0,2022-03-05 10:01:05
watch,Fullmetal Alchemist: Brotherhood,1,42,0,2022-03-05 10:01:05
watch,Fullmetal Alchemist: Brotherhood,1,25,0,2022-03-05 10:01:05
watch,Fullmetal Alchemist: Brotherhood,1,14,0,2022-03-05 10:01:05
watch,Fullmetal Alchemist: Brotherhood,1,60,0,2022-03-05 10:01:05
watch,Fullmetal Alchemist: Brotherhood,1,46,0,2022-03-05 10:01:05
watch,Fullmetal Alchemist: Brotherhood,1,35,0,2022-03-05 10:01:05
watch,Ugly Heba,1,35,2100,2022-05-29 09:31:25
watch,Ugly Heba,1,15,2100,2022-05-29 09:31:25
watch,Ugly Heba,1,9,2100,2022-05-29 09:31:25
watch,Ugly Heba,1,2,2100,2022-05-29 09:31:25
watch,Ugly Heba,1,33,2100,2022-05-29 09:31:25
watch,Ugly Heba,1,25,2100,2022-05-29 09:31:25
watch,Ugly Heba,1,28,2100,2022-05-29 09:31:25
watch,Ugly Heba,1,18,2100,2022-05-29 09:31:25
watch,Ugly Heba,1,20,2100,2022-05-29 09:31:25
watch,Ugly Heba,1,7,2100,2022-05-29 09:31:25
watch,Ugly Heba,1,36,2100,2022-05-29 09:31:25
watch,Ugly Heba,1,30,2100,2022-05-29 09:31:25
watch,Ugly Heba,1,10,2100,2022-05-29 09:31:25
watch,Ugly Heba,1,3,2100,2022-05-29 09:31:25
watch,Ugly Heba,1,19,2100,2022-05-29 09:31:25
watch,Ugly Heba,1,44,2100,2022-05-29 09:31:25
watch,Ugly Heba,1,13,2100,2022-05-29 09:31:25
watch,Ugly Heba,1,34,2100,2022-05-29 09:31:25
watch,Ugly Heba,1,6,2100,2022-05-29 09:31:25
watch,Ugly Heba,1,41,2100,2022-05-29 09:31:25
watch,Ugly Heba,1,22,2100,2022-05-29 09:31:25
watch,Ugly Heba,1,46,2100,2022-05-29 09:31:25
watch,Ugly Heba,1,32,2100,2022-05-29 09:31:25
watch,Ugly Heba,1,37,2100,2022-05-29 09:31:25
watch,Ugly Heba,1,1,2100,2022-05-29 09:31:25
watch,Ugly Heba,1,12,2100,2022-05-29 09:31:25
watch,Ugly Heba,1,31,2100,2022-05-29 09:31:25
watch,Ugly Heba,1,42,2100,2022-05-29 09:31:25
watch,Ugly Heba,1,11,2100,2022-05-29 09:31:25
watch,Ugly Heba,1,23,2100,2022-05-29 09:31:25
watch,Ugly Heba,1,21,2100,2022-05-29 09:31:25
watch,Ugly Heba,1,40,2100,2022-05-29 09:31:25
watch,Ugly Heba,1,4,2100,2022-05-29 09:31:25
watch,Ugly Heba,1,14,2100,2022-05-29 09:31:25
watch,Ugly Heba,1,43,2100,2022-05-29 09:31:25
watch,Ugly Heba,1,27,2100,2022-05-29 09:31:25
watch,Ugly Heba,1,45,2100,2022-05-29 09:31:25
watch,Ugly Heba,1,38,2100,2022-05-29 09:31:25
watch,Ugly Heba,1,16,2100,2022-05-29 09:31:25
watch,Ugly Heba,1,39,2100,2022-05-29 09:31:25
watch,Ugly Heba,1,24,2100,2022-05-29 09:31:25
watch,Ugly Heba,1,8,2100,2022-05-29 09:31:25
watch,Ugly Heba,1,26,2100,2022-05-29 09:31:25
watch,Ugly Heba,1,5,2100,2022-05-29 09:31:25
watch,Ugly Heba,1,17,2100,2022-05-29 09:31:25
watch,Ugly Heba,1,29,2100,2022-05-29 09:31:25
watch,Baby and Me,1,21,1500,2022-05-10 16:19:39
watch,Baby and Me,1,28,1500,2022-05-10 16:19:39
watch,Baby and Me,1,16,1500,2022-05-10 16:19:39
watch,Baby and Me,1,4,1500,2022-05-10 16:19:39
watch,Baby and Me,1,19,1500,2022-05-10 16:19:39
watch,Baby and Me,1,5,1500,2022-05-10 16:19:39
watch,Baby and Me,1,10,1500,2022-05-10 16:19:39
watch,Baby and Me,1,9,1500,2022-05-10 16:19:39
watch,Baby and Me,1,26,1500,2022-05-10 16:19:39
watch,Baby and Me,1,34,1500,2022-05-10 16:19:39
watch,Baby and Me,1,35,1500,2022-05-10 16:19:39
watch,Baby and Me,1,22,1500,2022-05-10 16:19:39
watch,Baby and Me,1,7,1500,2022-05-10 16:19:39
watch,Baby and Me,1,29,1500,2022-05-10 16:19:39
watch,Baby and Me,1,17,1500,2022-05-10 16:19:39
watch,Baby and Me,1,8,1500,2022-05-10 16:19:39
watch,Baby and Me,1,20,1500,2022-05-10 16:19:39
watch,Baby and Me,1,24,1500,2022-05-10 16:19:39
watch,Baby and Me,1,12,1500,2022-05-10 16:19:39
watch,Baby and Me,1,27,1500,2022-05-10 16:19:39
watch,Baby and Me,1,1,1500,2022-05-10 16:19:39
watch,Baby and Me,1,3,1500,2022-05-10 16:19:39
watch,Baby and Me,1,30,1500,2022-05-10 16:19:39
watch,Baby and Me,1,32,1500,2022-05-10 16:19:39
watch,Baby and Me,1,33,1500,2022-05-10 16:19:39
watch,Baby and Me,1,13,1500,2022-05-10 16:19:39
watch,Baby and Me,1,2,1500,2022-05-10 16:19:39
watch,Baby and Me,1,25,1500,2022-05-10 16:19:39
watch,Baby and Me,1,15,1500,2022-05-10 16:19:39
watch,Baby and Me,1,23,1500,2022-05-10 16:19:39
watch,Baby and Me,1,6,1500,2022-05-10 16:19:39
watch,Baby and Me,1,11,1500,2022-05-10 16:19:39
watch,Baby and Me,1,31,1500,2022-05-10 16:19:39
watch,Baby and Me,1,18,1500,2022-05-10 16:19:39
watch,Baby and Me,1,14,1500,2022-05-10 16:19:39
watch,Anne with an E,2,9,0,2022-03-05 09:12:06
watch,Anne with an E,1,6,0,2022-03-05 09:11:59
watch,Anne with an E,2,8,0,2022-03-05 09:12:06
watch,Anne with an E,3,7,0,2022-03-05 09:12:30
watch,Anne with an E,1,2,2520,2022-03-05 09:11:57
watch,Anne with an E,1,5,0,2022-03-05 09:11:59
watch,Anne with an E,2,7,0,2022-03-05 09:12:06
watch,Anne with an E,2,3,0,2022-03-05 09:12:06
watch,Anne with an E,2,1,0,2022-03-05 09:12:06
watch,Anne with an E,3,9,0,2022-03-05 09:12:30
watch,Anne with an E,3,5,0,2022-03-05 09:12:30
watch,Anne with an E,1,7,0,2022-03-05 09:11:59
watch,Anne with an E,1,3,0,2022-03-05 09:11:59
watch,Anne with an E,1,1,2520,2022-03-05 09:11:58
watch,Anne with an E,3,10,0,2022-03-05 09:12:30
watch,Anne with an E,2,5,0,2022-03-05 09:12:06
watch,Anne with an E,3,6,0,2022-03-05 09:12:30
watch,Anne with an E,2,4,2520,2022-03-05 09:12:23
watch,Anne with an E,2,2,0,2022-03-05 09:12:06
watch,Anne with an E,3,1,0,2022-03-05 09:12:30
watch,Anne with an E,3,4,0,2022-03-05 09:12:30
watch,Anne with an E,2,6,0,2022-03-05 09:12:06
watch,Anne with an E,3,2,2520,2022-03-05 09:12:29
watch,Anne with an E,1,4,0,2022-03-05 09:11:59
watch,Anne with an E,3,3,0,2022-03-05 09:12:30
watch,Anne with an E,3,8,0,2022-03-05 09:12:30
watch,Anne with an E,2,10,0,2022-03-05 09:12:06
watch,I Am Groot,1,2,240,2025-07-29 22:20:01
watch,I Am Groot,2,4,240,2025-10-02 08:18:17
watch,I Am Groot,2,1,240,2025-10-02 08:18:12
watch,I Am Groot,2,5,240,2025-10-02 08:18:20
watch,I Am Groot,2,3,240,2025-10-02 08:18:16
watch,I Am Groot,1,5,240,2025-07-29 22:19:52
watch,I Am Groot,1,3,240,2025-07-29 22:19:59
watch,I Am Groot,2,2,240,2025-10-07 18:38:31
watch,I Am Groot,1,1,240,2025-07-29 22:20:03
watch,I Am Groot,1,4,240,2025-07-29 22:19:55
watch,Marianne,1,5,3000,2023-06-06 16:23:07
watch,Marianne,1,3,3000,2023-06-06 16:23:07
watch,Marianne,1,8,3000,2023-06-06 16:23:07
watch,Marianne,1,2,3000,2023-06-06 16:23:07
watch,Marianne,1,4,3000,2023-06-06 16:23:07
watch,Marianne,1,1,3000,2023-06-06 16:23:07
watch,Marianne,1,7,3000,2023-06-06 16:23:07
watch,Marianne,1,6,3000,2023-06-06 16:23:07
watch,The Penguins of Madagascar,2,54,780,2025-12-11 11:12:34
watch,The Penguins of Madagascar,3,11,780,2025-12-11 11:12:34
watch,The Penguins of Madagascar,1,20,780,2025-12-11 11:12:34
watch,The Penguins of Madagascar,1,17,780,2025-12-11 11:12:34
watch,The Penguins of Madagascar,3,25,780,2025-12-11 11:12:34
watch,The Penguins of Madagascar,2,31,780,2025-12-11 11:12:34
watch,The Penguins of Madagascar,2,66,780,2025-12-11 11:12:34
watch,The Penguins of Madagascar,2,2,780,2025-12-11 11:12:34
watch,The Penguins of Madagascar,2,8,780,2025-12-11 11:12:34
watch,The Penguins of Madagascar,3,19,780,2025-12-11 11:12:34
watch,The Penguins of Madagascar,3,15,780,2025-12-11 11:12:34
watch,The Penguins of Madagascar,2,29,780,2025-12-11 11:12:34
watch,The Penguins of Madagascar,1,25,780,2025-12-11 11:12:34
watch,The Penguins of Madagascar,2,47,780,2025-12-11 11:12:34
watch,The Penguins of Madagascar,2,56,780,2025-12-11 11:12:34
watch,The Penguins of Madagascar,1,32,780,2025-12-11 11:12:34
watch,The Penguins of Madagascar,1,23,780,2025-12-11 11:12:34
watch,The Penguins of Madagascar,3,21,780,2025-12-11 11:12:34
watch,The Penguins of Madagascar,2,63,780,2025-12-11 11:12:34
watch,The Penguins of Madagascar,3,9,780,2025-12-11 11:12:34
watch,The Penguins of Madagascar,3,3,780,2025-12-11 11:12:34
watch,The Penguins of Madagascar,2,46,780,2025-12-11 11:12:34
watch,The Penguins of Madagascar,1,46,780,2025-12-11 11:12:34
watch,The Penguins of Madagascar,2,17,780,2025-12-11 11:12:34
watch,The Penguins of Madagascar,1,11,780,2025-12-11 11:12:34
watch,The Penguins of Madagascar,2,59,780,2025-12-11 11:12:34
watch,The Penguins of Madagascar,2,58,780,2025-12-11 11:12:34
watch,The Penguins of Madagascar,2,20,780,2025-12-11 11:12:34
watch,The Penguins of Madagascar,2,44,780,2025-12-11 11:12:34
watch,The Penguins of Madagascar,2,5,780,2025-12-11 11:12:34
watch,The Penguins of Madagascar,2,19,780,2025-12-11 11:12:34
watch,The Penguins of Madagascar,3,14,780,2025-12-11 11:12:34
watch,The Penguins of Madagascar,2,41,780,2025-12-11 11:12:34
watch,The Penguins of Madagascar,3,18,780,2025-12-11 11:12:34
watch,The Penguins of Madagascar,2,26,780,2025-12-11 11:12:34
watch,The Penguins of Madagascar,1,13,780,2025-12-11 11:12:34
watch,The Penguins of Madagascar,1,26,780,2025-12-11 11:12:34
watch,The Penguins of Madagascar,3,28,780,2025-12-11 11:12:34
watch,The Penguins of Madagascar,1,1,780,2025-12-11 11:12:34
watch,The Penguins of Madagascar,1,30,780,2025-12-11 11:12:34
watch,The Penguins of Madagascar,2,53,780,2025-12-11 11:12:34
watch,The Penguins of Madagascar,2,51,780,2025-12-11 11:12:34
watch,The Penguins of Madagascar,3,26,780,2025-12-11 11:12:34
watch,The Penguins of Madagascar,2,33,780,2025-12-11 11:12:34
watch,The Penguins of Madagascar,1,39,780,2025-12-11 11:12:34
watch,The Penguins of Madagascar,3,20,780,2025-12-11 11:12:34
watch,The Penguins of Madagascar,3,5,780,2025-12-11 11:12:34
watch,The Penguins of Madagascar,1,28,780,2025-12-11 11:12:34
watch,The Penguins of Madagascar,1,6,780,2025-12-11 11:12:34
watch,The Penguins of Madagascar,1,31,780,2025-12-11 11:12:34
watch,The Penguins of Madagascar,1,41,780,2025-12-11 11:12:34
watch,The Penguins of Madagascar,2,32,780,2025-12-11 11:12:34
watch,The Penguins of Madagascar,1,18,780,2025-12-11 11:12:34
watch,The Penguins of Madagascar,1,12,780,2025-12-11 11:12:34
watch,The Penguins of Madagascar,2,49,780,2025-12-11 11:12:34
watch,The Penguins of Madagascar,1,3,780,2025-12-11 11:12:34
watch,The Penguins of Madagascar,2,10,780,2025-12-11 11:12:34
watch,The Penguins of Madagascar,2,24,780,2025-12-11 11:12:34
watch,The Penguins of Madagascar,2,36,780,2025-12-11 11:12:34
watch,The Penguins of Madagascar,2,14,780,2025-12-11 11:12:34
watch,The Penguins of Madagascar,3,6,780,2025-12-11 11:12:34
watch,The Penguins of Madagascar,3,13,780,2025-12-11 11:12:34
watch,The Penguins of Madagascar,1,42,780,2025-12-11 11:12:34
watch,The Penguins of Madagascar,2,65,780,2025-12-11 11:12:34
watch,The Penguins of Madagascar,3,23,780,2025-12-11 11:12:34
watch,The Penguins of Madagascar,2,6,780,2025-12-11 11:12:34
watch,The Penguins of Madagascar,2,9,780,2025-12-11 11:12:34
watch,The Penguins of Madagascar,1,47,780,2025-12-11 11:12:34
watch,The Penguins of Madagascar,3,29,780,2025-12-11 11:12:34
watch,The Penguins of Madagascar,3,30,780,2025-12-11 11:12:34
watch,The Penguins of Madagascar,1,34,780,2025-12-11 11:12:34
watch,The Penguins of Madagascar,1,48,780,2025-12-11 11:12:34
watch,The Penguins of Madagascar,2,42,780,2025-12-11 11:12:34
watch,The Penguins of Madagascar,1,4,780,2025-12-11 11:12:34
watch,The Penguins of Madagascar,3,24,780,2025-12-11 11:12:34
watch,The Penguins of Madagascar,1,21,780,2025-12-11 11:12:34
watch,The Penguins of Madagascar,3,32,780,2025-12-11 11:12:34
watch,The Penguins of Madagascar,2,34,780,2025-12-11 11:12:34
watch,The Penguins of Madagascar,1,2,780,2025-12-11 11:12:34
watch,The Penguins of Madagascar,3,10,780,2025-12-11 11:12:34
watch,The Penguins of Madagascar,2,43,780,2025-12-11 11:12:34
watch,The Penguins of Madagascar,1,15,780,2025-12-11 11:12:34
watch,The Penguins of Madagascar,1,38,780,2025-12-11 11:12:34
watch,The Penguins of Madagascar,1,37,780,2025-12-11 11:12:34
watch,The Penguins of Madagascar,2,7,780,2025-12-11 11:12:34
watch,The Penguins of Madagascar,1,45,780,2025-12-11 11:12:34
watch,The Penguins of Madagascar,1,27,780,2025-12-11 11:12:34
watch,The Penguins of Madagascar,3,22,780,2025-12-11 11:12:34
watch,The Penguins of Madagascar,2,15,780,2025-12-11 11:12:34
watch,The Penguins of Madagascar,1,7,780,2025-12-11 11:12:34
watch,The Penguins of Madagascar,2,64,780,2025-12-11 11:12:34
watch,The Penguins of Madagascar,2,23,780,2025-12-11 11:12:34
watch,The Penguins of Madagascar,1,35,780,2025-12-11 11:12:34
watch,The Penguins of Madagascar,2,50,780,2025-12-11 11:12:34
watch,The Penguins of Madagascar,2,40,780,2025-12-11 11:12:34
watch,The Penguins of Madagascar,3,12,780,2025-12-11 11:12:34
watch,The Penguins of Madagascar,3,4,780,2025-12-11 11:12:34
watch,The Penguins of Madagascar,2,4,780,2025-12-11 11:12:34
watch,The Penguins of Madagascar,1,16,780,2025-12-11 11:12:34
watch,The Penguins of Madagascar,3,8,780,2025-12-11 11:12:34
watch,The Penguins of Madagascar,1,22,780,2025-12-11 11:12:34
watch,The Penguins of Madagascar,1,29,780,2025-12-11 11:12:34
watch,The Penguins of Madagascar,1,14,780,2025-12-11 11:12:34
watch,The Penguins of Madagascar,2,16,780,2025-12-11 11:12:34
watch,The Penguins of Madagascar,2,13,780,2025-12-11 11:12:34
watch,The Penguins of Madagascar,2,57,780,2025-12-11 11:12:34
watch,The Penguins of Madagascar,2,28,780,2025-12-11 11:12:34
watch,The Penguins of Madagascar,2,39,780,2025-12-11 11:12:34
watch,The Penguins of Madagascar,3,31,780,2025-12-11 11:12:34
watch,The Penguins of Madagascar,1,9,780,2025-12-11 11:12:34
watch,The Penguins of Madagascar,2,11,780,2025-12-11 11:12:34
watch,The Penguins of Madagascar,1,24,780,2025-12-11 11:12:34
watch,The Penguins of Madagascar,2,27,780,2025-12-11 11:12:34
watch,The Penguins of Madagascar,3,33,780,2025-12-11 11:12:34
watch,The Penguins of Madagascar,1,43,780,2025-12-11 11:12:34
watch,The Penguins of Madagascar,1,5,780,2025-12-11 11:12:34
watch,The Penguins of Madagascar,2,61,780,2025-12-11 11:12:34
watch,The Penguins of Madagascar,3,16,780,2025-12-11 11:12:34
watch,The Penguins of Madagascar,1,44,780,2025-12-11 11:12:34
watch,The Penguins of Madagascar,1,40,780,2025-12-11 11:12:34
watch,The Penguins of Madagascar,3,27,780,2025-12-11 11:12:34
watch,The Penguins of Madagascar,2,55,780,2025-12-11 11:12:34
watch,The Penguins of Madagascar,2,35,780,2025-12-11 11:12:34
watch,The Penguins of Madagascar,1,19,780,2025-12-11 11:12:34
watch,The Penguins of Madagascar,2,67,780,2025-12-11 11:12:34
watch,The Penguins of Madagascar,2,12,780,2025-12-11 11:12:34
watch,The Penguins of Madagascar,2,21,780,2025-12-11 11:12:34
watch,The Penguins of Madagascar,2,3,780,2025-12-11 11:12:34
watch,The Penguins of Madagascar,3,1,780,2025-12-11 11:12:34
watch,The Penguins of Madagascar,2,52,780,2025-12-11 11:12:34
watch,The Penguins of Madagascar,1,8,780,2025-12-11 11:12:34
watch,The Penguins of Madagascar,2,68,780,2025-12-11 11:12:34
watch,The Penguins of Madagascar,1,33,780,2025-12-11 11:12:34
watch,The Penguins of Madagascar,2,62,780,2025-12-11 11:12:34
watch,The Penguins of Madagascar,1,10,780,2025-12-11 11:12:34
watch,The Penguins of Madagascar,2,45,780,2025-12-11 11:12:34
watch,The Penguins of Madagascar,2,22,780,2025-12-11 11:12:34
watch,The Penguins of Madagascar,2,38,780,2025-12-11 11:12:34
watch,The Penguins of Madagascar,2,37,780,2025-12-11 11:12:34
watch,The Penguins of Madagascar,2,18,780,2025-12-11 11:12:34
watch,The Penguins of Madagascar,2,25,780,2025-12-11 11:12:34
watch,The Penguins of Madagascar,2,48,780,2025-12-11 11:12:34
watch,The Penguins of Madagascar,2,60,780,2025-12-11 11:12:34
watch,The Penguins of Madagascar,3,2,780,2025-12-11 11:12:34
watch,The Penguins of Madagascar,2,30,780,2025-12-11 11:12:34
watch,The Penguins of Madagascar,2,1,780,2025-12-11 11:12:34
watch,The Penguins of Madagascar,3,7,780,2025-12-11 11:12:34
watch,The Penguins of Madagascar,1,36,780,2025-12-11 11:12:34
watch,The Penguins of Madagascar,3,17,780,2025-12-11 11:12:34
watch,Kaguya-sama: Love Is War,1,5,1440,2023-06-14 11:03:55
watch,Kaguya-sama: Love Is War,1,8,1440,2023-06-14 10:12:28
watch,Kaguya-sama: Love Is War,1,4,1440,2023-06-14 10:05:57
watch,Kaguya-sama: Love Is War,1,12,1440,2023-06-17 23:41:10
watch,Kaguya-sama: Love Is War,1,3,1440,2023-06-14 10:05:44
watch,Kaguya-sama: Love Is War,1,6,1440,2023-06-14 10:11:13
watch,Kaguya-sama: Love Is War,1,7,1440,2023-06-14 10:12:12
watch,Kaguya-sama: Love Is War,1,9,1440,2023-06-14 10:12:46
watch,Kaguya-sama: Love Is War,1,1,1440,2023-06-06 13:57:15
watch,Kaguya-sama: Love Is War,1,2,1440,2023-06-14 10:05:13
watch,Kaguya-sama: Love Is War,1,10,1440,2023-06-14 10:13:43
watch,Kaguya-sama: Love Is War,1,11,1440,2023-06-14 11:16:23
watch,A Girl Named Zat,1,2,2700,2022-03-13 08:01:09
watch,A Girl Named Zat,1,24,2700,2022-03-13 08:01:09
watch,A Girl Named Zat,1,14,2700,2022-03-13 08:01:09
watch,A Girl Named Zat,1,20,2700,2022-03-13 08:01:09
watch,A Girl Named Zat,1,4,2700,2022-03-13 08:01:09
watch,A Girl Named Zat,1,23,2700,2022-03-13 08:01:09
watch,A Girl Named Zat,1,22,2700,2022-03-13 08:01:09
watch,A Girl Named Zat,1,5,2700,2022-03-13 08:01:09
watch,A Girl Named Zat,1,8,2700,2022-03-13 08:01:09
watch,A Girl Named Zat,1,13,2700,2022-03-13 08:01:09
watch,A Girl Named Zat,1,16,2700,2022-03-13 08:01:09
watch,A Girl Named Zat,1,28,2700,2022-03-13 08:01:09
watch,A Girl Named Zat,1,12,2700,2022-03-13 08:01:09
watch,A Girl Named Zat,1,19,2700,2022-03-13 08:01:09
watch,A Girl Named Zat,1,30,2700,2022-03-13 08:01:09
watch,A Girl Named Zat,1,3,2700,2022-03-13 08:01:09
watch,A Girl Named Zat,1,21,2700,2022-03-13 08:01:09
watch,A Girl Named Zat,1,27,2700,2022-03-13 08:01:09
watch,A Girl Named Zat,1,25,2700,2022-03-13 08:01:09
watch,A Girl Named Zat,1,26,2700,2022-03-13 08:01:09
watch,A Girl Named Zat,1,17,2700,2022-03-13 08:01:09
watch,A Girl Named Zat,1,29,2700,2022-03-13 08:01:09
watch,A Girl Named Zat,1,7,2700,2022-03-13 08:01:09
watch,A Girl Named Zat,1,18,2700,2022-03-13 08:01:09
watch,A Girl Named Zat,1,6,2700,2022-03-13 08:01:09
watch,A Girl Named Zat,1,10,2700,2022-03-13 08:01:09
watch,A Girl Named Zat,1,1,2700,2022-03-13 08:01:09
watch,A Girl Named Zat,1,9,2700,2022-03-13 08:01:09
watch,A Girl Named Zat,1,15,2700,2022-03-13 08:01:09
watch,A Girl Named Zat,1,11,2700,2022-03-13 08:01:09
watch,A Girl Named Zat,0,0,0,2022-03-13 08:01:09
watch,The 100,3,1,2460,2022-03-05 09:30:40
watch,The 100,6,5,2460,2022-03-05 09:30:59
watch,The 100,4,3,2460,2022-03-05 09:30:43
watch,The 100,5,12,2460,2022-03-05 09:30:58
watch,The 100,3,16,2460,2022-03-05 09:30:40
watch,The 100,6,6,2460,2022-03-05 09:30:59
watch,The 100,4,8,2460,2022-03-05 09:30:43
watch,The 100,4,12,2460,2022-03-05 09:30:43
watch,The 100,7,13,2460,2022-03-05 09:31:00
watch,The 100,2,6,2460,2022-03-05 09:30:37
watch,The 100,2,10,2460,2022-03-05 09:30:37
watch,The 100,1,9,2460,2022-03-05 09:30:08
watch,The 100,2,4,2460,2022-03-05 09:30:37
watch,The 100,4,2,2460,2022-03-05 09:30:43
watch,The 100,4,7,2460,2022-03-05 09:30:43
watch,The 100,3,14,2460,2022-03-05 09:30:40
watch,The 100,4,1,2460,2022-03-05 09:30:43
watch,The 100,7,8,2460,2022-03-05 09:31:00
watch,The 100,2,12,2460,2022-03-05 09:30:37
watch,The 100,7,15,2460,2022-03-05 09:31:00
watch,The 100,3,12,2460,2022-03-05 09:30:40
watch,The 100,2,3,2460,2022-03-05 09:30:37
watch,The 100,7,4,2460,2022-03-05 09:31:00
watch,The 100,6,8,2460,2022-03-05 09:30:59
watch,The 100,3,6,2460,2022-03-05 09:30:40
watch,The 100,6,1,2460,2022-03-05 09:30:59
watch,The 100,2,9,2460,2022-03-05 09:30:37
watch,The 100,5,5,2460,2022-03-05 09:30:58
watch,The 100,7,1,2460,2022-03-05 09:31:00
watch,The 100,7,7,2460,2022-03-05 09:31:00
watch,The 100,6,11,2460,2022-03-05 09:30:59
watch,The 100,1,7,2460,2022-03-05 09:30:08
watch,The 100,4,6,2460,2022-03-05 09:30:43
watch,The 100,2,11,2460,2022-03-05 09:30:37
watch,The 100,3,7,2460,2022-03-05 09:30:40
watch,The 100,2,1,2460,2022-03-05 09:30:37
watch,The 100,2,2,2460,2022-03-05 09:30:37
watch,The 100,4,5,2460,2022-03-05 09:30:43
watch,The 100,2,8,2460,2022-03-05 09:30:37
watch,The 100,5,8,2460,2022-03-05 09:30:58
watch,The 100,1,13,2460,2022-03-05 09:30:08
watch,The 100,5,11,2460,2022-03-05 09:30:58
watch,The 100,6,13,2460,2022-03-05 09:30:59
watch,The 100,1,8,2460,2022-03-05 09:30:08
watch,The 100,3,3,2460,2022-03-05 09:30:40
watch,The 100,7,5,2460,2022-03-05 09:31:00
watch,The 100,3,2,2460,2022-03-05 09:30:40
watch,The 100,1,5,2460,2022-03-05 09:30:08
watch,The 100,1,3,2460,2022-03-05 09:30:08
watch,The 100,7,16,2460,2022-03-05 09:31:00
watch,The 100,7,3,2460,2022-03-05 09:31:00
watch,The 100,7,2,2460,2022-03-05 09:31:00
watch,The 100,7,11,2460,2022-03-05 09:31:00
watch,The 100,7,10,2460,2022-03-05 09:31:00
watch,The 100,6,7,2460,2022-03-05 09:30:59
watch,The 100,6,9,2460,2022-03-05 09:30:59
watch,The 100,4,11,2460,2022-03-05 09:30:43
watch,The 100,5,9,2460,2022-03-05 09:30:58
watch,The 100,6,12,2460,2022-03-05 09:30:59
watch,The 100,7,14,2460,2022-03-05 09:31:00
watch,The 100,3,10,2460,2022-03-05 09:30:40
watch,The 100,2,5,2460,2022-03-05 09:30:37
watch,The 100,3,4,2460,2022-03-05 09:30:40
watch,The 100,5,2,2460,2022-03-05 09:30:58
watch,The 100,6,2,2460,2022-03-05 09:30:59
watch,The 100,1,10,2460,2022-03-05 09:30:08
watch,The 100,3,9,2460,2022-03-05 09:30:40
watch,The 100,3,11,2460,2022-03-05 09:30:40
watch,The 100,6,10,2460,2022-03-05 09:30:59
watch,The 100,1,2,2460,2022-03-05 09:30:08
watch,The 100,6,3,2460,2022-03-05 09:30:59
watch,The 100,5,7,2460,2022-03-05 09:30:58
watch,The 100,7,6,2460,2022-03-05 09:31:00
watch,The 100,2,7,2460,2022-03-05 09:30:37
watch,The 100,3,8,2460,2022-03-05 09:30:40
watch,The 100,1,6,2460,2022-03-05 09:30:08
watch,The 100,7,12,2460,2022-03-05 09:31:00
watch,The 100,2,15,2460,2022-03-05 09:30:37
watch,The 100,5,13,2460,2022-03-05 09:30:58
watch,The 100,6,4,2460,2022-03-05 09:30:59
watch,The 100,4,10,2460,2022-03-05 09:30:43
watch,The 100,5,10,2460,2022-03-05 09:30:58
watch,The 100,1,11,2460,2022-03-05 09:30:08
watch,The 100,1,12,2460,2022-03-05 09:30:08
watch,The 100,2,14,2460,2022-03-05 09:30:37
watch,The 100,7,9,2460,2022-03-05 09:31:00
watch,The 100,5,6,2460,2022-03-05 09:30:58
watch,The 100,1,4,2460,2022-03-05 09:30:08
watch,The 100,3,15,2460,2022-03-05 09:30:40
watch,The 100,4,9,2460,2022-03-05 09:30:43
watch,The 100,3,5,2460,2022-03-05 09:30:40
watch,The 100,5,4,2460,2022-03-05 09:30:58
watch,The 100,2,13,2460,2022-03-05 09:30:37
watch,The 100,5,1,2460,2022-03-05 09:30:58
watch,The 100,1,1,2460,2022-03-05 09:30:08
watch,The 100,2,16,2460,2022-03-05 09:30:37
watch,The 100,4,4,2460,2022-03-05 09:30:43
watch,The 100,3,13,2460,2022-03-05 09:30:40
watch,The 100,4,13,2460,2022-03-05 09:30:43
watch,The 100,5,3,2460,2022-03-05 09:30:58
watch,Adventure Time,1,18,0,2022-03-13 08:03:55
watch,Adventure Time,9,4,600,2025-03-16 16:50:47
watch,Adventure Time,1,9,0,2022-03-13 08:03:55
watch,Adventure Time,8,15,600,2024-10-24 05:37:52
watch,Adventure Time,5,51,0,2022-03-13 08:03:55
watch,Adventure Time,3,7,0,2022-03-13 08:03:55
watch,Adventure Time,6,27,600,2024-03-02 16:27:09
watch,Adventure Time,2,1,0,2022-03-13 08:03:55
watch,Adventure Time,1,7,0,2022-03-13 08:03:55
watch,Adventure Time,2,17,0,2022-03-13 08:03:55
watch,Adventure Time,1,23,0,2022-03-13 08:03:55
watch,Adventure Time,5,11,0,2022-03-13 08:03:55
watch,Adventure Time,1,25,0,2022-03-13 08:03:55
watch,Adventure Time,8,13,600,2024-10-24 12:41:13
watch,Adventure Time,8,20,600,2024-10-24 12:40:05
watch,Adventure Time,1,2,0,2022-03-13 08:03:55
watch,Adventure Time,1,15,0,2022-03-13 08:03:55
watch,Adventure Time,2,22,0,2022-03-13 08:03:55
watch,Adventure Time,6,21,600,2024-02-29 20:26:31
watch,Adventure Time,4,18,0,2022-03-13 08:03:55
watch,Adventure Time,3,6,0,2022-03-13 08:03:55
watch,Adventure Time,5,42,0,2022-03-13 08:03:55
watch,Adventure Time,5,2,0,2022-03-13 08:03:55
watch,Adventure Time,0,5,600,2025-03-19 01:43:10
watch,Adventure Time,3,23,0,2022-03-13 08:03:55
watch,Adventure Time,10,9,600,2025-03-19 00:20:21
watch,Adventure Time,7,20,600,2024-03-06 00:07:17
watch,Adventure Time,2,14,0,2022-03-13 08:03:55
watch,Adventure Time,6,6,600,2024-02-29 20:26:31
watch,Adventure Time,0,13,600,2025-03-19 01:42:05
watch,Adventure Time,4,2,0,2022-03-13 08:03:55
watch,Adventure Time,7,18,600,2024-03-06 00:07:17
watch,Adventure Time,6,2,600,2024-02-29 20:24:35
watch,Adventure Time,6,43,600,2024-03-02 19:34:45
watch,Adventure Time,8,17,600,2024-10-24 05:38:02
watch,Adventure Time,5,22,0,2022-03-13 08:03:55
watch,Adventure Time,6,31,600,2024-03-02 16:27:09
watch,Adventure Time,6,11,600,2024-02-29 20:26:31
watch,Adventure Time,7,4,600,2024-03-06 00:07:17
watch,Adventure Time,1,11,0,2022-03-13 08:03:55
watch,Adventure Time,5,50,0,2022-03-13 08:03:55
watch,Adventure Time,1,14,0,2022-03-13 08:03:55
watch,Adventure Time,8,4,600,2024-03-06 00:07:17
watch,Adventure Time,8,5,600,2024-03-06 00:07:17
watch,Adventure Time,7,1,600,2024-03-06 00:07:17
watch,Adventure Time,6,23,600,2024-02-29 20:26:31
watch,Adventure Time,9,10,600,2025-03-16 16:50:47
watch,Adventure Time,1,26,0,2022-03-13 08:03:55
watch,Adventure Time,9,9,600,2025-03-16 16:50:47
watch,Adventure Time,8,21,600,2024-10-24 12:40:06
watch,Adventure Time,5,38,0,2022-03-13 08:03:55
watch,Adventure Time,1,13,0,2022-03-13 08:03:55
watch,Adventure Time,7,12,600,2024-03-06 00:07:17
watch,Adventure Time,3,15,0,2022-03-13 08:03:55
watch,Adventure Time,8,14,600,2024-10-24 05:37:51
watch,Adventure Time,6,17,600,2024-02-29 20:26:31
watch,Adventure Time,6,12,600,2024-02-29 20:26:31
watch,Adventure Time,6,1,600,2024-02-29 20:23:40
watch,Adventure Time,2,11,0,2022-03-13 08:03:55
watch,Adventure Time,5,49,0,2022-03-13 08:03:55
watch,Adventure Time,6,39,600,2024-03-02 19:34:21
watch,Adventure Time,8,3,600,2024-03-06 00:07:17
watch,Adventure Time,6,26,600,2024-03-02 16:27:09
watch,Adventure Time,5,39,0,2022-03-13 08:03:55
watch,Adventure Time,2,7,0,2022-03-13 08:03:55
watch,Adventure Time,7,21,600,2024-03-06 00:07:17
watch,Adventure Time,5,34,0,2022-03-13 08:03:55
watch,Adventure Time,5,26,0,2022-03-13 08:03:55
watch,Adventure Time,4,8,0,2022-03-13 08:03:55
watch,Adventure Time,6,22,600,2024-02-29 20:26:31
watch,Adventure Time,3,9,0,2022-03-13 08:03:55
watch,Adventure Time,6,25,600,2024-02-29 20:26:31
watch,Adventure Time,2,4,0,2022-03-13 08:03:55
watch,Adventure Time,5,43,0,2022-03-13 08:03:55
watch,Adventure Time,0,12,600,2025-03-19 01:42:04
watch,Adventure Time,8,24,600,2024-10-24 12:40:17
watch,Adventure Time,4,23,0,2022-03-13 08:03:55
watch,Adventure Time,10,3,600,2025-03-19 00:20:21
watch,Adventure Time,7,26,600,2024-03-06 00:07:17
watch,Adventure Time,3,17,0,2022-03-13 08:03:55
watch,Adventure Time,10,7,600,2025-03-19 00:20:21
watch,Adventure Time,8,18,600,2024-10-24 05:38:04
watch,Adventure Time,6,16,600,2024-02-29 20:26:31
watch,Adventure Time,5,44,0,2022-03-13 08:03:55
watch,Adventure Time,3,2,0,2022-03-13 08:03:55
watch,Adventure Time,4,7,0,2022-03-13 08:03:55
watch,Adventure Time,4,24,0,2022-03-13 08:03:55
watch,Adventure Time,7,14,600,2024-03-06 00:07:17
watch,Adventure Time,7,24,600,2024-03-06 00:07:17
watch,Adventure Time,6,9,600,2024-02-29 20:26:31
watch,Adventure Time,5,5,0,2022-03-13 08:03:55
watch,Adventure Time,10,6,600,2025-03-19 00:20:21
watch,Adventure Time,7,15,600,2024-03-06 00:07:17
watch,Adventure Time,8,22,600,2024-10-24 12:40:12
watch,Adventure Time,5,48,0,2022-03-13 08:03:55
watch,Adventure Time,2,8,0,2022-03-13 08:03:55
watch,Adventure Time,1,6,0,2022-03-13 08:03:55
watch,Adventure Time,3,1,0,2022-03-13 08:03:55
watch,Adventure Time,4,14,0,2022-03-13 08:03:55
watch,Adventure Time,3,13,0,2022-03-13 08:03:55
watch,Adventure Time,8,1,600,2024-03-06 00:07:17
watch,Adventure Time,7,10,600,2024-03-06 00:07:17
watch,Adventure Time,6,28,600,2024-03-02 16:27:09
watch,Adventure Time,2,12,0,2022-03-13 08:03:55
watch,Adventure Time,3,18,0,2022-03-13 08:03:55
watch,Adventure Time,2,20,0,2022-03-13 08:03:55
watch,Adventure Time,1,4,0,2022-03-13 08:03:55
watch,Adventure Time,4,26,0,2022-03-13 08:03:55
watch,Adventure Time,6,10,600,2024-02-29 20:26:31
watch,Adventure Time,3,3,0,2022-03-13 08:03:55
watch,Adventure Time,4,5,0,2022-03-13 08:03:55
watch,Adventure Time,5,28,0,2022-03-13 08:03:55
watch,Adventure Time,3,5,0,2022-03-13 08:03:55
watch,Adventure Time,3,22,0,2022-03-13 08:03:55
watch,Adventure Time,7,6,600,2024-03-06 00:07:17
watch,Adventure Time,4,12,0,2022-03-13 08:03:55
watch,Adventure Time,5,16,0,2022-03-13 08:03:55
watch,Adventure Time,4,3,0,2022-03-13 08:03:55
watch,Adventure Time,6,41,600,2024-03-02 19:34:24
watch,Adventure Time,8,12,600,2024-10-24 12:41:13
watch,Adventure Time,7,13,600,2024-03-06 00:07:17
watch,Adventure Time,7,25,600,2024-03-06 00:07:17
watch,Adventure Time,2,19,0,2022-03-13 08:03:55
watch,Adventure Time,7,23,600,2024-03-06 00:07:17
watch,Adventure Time,7,3,600,2024-03-06 00:07:17
watch,Adventure Time,3,16,0,2022-03-13 08:03:55
watch,Adventure Time,5,4,0,2022-03-13 08:03:55
watch,Adventure Time,5,23,0,2022-03-13 08:03:55
watch,Adventure Time,5,18,0,2022-03-13 08:03:55
watch,Adventure Time,0,2,600,2025-03-19 01:43:12
watch,Adventure Time,2,23,0,2022-03-13 08:03:55
watch,Adventure Time,8,10,600,2024-10-24 04:44:14
watch,Adventure Time,4,15,0,2022-03-13 08:03:55
watch,Adventure Time,4,1,0,2022-03-13 08:03:55
watch,Adventure Time,1,10,0,2022-03-13 08:03:55
watch,Adventure Time,5,8,0,2022-03-13 08:03:55
watch,Adventure Time,8,7,600,2024-03-06 00:07:17
watch,Adventure Time,5,41,0,2022-03-13 08:03:55
watch,Adventure Time,0,7,600,2025-03-19 01:42:58
watch,Adventure Time,5,25,0,2022-03-13 08:03:55
watch,Adventure Time,10,13,600,2025-03-19 01:35:56
watch,Adventure Time,1,20,0,2022-03-13 08:03:55
watch,Adventure Time,8,19,600,2024-10-24 12:40:02
watch,Adventure Time,5,52,0,2022-03-13 08:03:55
watch,Adventure Time,5,21,0,2022-03-13 08:03:55
watch,Adventure Time,1,5,0,2022-03-13 08:03:55
watch,Adventure Time,5,32,0,2022-03-13 08:03:55
watch,Adventure Time,3,19,0,2022-03-13 08:03:55
watch,Adventure Time,6,37,600,2024-03-02 16:26:51
watch,Adventure Time,1,24,0,2022-03-13 08:03:55
watch,Adventure Time,5,3,0,2022-03-13 08:03:55
watch,Adventure Time,5,6,0,2022-03-13 08:03:55
watch,Adventure Time,8,6,600,2024-03-06 00:07:17
watch,Adventure Time,6,14,600,2024-02-29 20:26:31
watch,Adventure Time,6,15,600,2024-02-29 20:26:31
watch,Adventure Time,5,31,0,2022-03-13 08:03:55
watch,Adventure Time,4,10,0,2022-03-13 08:03:55
watch,Adventure Time,5,47,0,2022-03-13 08:03:55
watch,Adventure Time,4,13,0,2022-03-13 08:03:55
watch,Adventure Time,6,32,600,2024-03-02 16:27:09
watch,Adventure Time,4,4,0,2022-03-13 08:03:55
watch,Adventure Time,5,17,0,2022-03-13 08:03:55
watch,Adventure Time,8,2,600,2024-03-06 00:07:17
watch,Adventure Time,4,21,0,2022-03-13 08:03:55
watch,Adventure Time,1,12,0,2022-03-13 08:03:55
watch,Adventure Time,10,8,600,2025-03-19 00:20:21
watch,Adventure Time,0,6,600,2025-03-19 01:43:04
watch,Adventure Time,9,11,600,2025-03-16 16:50:47
watch,Adventure Time,7,16,600,2024-03-06 00:07:17
watch,Adventure Time,6,13,600,2024-02-29 20:26:31
watch,Adventure Time,6,18,600,2024-02-29 20:26:31
watch,Adventure Time,2,21,0,2022-03-13 08:03:55
watch,Adventure Time,6,33,600,2024-03-02 16:27:09
watch,Adventure Time,5,35,0,2022-03-13 08:03:55
watch,Adventure Time,8,26,600,2024-10-24 12:40:20
watch,Adventure Time,6,7,600,2024-02-29 20:26:31
watch,Adventure Time,8,8,600,2024-10-24 04:44:06
watch,Adventure Time,6,5,600,2024-02-29 20:26:31
watch,Adventure Time,2,24,0,2022-03-13 08:03:55
watch,Adventure Time,2,10,0,2022-03-13 08:03:55
watch,Adventure Time,6,34,600,2024-03-02 16:27:09
watch,Adventure Time,5,37,0,2022-03-13 08:03:55
watch,Adventure Time,0,10,600,2025-03-19 01:42:03
watch,Adventure Time,6,20,600,2024-02-29 20:26:31
watch,Adventure Time,4,25,0,2022-03-13 08:03:55
watch,Adventure Time,1,3,0,2022-03-13 08:03:55
watch,Adventure Time,3,8,0,2022-03-13 08:03:55
watch,Adventure Time,2,3,0,2022-03-13 08:03:55
watch,Adventure Time,4,6,0,2022-03-13 08:03:55
watch,Adventure Time,6,30,600,2024-03-02 16:27:09
watch,Adventure Time,1,22,0,2022-03-13 08:03:55
watch,Adventure Time,5,24,0,2022-03-13 08:03:55
watch,Adventure Time,10,11,600,2025-03-19 00:20:21
watch,Adventure Time,10,2,600,2025-03-19 00:20:21
watch,Adventure Time,4,19,0,2022-03-13 08:03:55
watch,Adventure Time,8,9,600,2024-10-24 04:44:09
watch,Adventure Time,2,26,0,2022-03-13 08:03:55
watch,Adventure Time,5,46,0,2022-03-13 08:03:55
watch,Adventure Time,6,19,600,2024-02-29 20:26:31
watch,Adventure Time,5,19,0,2022-03-13 08:03:55
watch,Adventure Time,9,14,600,2025-03-16 16:50:47
watch,Adventure Time,8,16,600,2024-10-24 05:37:56
watch,Adventure Time,9,1,600,2025-03-16 16:50:47
watch,Adventure Time,10,1,600,2025-03-16 16:51:11
watch,Adventure Time,6,8,600,2024-02-29 20:26:31
watch,Adventure Time,4,16,0,2022-03-13 08:03:55
watch,Adventure Time,3,21,0,2022-03-13 08:03:55
watch,Adventure Time,5,12,0,2022-03-13 08:03:55
watch,Adventure Time,7,11,600,2024-03-06 00:07:17
watch,Adventure Time,9,3,600,2025-03-16 16:50:47
watch,Adventure Time,1,17,0,2022-03-13 08:03:55
watch,Adventure Time,3,11,0,2022-03-13 08:03:55
watch,Adventure Time,4,22,0,2022-03-13 08:03:55
watch,Adventure Time,9,8,600,2025-03-16 16:50:47
watch,Adventure Time,8,25,600,2024-10-24 12:40:18
watch,Adventure Time,3,24,0,2022-03-13 08:03:55
watch,Adventure Time,2,2,0,2022-03-13 08:03:55
watch,Adventure Time,2,5,0,2022-03-13 08:03:55
watch,Adventure Time,6,24,600,2024-02-29 20:26:31
watch,Adventure Time,2,13,0,2022-03-13 08:03:55
watch,Adventure Time,7,22,600,2024-03-06 00:07:17
watch,Adventure Time,5,7,0,2022-03-13 08:03:55
watch,Adventure Time,4,9,0,2022-03-13 08:03:55
watch,Adventure Time,3,12,0,2022-03-13 08:03:55
watch,Adventure Time,5,1,0,2022-03-13 08:03:55
watch,Adventure Time,9,7,600,2025-03-16 16:50:47
watch,Adventure Time,10,5,600,2025-03-19 00:20:21
watch,Adventure Time,10,4,600,2025-03-19 00:20:21
watch,Adventure Time,10,10,600,2025-03-19 00:20:21
watch,Adventure Time,3,25,0,2022-03-13 08:03:55
watch,Adventure Time,5,27,0,2022-03-13 08:03:55
watch,Adventure Time,2,6,0,2022-03-13 08:03:55
watch,Adventure Time,8,27,600,2024-10-24 12:40:23
watch,Adventure Time,6,38,600,2024-03-02 19:34:17
watch,Adventure Time,3,14,0,2022-03-13 08:03:55
watch,Adventure Time,7,8,600,2024-03-06 00:07:17
watch,Adventure Time,9,6,600,2025-03-16 16:50:47
watch,Adventure Time,7,17,600,2024-03-06 00:07:17
watch,Adventure Time,4,17,0,2022-03-13 08:03:55
watch,Adventure Time,6,40,600,2024-03-02 19:34:21
watch,Adventure Time,1,1,0,2022-03-13 08:03:55
watch,Adventure Time,5,30,0,2022-03-13 08:03:55
watch,Adventure Time,6,36,600,2024-03-02 16:27:09
watch,Adventure Time,5,33,0,2022-03-13 08:03:55
watch,Adventure Time,1,16,0,2022-03-13 08:03:55
watch,Adventure Time,7,7,600,2024-03-06 00:07:17
watch,Adventure Time,0,16,600,2025-03-19 01:42:07
watch,Adventure Time,5,45,0,2022-03-13 08:03:55
watch,Adventure Time,1,21,0,2022-03-13 08:03:55
watch,Adventure Time,7,19,600,2024-03-06 00:07:17
watch,Adventure Time,9,13,600,2025-03-16 16:50:47
watch,Adventure Time,9,12,600,2025-03-16 16:50:47
watch,Adventure Time,6,42,600,2024-03-02 19:34:32
watch,Adventure Time,6,3,600,2024-02-29 20:24:50
watch,Adventure Time,2,18,0,2022-03-13 08:03:55
watch,Adventure Time,3,20,0,2022-03-13 08:03:55
watch,Adventure Time,5,36,0,2022-03-13 08:03:55
watch,Adventure Time,8,11,600,2024-10-24 04:44:19
watch,Adventure Time,5,29,0,2022-03-13 08:03:55
watch,Adventure Time,3,10,0,2022-03-13 08:03:55
watch,Adventure Time,6,4,600,2024-02-29 20:26:07
watch,Adventure Time,1,19,0,2022-03-13 08:03:55
watch,Adventure Time,6,35,600,2024-03-02 16:27:09
watch,Adventure Time,8,23,600,2024-10-24 12:40:15
watch,Adventure Time,5,14,0,2022-03-13 08:03:55
watch,Adventure Time,2,25,0,2022-03-13 08:03:55
watch,Adventure Time,4,11,0,2022-03-13 08:03:55
watch,Adventure Time,9,5,600,2025-03-16 16:50:47
watch,Adventure Time,9,2,600,2025-03-16 16:50:47
watch,Adventure Time,10,12,600,2025-03-19 00:20:21
watch,Adventure Time,3,26,0,2022-03-13 08:03:55
watch,Adventure Time,5,15,0,2022-03-13 08:03:55
watch,Adventure Time,1,8,0,2022-03-13 08:03:55
watch,Adventure Time,0,11,600,2025-03-19 01:42:03
watch,Adventure Time,3,4,0,2022-03-13 08:03:55
watch,Adventure Time,6,29,600,2024-03-02 16:27:09
watch,Adventure Time,2,15,0,2022-03-13 08:03:55
watch,Adventure Time,5,40,0,2022-03-13 08:03:55
watch,Adventure Time,5,20,0,2022-03-13 08:03:55
watch,Adventure Time,5,9,0,2022-03-13 08:03:55
watch,Adventure Time,5,13,0,2022-03-13 08:03:55
watch,Adventure Time,7,9,600,2024-03-06 00:07:17
watch,Adventure Time,7,2,600,2024-03-06 00:07:17
watch,Adventure Time,5,10,0,2022-03-13 08:03:55
watch,Adventure Time,0,9,600,2025-03-19 01:42:02
watch,Adventure Time,2,9,0,2022-03-13 08:03:55
watch,Adventure Time,4,20,0,2022-03-13 08:03:55
watch,Adventure Time,2,16,0,2022-03-13 08:03:55
watch,Adventure Time,7,5,600,2024-03-06 00:07:17
watch,Kim Possible,3,12,1440,2023-06-06 15:52:44
watch,Kim Possible,1,12,1440,2023-06-06 15:52:44
watch,Kim Possible,3,11,1440,2023-06-06 15:52:44
watch,Kim Possible,1,8,1440,2023-06-06 15:52:44
watch,Kim Possible,4,20,1440,2023-06-06 15:52:44
watch,Kim Possible,4,22,1440,2023-06-06 15:52:44
watch,Kim Possible,2,7,1440,2023-06-06 15:52:44
watch,Kim Possible,2,14,1440,2023-06-06 15:52:44
watch,Kim Possible,2,18,1440,2023-06-06 15:52:44
watch,Kim Possible,2,15,1440,2023-06-06 15:52:44
watch,Kim Possible,3,9,1440,2023-06-06 15:52:44
watch,Kim Possible,4,16,1440,2023-06-06 15:52:44
watch,Kim Possible,4,13,1440,2023-06-06 15:52:44
watch,Kim Possible,3,5,1440,2023-06-06 15:52:44
watch,Kim Possible,2,3,1440,2023-06-06 15:52:44
watch,Kim Possible,4,8,1440,2023-06-06 15:52:44
watch,Kim Possible,2,22,1440,2023-06-06 15:52:44
watch,Kim Possible,4,10,1440,2023-06-06 15:52:44
watch,Kim Possible,1,16,1440,2023-06-06 15:52:44
watch,Kim Possible,1,1,1440,2023-06-06 15:52:44
watch,Kim Possible,4,1,1440,2023-06-06 15:52:44
watch,Kim Possible,4,17,1440,2023-06-06 15:52:44
watch,Kim Possible,2,21,1440,2023-06-06 15:52:44
watch,Kim Possible,4,11,1440,2023-06-06 15:52:44
watch,Kim Possible,2,1,1440,2023-06-06 15:52:44
watch,Kim Possible,2,10,1440,2023-06-06 15:52:44
watch,Kim Possible,1,4,1440,2023-06-06 15:52:44
watch,Kim Possible,2,4,1440,2023-06-06 15:52:44
watch,Kim Possible,2,8,1440,2023-06-06 15:52:44
watch,Kim Possible,3,4,1440,2023-06-06 15:52:44
watch,Kim Possible,4,19,1440,2023-06-06 15:52:44
watch,Kim Possible,2,16,1440,2023-06-06 15:52:44
watch,Kim Possible,2,12,1440,2023-06-06 15:52:44
watch,Kim Possible,1,21,1440,2023-06-06 15:52:44
watch,Kim Possible,4,9,1440,2023-06-06 15:52:44
watch,Kim Possible,1,18,1440,2023-06-06 15:52:44
watch,Kim Possible,4,3,1440,2023-06-06 15:52:44
watch,Kim Possible,3,3,1440,2023-06-06 15:52:44
watch,Kim Possible,1,6,1440,2023-06-06 15:52:44
watch,Kim Possible,2,30,1440,2023-06-06 15:52:44
watch,Kim Possible,1,7,1440,2023-06-06 15:52:44
watch,Kim Possible,1,19,1440,2023-06-06 15:52:44
watch,Kim Possible,4,15,1440,2023-06-06 15:52:44
watch,Kim Possible,2,24,1440,2023-06-06 15:52:44
watch,Kim Possible,1,14,1440,2023-06-06 15:52:44
watch,Kim Possible,4,18,1440,2023-06-06 15:52:44
watch,Kim Possible,2,27,1440,2023-06-06 15:52:44
watch,Kim Possible,2,13,1440,2023-06-06 15:52:44
watch,Kim Possible,4,21,1440,2023-06-06 15:52:44
watch,Kim Possible,2,19,1440,2023-06-06 15:52:44
watch,Kim Possible,2,5,1440,2023-06-06 15:52:44
watch,Kim Possible,1,20,1440,2023-06-06 15:52:44
watch,Kim Possible,2,29,1440,2023-06-06 15:52:44
watch,Kim Possible,4,2,1440,2023-06-06 15:52:44
watch,Kim Possible,1,17,1440,2023-06-06 15:52:44
watch,Kim Possible,2,26,1440,2023-06-06 15:52:44
watch,Kim Possible,4,5,1440,2023-06-06 15:52:44
watch,Kim Possible,2,28,1440,2023-06-06 15:52:44
watch,Kim Possible,2,23,1440,2023-06-06 15:52:44
watch,Kim Possible,4,4,1440,2023-06-06 15:52:44
watch,Kim Possible,2,11,1440,2023-06-06 15:52:44
watch,Kim Possible,4,12,1440,2023-06-06 15:52:44
watch,Kim Possible,2,17,1440,2023-06-06 15:52:44
watch,Kim Possible,3,8,1440,2023-06-06 15:52:44
watch,Kim Possible,3,1,1440,2023-06-06 15:52:44
watch,Kim Possible,2,20,1440,2023-06-06 15:52:44
watch,Kim Possible,4,7,1440,2023-06-06 15:52:44
watch,Kim Possible,1,13,1440,2023-06-06 15:52:44
watch,Kim Possible,3,6,1440,2023-06-06 15:52:44
watch,Kim Possible,2,25,1440,2023-06-06 15:52:44
watch,Kim Possible,4,14,1440,2023-06-06 15:52:44
watch,Kim Possible,3,7,1440,2023-06-06 15:52:44
watch,Kim Possible,2,9,1440,2023-06-06 15:52:44
watch,Kim Possible,4,23,1440,2023-06-06 15:52:44
watch,Kim Possible,1,11,1440,2023-06-06 15:52:44
watch,Kim Possible,1,5,1440,2023-06-06 15:52:44
watch,Kim Possible,1,15,1440,2023-06-06 15:52:44
watch,Kim Possible,3,10,1440,2023-06-06 15:52:44
watch,Kim Possible,1,10,1440,2023-06-06 15:52:44
watch,Kim Possible,2,6,1440,2023-06-06 15:52:44
watch,Kim Possible,1,3,1440,2023-06-06 15:52:44
watch,Kim Possible,1,2,1440,2023-06-06 15:52:44
watch,Kim Possible,3,2,1440,2023-06-06 15:52:44
watch,Kim Possible,1,9,1440,2023-06-06 15:52:44
watch,Kim Possible,2,2,1440,2023-06-06 15:52:44
watch,Kim Possible,4,6,1440,2023-06-06 15:52:44
watch,Midnight at the Pera Palace,1,6,2640,2022-06-21 10:37:19
watch,Midnight at the Pera Palace,1,7,2640,2022-06-21 10:37:41
watch,Midnight at the Pera Palace,2,3,2580,2024-10-24 04:41:16
watch,Midnight at the Pera Palace,1,4,2700,2022-06-20 11:17:30
watch,Midnight at the Pera Palace,2,6,2580,2024-10-24 04:41:16
watch,Midnight at the Pera Palace,1,3,2700,2022-06-19 09:25:01
watch,Midnight at the Pera Palace,1,8,2640,2022-06-21 10:37:43
watch,Midnight at the Pera Palace,1,5,2700,2022-06-20 11:17:33
watch,Midnight at the Pera Palace,2,7,2580,2024-10-24 04:41:16
watch,Midnight at the Pera Palace,2,5,2580,2024-10-24 04:41:16
watch,Midnight at the Pera Palace,2,1,2580,2024-10-24 04:39:52
watch,Midnight at the Pera Palace,2,4,2580,2024-10-24 04:41:16
watch,Midnight at the Pera Palace,2,8,2580,2024-10-24 04:39:51
watch,Midnight at the Pera Palace,1,2,2700,2022-06-19 09:24:55
watch,Midnight at the Pera Palace,1,1,2700,2022-06-19 09:24:52
watch,Midnight at the Pera Palace,2,2,2580,2024-10-24 04:41:16
watch,Al Daheeh,10,78,1320,2026-01-23 00:28:58
watch,Al Daheeh,7,50,1260,2025-05-24 11:10:20
watch,Al Daheeh,10,84,1320,2026-01-23 00:29:06
watch,Al Daheeh,7,18,1260,2025-05-24 11:09:30
watch,Al Daheeh,8,48,1260,2025-05-24 11:09:20
watch,Al Daheeh,8,49,1260,2025-05-24 11:09:27
watch,Al Daheeh,3,9,1020,2023-06-01 15:50:53
watch,Al Daheeh,4,7,1260,2025-05-24 11:11:06
watch,Al Daheeh,9,19,1260,2025-05-24 11:06:26
watch,Al Daheeh,9,13,1260,2025-05-24 11:06:18
watch,Al Daheeh,8,13,1260,2025-05-24 11:07:45
watch,Al Daheeh,4,1,1260,2025-05-24 11:11:00
watch,Al Daheeh,10,98,1320,2026-01-23 00:29:29
watch,Al Daheeh,9,50,1260,2025-05-24 11:07:21
watch,Al Daheeh,8,28,1260,2025-05-24 11:08:09
watch,Al Daheeh,8,1,1260,2025-05-24 11:07:32
watch,Al Daheeh,8,26,1260,2025-05-24 11:08:02
watch,Al Daheeh,7,28,1260,2025-05-24 11:09:57
watch,Al Daheeh,10,8,1320,2026-01-23 00:26:31
watch,Al Daheeh,2,29,1260,2025-05-24 11:03:47
watch,Al Daheeh,10,94,1320,2026-01-23 00:29:21
watch,Al Daheeh,9,1,1260,2025-05-24 11:05:47
watch,Al Daheeh,9,9,1260,2025-05-24 11:06:04
watch,Al Daheeh,8,47,1260,2025-05-24 11:09:20
watch,Al Daheeh,3,7,1020,2023-06-01 15:50:42
watch,Al Daheeh,10,15,1320,2026-01-23 00:26:45
watch,Al Daheeh,7,35,1260,2025-05-24 11:10:04
watch,Al Daheeh,10,56,1320,2026-01-23 00:28:24
watch,Al Daheeh,10,7,1320,2026-01-23 00:26:30
watch,Al Daheeh,7,25,1260,2025-05-24 11:09:57
watch,Al Daheeh,2,28,1260,2025-05-24 11:03:47
watch,Al Daheeh,3,101,1020,2023-06-01 15:52:46
watch,Al Daheeh,8,36,1260,2025-05-24 11:08:25
watch,Al Daheeh,10,29,1260,2025-05-24 11:04:48
watch,Al Daheeh,3,60,1020,2023-06-01 15:52:10
watch,Al Daheeh,9,38,1260,2025-05-24 11:07:08
watch,Al Daheeh,10,113,1320,2026-01-23 00:29:51
watch,Al Daheeh,9,34,1260,2025-05-24 11:07:03
watch,Al Daheeh,9,8,1260,2025-05-24 11:06:03
watch,Al Daheeh,9,26,1260,2025-05-24 11:06:48
watch,Al Daheeh,10,26,1260,2025-05-24 11:04:55
watch,Al Daheeh,8,9,1260,2025-05-24 11:07:42
watch,Al Daheeh,10,101,1320,2026-01-23 00:29:33
watch,Al Daheeh,1,27,1260,2025-05-24 11:02:49
watch,Al Daheeh,4,15,1260,2025-05-24 11:11:23
watch,Al Daheeh,9,12,1260,2025-05-24 11:06:14
watch,Al Daheeh,10,91,1320,2026-01-23 00:29:19
watch,Al Daheeh,10,24,1260,2025-05-24 11:04:58
watch,Al Daheeh,10,108,1320,2026-01-23 00:29:45
watch,Al Daheeh,8,8,1260,2025-05-24 11:07:40
watch,Al Daheeh,1,11,1260,2025-05-24 11:02:19
watch,Al Daheeh,8,27,1260,2025-05-24 11:08:04
watch,Al Daheeh,8,4,1260,2025-05-24 11:07:35
watch,Al Daheeh,7,44,1260,2025-05-24 11:10:08
watch,Al Daheeh,8,2,1260,2025-05-24 11:07:32
watch,Al Daheeh,10,9,1260,2025-05-24 11:05:32
watch,Al Daheeh,9,7,1260,2025-05-24 11:06:01
watch,Al Daheeh,9,33,1260,2025-05-24 11:07:00
watch,Al Daheeh,7,41,1260,2025-05-24 11:10:03
watch,Al Daheeh,1,24,1260,2025-05-24 11:02:44
watch,Al Daheeh,1,4,1020,2023-06-01 15:48:49
watch,Al Daheeh,10,107,1320,2026-01-23 00:29:39
watch,Al Daheeh,10,32,1320,2026-01-23 00:27:51
watch,Al Daheeh,10,85,1320,2026-01-23 00:29:11
watch,Al Daheeh,7,55,1260,2025-05-24 11:10:36
watch,Al Daheeh,3,5,1320,2026-01-23 00:26:06
watch,Al Daheeh,10,41,1320,2026-01-23 00:28:02
watch,Al Daheeh,8,22,1260,2025-05-24 11:07:56
watch,Al Daheeh,3,10,1020,2023-06-01 15:50:59
watch,Al Daheeh,9,14,1260,2025-05-24 11:06:19
watch,Al Daheeh,7,26,1260,2025-05-24 11:10:03
watch,Al Daheeh,7,3,1260,2025-05-24 11:09:27
watch,Al Daheeh,8,15,1260,2025-05-24 11:07:49
watch,Al Daheeh,10,111,1320,2026-01-23 00:29:45
watch,Al Daheeh,10,31,1260,2025-05-24 11:04:38
watch,Al Daheeh,8,7,1260,2025-05-24 11:07:39
watch,Al Daheeh,10,37,1320,2026-01-23 00:27:55
watch,Al Daheeh,7,12,1260,2025-05-24 11:09:29
watch,Al Daheeh,8,33,1260,2025-05-24 11:08:16
watch,Al Daheeh,8,6,1260,2025-05-24 11:07:37
watch,Al Daheeh,9,27,1260,2025-05-24 11:06:50
watch,Al Daheeh,9,2,1260,2025-05-24 11:05:51
watch,Al Daheeh,10,97,1320,2026-01-23 00:29:27
watch,Al Daheeh,9,28,1260,2025-05-24 11:06:54
watch,Al Daheeh,7,16,1260,2025-05-24 11:09:29
watch,Al Daheeh,9,49,1260,2025-05-24 11:07:21
watch,Al Daheeh,10,100,1320,2026-01-23 00:29:31
watch,Al Daheeh,9,10,1260,2025-05-24 11:06:07
watch,Al Daheeh,7,10,1260,2025-05-24 11:09:27
watch,Al Daheeh,2,30,1020,2023-06-01 15:50:00
watch,Al Daheeh,8,41,1260,2025-05-24 11:08:36
watch,Al Daheeh,9,4,1260,2025-05-24 11:05:55
watch,Al Daheeh,10,96,1320,2026-01-23 00:29:25
watch,Money Heist,2,14,3900,2022-03-05 09:20:32
watch,Money Heist,2,5,3900,2022-03-05 09:20:29
watch,Money Heist,1,3,3900,2022-03-05 09:20:20
watch,Money Heist,2,11,3900,2022-03-05 09:20:32
watch,Money Heist,3,4,3900,2022-03-05 09:20:35
watch,Money Heist,1,11,3900,2022-03-05 09:20:26
watch,Money Heist,2,6,3900,2022-03-05 09:20:29
watch,Money Heist,2,1,3900,2022-03-05 09:20:29
watch,Money Heist,3,5,3900,2022-03-05 09:20:35
watch,Money Heist,2,16,3900,2022-03-05 09:20:32
watch,Money Heist,2,8,3900,2022-03-05 09:20:29
watch,Money Heist,2,9,3900,2022-03-05 09:20:32
watch,Money Heist,1,12,3900,2022-03-05 09:20:26
watch,Money Heist,3,6,3900,2022-03-05 09:20:35
watch,Money Heist,3,8,3900,2022-03-05 09:20:35
watch,Money Heist,2,15,3900,2022-03-05 09:20:32
watch,Money Heist,1,5,3900,2022-03-05 09:20:20
watch,Money Heist,3,7,3900,2022-03-05 09:20:35
watch,Money Heist,3,1,3900,2022-03-05 09:20:35
watch,Money Heist,1,15,3900,2022-03-05 09:20:26
watch,Money Heist,1,1,3900,2022-03-05 09:20:20
watch,Money Heist,1,6,3900,2022-03-05 09:20:20
watch,Money Heist,2,12,3900,2022-03-05 09:20:32
watch,Money Heist,2,13,3900,2022-03-05 09:20:32
watch,Money Heist,3,10,3900,2022-03-05 09:20:35
watch,Money Heist,1,2,3900,2022-03-05 09:20:20
watch,Money Heist,1,7,3900,2022-03-05 09:20:20
watch,Money Heist,2,4,3900,2022-03-05 09:20:29
watch,Money Heist,3,9,3900,2022-03-05 09:20:35
watch,Money Heist,3,2,3900,2022-03-05 09:20:35
watch,Money Heist,1,10,3900,2022-03-05 09:20:26
watch,Money Heist,3,3,3900,2022-03-05 09:20:35
watch,Money Heist,1,14,3900,2022-03-05 09:20:26
watch,Money Heist,1,13,3900,2022-03-05 09:20:26
watch,Money Heist,1,4,3900,2022-03-05 09:20:20
watch,Money Heist,1,8,3900,2022-03-05 09:20:20
watch,Money Heist,1,9,3900,2022-03-05 09:20:20
watch,Money Heist,2,10,3900,2022-03-05 09:20:32
watch,Money Heist,2,2,3900,2022-03-05 09:20:29
watch,Money Heist,2,7,3900,2022-03-05 09:20:29
watch,Money Heist,2,3,3900,2022-03-05 09:20:29
